ISO-10303-21;
HEADER;
FILE_DESCRIPTION(('CAx-IF Rec.Pracs.---Model Styling and Organization---1.5---2016-08-15','CAx-IF Rec.Pracs.---Geometric and Assembly Validation Properties---4.4---2016-08-17','CAx-IF Rec.Pracs.---User Defined Attributes---1.5---2016-08-15','CAx-IF Rec.Pracs.---External References---2.1---2005-01-19'),'2;1');
FILE_NAME('933143.step','2026-07-24T07:48:48',('Unspecified'),('Unspecified'),'CAD Exchanger 3.10.2 (cadexchanger.com)','Unspecified','');
FILE_SCHEMA(('AUTOMOTIVE_DESIGN { 1 0 10303 214 1 1 1 1 }'));
ENDSEC;
DATA;
#1=APPLICATION_CONTEXT('core data for automotive mechanical design processes');
#2=APPLICATION_PROTOCOL_DEFINITION('international standard','automotive_design',2000,#1);
#3=PRODUCT_CONTEXT('',#1,'mechanical');
#4=PRODUCT('EVQP46B3M','EVQP46B3M',$,(#3));
#5=PRODUCT_DEFINITION_FORMATION('',$,#4);
#6=PRODUCT_DEFINITION_CONTEXT('part definition',#1,'design');
#7=PRODUCT_DEFINITION('design',$,#5,#6);
#8=PRODUCT_DEFINITION_SHAPE('',$,#7);
#9=MANIFOLD_SOLID_BREP('1',#10);
#10=CLOSED_SHELL('NONE',(#11,#53,#95,#137,#179,#219,#267,#307,#338,#458,#498,#562,#676,#711,#751,#827,#881,#953,#1025,#1121,#1161,#1185,#1225,#1248,#1278,#1295,#1397,#1428,#1488,#1507,#1547,#1578,#1594,#1627,#1669,#1701,#1732,#1756,#1819,#1902,#1944,#1961,#1992,#2047,#2078,#2128,#2163,#2187,#2210,#2244,#2286,#2328,#2366,#2397,#2433,#2450,#2467,#2548,#2596,#2634,#2659,#2696,#2721,#2758,#2787,#2833,#2858,#2895,#2920,#2957,#2974,#3005,#3022,#3047,#3064,#3088,#3116,#3141,#3158,#3198,#3220,#3253,#3284,#3315,#3346,#3377,#3410,#3449,#3490,#3514,#3564,#3595,#3629,#3669,#3700,#3731,#3764,#3795,#3826,#3859,#3890,#3928,#3978,#4002,#4027,#4055,#4072,#4103,#4128,#4153,#4178,#4202,#4227,#4251,#4276,#4300,#4325,#4349,#4374,#4398,#4423,#4440,#4458,#4534,#4573,#4608,#4643,#4670,#4694,#4718,#4744,#4761,#4802,#4826,#4852,#4876,#4893,#4927,#4958,#4994,#5063,#5097,#5123,#5150,#5274,#5291,#5315,#5339,#5363,#5387,#5411,#5436,#5460,#5487,#5510,#5532,#5561,#5585,#5620,#5643,#5669,#5693,#5717,#5741,#5765,#5782,#5799,#5831,#5855,#5880,#5904,#5929,#5953,#5978,#6002,#6027,#6051,#6069,#6086,#6103,#6303,#6327,#6346,#6363,#6381,#6423,#6439,#6487,#6512,#6561,#6585,#6609,#6644,#6676,#6700,#6725,#6749,#6774,#6795,#6826,#6866,#6892,#6916,#6941,#6965,#6990,#7021,#7052,#7076,#7094,#7118,#7145,#7178,#7203,#7228,#7277,#7317,#7387,#7411,#7435,#7452,#7483,#7507,#7570,#7602,#7625,#7657,#7676,#7702,#7727,#7744,#7775,#7799,#7823,#7840,#7899,#7960,#7997,#8022,#8054,#8085,#8116,#8153,#8184,#8208,#8232,#8256,#8280,#8297,#8328,#8368,#8400,#8439,#8470,#8487,#8518,#8542,#8566,#8597,#8621,#8650,#8674,#8691,#8708,#8739,#8764,#8788,#8806,#8830,#8854,#8871,#8892,#8916,#8940,#8957,#8997,#9049,#9080,#9120,#9144,#9170,#9196,#9243,#9268,#9284));
#11=ADVANCED_FACE('NONE',(#12),#48,.F.);
#12=FACE_BOUND('NONE',#13,.T.);
#13=EDGE_LOOP('',(#14,#25,#33,#42));
#14=ORIENTED_EDGE('',*,*,#15,.T.);
#15=EDGE_CURVE('NONE',#16,#18,#20,.T.);
#16=VERTEX_POINT('NONE',#17);
#17=CARTESIAN_POINT('',(0.724784451,0.4,-2.919759197));
#18=VERTEX_POINT('NONE',#19);
#19=CARTESIAN_POINT('',(0.618718434,0.4,-2.96369318));
#20=CIRCLE('',#21,0.15);
#21=AXIS2_PLACEMENT_3D('',#22,#23,#24);
#22=CARTESIAN_POINT('',(0.618718434,0.4,-2.81369318));
#23=DIRECTION('',(0.0,1.0,0.0));
#24=DIRECTION('',(-4.33680869E-15,0.0,-1.0));
#25=ORIENTED_EDGE('',*,*,#26,.T.);
#26=EDGE_CURVE('NONE',#18,#27,#29,.T.);
#27=VERTEX_POINT('NONE',#28);
#28=CARTESIAN_POINT('',(0.618718434,-0.9,-2.96369318));
#29=LINE('',#30,#31);
#30=CARTESIAN_POINT('',(0.618718434,0.4,-2.96369318));
#31=VECTOR('',#32,1.0);
#32=DIRECTION('',(0.0,-1.0,0.0));
#33=ORIENTED_EDGE('',*,*,#34,.T.);
#34=EDGE_CURVE('NONE',#27,#35,#37,.T.);
#35=VERTEX_POINT('NONE',#36);
#36=CARTESIAN_POINT('',(0.724784451,-0.9,-2.919759197));
#37=CIRCLE('',#38,0.15);
#38=AXIS2_PLACEMENT_3D('',#39,#40,#41);
#39=CARTESIAN_POINT('',(0.618718434,-0.9,-2.81369318));
#40=DIRECTION('',(0.0,-1.0,0.0));
#41=DIRECTION('',(0.0,0.0,-1.0));
#42=ORIENTED_EDGE('',*,*,#43,.T.);
#43=EDGE_CURVE('NONE',#35,#16,#44,.T.);
#44=LINE('',#45,#46);
#45=CARTESIAN_POINT('',(0.724784451,-0.25,-2.919759197));
#46=VECTOR('',#47,1.0);
#47=DIRECTION('',(0.0,1.0,0.0));
#48=CYLINDRICAL_SURFACE('',#49,0.15);
#49=AXIS2_PLACEMENT_3D('',#50,#51,#52);
#50=CARTESIAN_POINT('',(0.618718434,0.4,-2.81369318));
#51=DIRECTION('',(0.0,-1.0,0.0));
#52=DIRECTION('',(0.0,0.0,-1.0));
#53=ADVANCED_FACE('NONE',(#54),#90,.F.);
#54=FACE_BOUND('NONE',#55,.T.);
#55=EDGE_LOOP('',(#56,#67,#75,#84));
#56=ORIENTED_EDGE('',*,*,#57,.T.);
#57=EDGE_CURVE('NONE',#58,#60,#62,.T.);
#58=VERTEX_POINT('NONE',#59);
#59=CARTESIAN_POINT('',(0.793725393,1.5,-0.8));
#60=VERTEX_POINT('NONE',#61);
#61=CARTESIAN_POINT('',(0.0,1.5,-0.5));
#62=CIRCLE('',#63,1.2);
#63=AXIS2_PLACEMENT_3D('',#64,#65,#66);
#64=CARTESIAN_POINT('',(0.0,1.5,-1.7));
#65=DIRECTION('',(0.0,-1.0,0.0));
#66=DIRECTION('',(-3.552713679E-15,0.0,1.0));
#67=ORIENTED_EDGE('',*,*,#68,.T.);
#68=EDGE_CURVE('NONE',#60,#69,#71,.T.);
#69=VERTEX_POINT('NONE',#70);
#70=CARTESIAN_POINT('',(0.0,1.65,-0.5));
#71=LINE('',#72,#73);
#72=CARTESIAN_POINT('',(0.0,1.5,-0.5));
#73=VECTOR('',#74,1.0);
#74=DIRECTION('',(0.0,1.0,0.0));
#75=ORIENTED_EDGE('',*,*,#76,.T.);
#76=EDGE_CURVE('NONE',#69,#77,#79,.T.);
#77=VERTEX_POINT('NONE',#78);
#78=CARTESIAN_POINT('',(0.793725394,1.65,-0.800000001));
#79=CIRCLE('',#80,1.2);
#80=AXIS2_PLACEMENT_3D('',#81,#82,#83);
#81=CARTESIAN_POINT('',(0.0,1.65,-1.7));
#82=DIRECTION('',(0.0,1.0,0.0));
#83=DIRECTION('',(0.0,0.0,1.0));
#84=ORIENTED_EDGE('',*,*,#85,.T.);
#85=EDGE_CURVE('NONE',#77,#58,#86,.T.);
#86=LINE('',#87,#88);
#87=CARTESIAN_POINT('',(0.793725393,1.575,-0.8));
#88=VECTOR('',#89,1.0);
#89=DIRECTION('',(0.0,-1.0,0.0));
#90=CYLINDRICAL_SURFACE('',#91,1.2);
#91=AXIS2_PLACEMENT_3D('',#92,#93,#94);
#92=CARTESIAN_POINT('',(0.0,1.5,-1.7));
#93=DIRECTION('',(0.0,1.0,0.0));
#94=DIRECTION('',(0.0,0.0,1.0));
#95=ADVANCED_FACE('NONE',(#96),#132,.T.);
#96=FACE_BOUND('NONE',#97,.T.);
#97=EDGE_LOOP('',(#98,#109,#117,#126));
#98=ORIENTED_EDGE('',*,*,#99,.T.);
#99=EDGE_CURVE('NONE',#100,#102,#104,.F.);
#100=VERTEX_POINT('NONE',#101);
#101=CARTESIAN_POINT('',(-0.6,2.0,-2.5));
#102=VERTEX_POINT('NONE',#103);
#103=CARTESIAN_POINT('',(-8.979362843E-11,2.0,-2.7));
#104=CIRCLE('',#105,1.0);
#105=AXIS2_PLACEMENT_3D('',#106,#107,#108);
#106=CARTESIAN_POINT('',(0.0,2.0,-1.7));
#107=DIRECTION('',(0.0,1.0,0.0));
#108=DIRECTION('',(0.0,0.0,-1.0));
#109=ORIENTED_EDGE('',*,*,#110,.T.);
#110=EDGE_CURVE('NONE',#102,#111,#113,.T.);
#111=VERTEX_POINT('NONE',#112);
#112=CARTESIAN_POINT('',(0.0,1.5,-2.7));
#113=LINE('',#114,#115);
#114=CARTESIAN_POINT('',(0.0,2.0,-2.7));
#115=VECTOR('',#116,1.0);
#116=DIRECTION('',(0.0,-1.0,0.0));
#117=ORIENTED_EDGE('',*,*,#118,.T.);
#118=EDGE_CURVE('NONE',#111,#119,#121,.T.);
#119=VERTEX_POINT('NONE',#120);
#120=CARTESIAN_POINT('',(-0.6,1.5,-2.5));
#121=CIRCLE('',#122,1.0);
#122=AXIS2_PLACEMENT_3D('',#123,#124,#125);
#123=CARTESIAN_POINT('',(0.0,1.5,-1.7));
#124=DIRECTION('',(0.0,1.0,0.0));
#125=DIRECTION('',(0.0,0.0,-1.0));
#126=ORIENTED_EDGE('',*,*,#127,.T.);
#127=EDGE_CURVE('NONE',#119,#100,#128,.F.);
#128=LINE('',#129,#130);
#129=CARTESIAN_POINT('',(-0.6,1.75,-2.5));
#130=VECTOR('',#131,1.0);
#131=DIRECTION('',(0.0,-1.0,0.0));
#132=CYLINDRICAL_SURFACE('',#133,1.0);
#133=AXIS2_PLACEMENT_3D('',#134,#135,#136);
#134=CARTESIAN_POINT('',(0.0,2.0,-1.7));
#135=DIRECTION('',(0.0,-1.0,0.0));
#136=DIRECTION('',(0.0,0.0,-1.0));
#137=ADVANCED_FACE('NONE',(#138),#174,.T.);
#138=FACE_BOUND('NONE',#139,.T.);
#139=EDGE_LOOP('',(#140,#151,#159,#168));
#140=ORIENTED_EDGE('',*,*,#141,.T.);
#141=EDGE_CURVE('NONE',#142,#144,#146,.F.);
#142=VERTEX_POINT('NONE',#143);
#143=CARTESIAN_POINT('',(-2.284882504,0.379550945,-1.05));
#144=VERTEX_POINT('NONE',#145);
#145=CARTESIAN_POINT('',(-2.3,0.18,-0.849877242));
#146=CIRCLE('',#147,0.200122758);
#147=AXIS2_PLACEMENT_3D('',#148,#149,#150);
#148=CARTESIAN_POINT('',(-2.284882504,0.379550944,-0.849877242));
#149=DIRECTION('',(0.997142688,-0.075541113,0.0));
#150=DIRECTION('',(-0.075541113,-0.997142688,0.0));
#151=ORIENTED_EDGE('',*,*,#152,.T.);
#152=EDGE_CURVE('NONE',#144,#153,#155,.T.);
#153=VERTEX_POINT('NONE',#154);
#154=CARTESIAN_POINT('',(-2.449571403,0.191331167,-0.849877242));
#155=LINE('',#156,#157);
#156=CARTESIAN_POINT('',(-2.3,0.18,-0.849877242));
#157=VECTOR('',#158,1.0);
#158=DIRECTION('',(-0.997142688,0.075541113,0.0));
#159=ORIENTED_EDGE('',*,*,#160,.T.);
#160=EDGE_CURVE('NONE',#153,#161,#163,.F.);
#161=VERTEX_POINT('NONE',#162);
#162=CARTESIAN_POINT('',(-2.434453907,0.390882111,-1.05));
#163=CIRCLE('',#164,0.200122758);
#164=AXIS2_PLACEMENT_3D('',#165,#166,#167);
#165=CARTESIAN_POINT('',(-2.434453907,0.390882111,-0.849877242));
#166=DIRECTION('',(-0.997142688,0.075541113,0.0));
#167=DIRECTION('',(-0.075541113,-0.997142688,0.0));
#168=ORIENTED_EDGE('',*,*,#169,.T.);
#169=EDGE_CURVE('NONE',#161,#142,#170,.F.);
#170=LINE('',#171,#172);
#171=CARTESIAN_POINT('',(-2.359668206,0.385216528,-1.05));
#172=VECTOR('',#173,1.0);
#173=DIRECTION('',(-0.997142688,0.075541113,7.044451837E-10));
#174=CYLINDRICAL_SURFACE('',#175,0.200122758);
#175=AXIS2_PLACEMENT_3D('',#176,#177,#178);
#176=CARTESIAN_POINT('',(-2.284882504,0.379550944,-0.849877242));
#177=DIRECTION('',(-0.997142688,0.075541113,0.0));
#178=DIRECTION('',(-0.075541113,-0.997142688,0.0));
#179=ADVANCED_FACE('NONE',(#180),#214,.F.);
#180=FACE_BOUND('NONE',#181,.T.);
#181=EDGE_LOOP('',(#182,#192,#200,#208));
#182=ORIENTED_EDGE('',*,*,#183,.T.);
#183=EDGE_CURVE('NONE',#184,#186,#188,.T.);
#184=VERTEX_POINT('NONE',#185);
#185=CARTESIAN_POINT('',(-0.448528138,2.710505431E-17,-2.1));
#186=VERTEX_POINT('NONE',#187);
#187=CARTESIAN_POINT('',(-0.448528138,0.05,-2.1));
#188=LINE('',#189,#190);
#189=CARTESIAN_POINT('',(-0.448528138,0.5,-2.1));
#190=VECTOR('',#191,1.0);
#191=DIRECTION('',(0.0,1.0,0.0));
#192=ORIENTED_EDGE('',*,*,#193,.T.);
#193=EDGE_CURVE('NONE',#186,#194,#196,.F.);
#194=VERTEX_POINT('NONE',#195);
#195=CARTESIAN_POINT('',(-1.748528137,0.05,-0.8));
#196=LINE('',#197,#198);
#197=CARTESIAN_POINT('',(-1.748528138,0.05,-0.8));
#198=VECTOR('',#199,1.0);
#199=DIRECTION('',(0.707106781,0.0,-0.707106781));
#200=ORIENTED_EDGE('',*,*,#201,.T.);
#201=EDGE_CURVE('NONE',#194,#202,#204,.T.);
#202=VERTEX_POINT('NONE',#203);
#203=CARTESIAN_POINT('',(-1.448528137,-3.981054852E-16,-1.1));
#204=LINE('',#205,#206);
#205=CARTESIAN_POINT('',(-1.748528137,0.05,-0.8));
#206=VECTOR('',#207,1.0);
#207=DIRECTION('',(0.702246883,-0.117041147,-0.702246883));
#208=ORIENTED_EDGE('',*,*,#209,.T.);
#209=EDGE_CURVE('NONE',#202,#184,#210,.T.);
#210=LINE('',#211,#212);
#211=CARTESIAN_POINT('',(-0.448528137,0.0,-2.1));
#212=VECTOR('',#213,1.0);
#213=DIRECTION('',(0.707106781,0.0,-0.707106781));
#214=PLANE('',#215);
#215=AXIS2_PLACEMENT_3D('',#216,#217,#218);
#216=CARTESIAN_POINT('',(-0.448528137,0.0,-2.1));
#217=DIRECTION('',(-0.707106781,0.0,-0.707106781));
#218=DIRECTION('',(-0.707106781,0.0,0.707106781));
#219=ADVANCED_FACE('NONE',(#220),#262,.T.);
#220=FACE_BOUND('NONE',#221,.T.);
#221=EDGE_LOOP('',(#222,#232,#241,#249,#255,#256));
#222=ORIENTED_EDGE('',*,*,#223,.T.);
#223=EDGE_CURVE('NONE',#224,#226,#228,.T.);
#224=VERTEX_POINT('NONE',#225);
#225=CARTESIAN_POINT('',(-0.307106781,0.05,-2.1));
#226=VERTEX_POINT('NONE',#227);
#227=CARTESIAN_POINT('',(-1.219759198,0.05,-1.187347584));
#228=LINE('',#229,#230);
#229=CARTESIAN_POINT('',(-0.353553391,0.05,-2.053553391));
#230=VECTOR('',#231,1.0);
#231=DIRECTION('',(-0.707106781,0.0,0.707106781));
#232=ORIENTED_EDGE('',*,*,#233,.T.);
#233=EDGE_CURVE('NONE',#226,#234,#236,.F.);
#234=VERTEX_POINT('NONE',#235);
#235=CARTESIAN_POINT('',(-1.219759198,0.05,-0.975215549));
#236=CIRCLE('',#237,0.15);
#237=AXIS2_PLACEMENT_3D('',#238,#239,#240);
#238=CARTESIAN_POINT('',(-1.11369318,0.05,-1.081281566));
#239=DIRECTION('',(0.0,-1.0,0.0));
#240=DIRECTION('',(0.0,0.0,-1.0));
#241=ORIENTED_EDGE('',*,*,#242,.T.);
#242=EDGE_CURVE('NONE',#234,#243,#245,.T.);
#243=VERTEX_POINT('NONE',#244);
#244=CARTESIAN_POINT('',(-1.044543649,0.05,-0.8));
#245=LINE('',#246,#247);
#246=CARTESIAN_POINT('',(-0.972271824,0.05,-0.727728175));
#247=VECTOR('',#248,1.0);
#248=DIRECTION('',(0.707106781,0.0,0.707106781));
#249=ORIENTED_EDGE('',*,*,#250,.T.);
#250=EDGE_CURVE('NONE',#243,#194,#251,.T.);
#251=LINE('',#252,#253);
#252=CARTESIAN_POINT('',(0.0,0.05,-0.8));
#253=VECTOR('',#254,1.0);
#254=DIRECTION('',(-1.0,0.0,0.0));
#255=ORIENTED_EDGE('',*,*,#193,.F.);
#256=ORIENTED_EDGE('',*,*,#257,.T.);
#257=EDGE_CURVE('NONE',#186,#224,#258,.T.);
#258=LINE('',#259,#260);
#259=CARTESIAN_POINT('',(-1.711887253,0.05,-2.1));
#260=VECTOR('',#261,1.0);
#261=DIRECTION('',(1.0,0.0,0.0));
#262=PLANE('',#263);
#263=AXIS2_PLACEMENT_3D('',#264,#265,#266);
#264=CARTESIAN_POINT('',(-1.757176666,0.05,-0.8));
#265=DIRECTION('',(0.0,-1.0,0.0));
#266=DIRECTION('',(0.0,0.0,-1.0));
#267=ADVANCED_FACE('NONE',(#268),#302,.F.);
#268=FACE_BOUND('NONE',#269,.T.);
#269=EDGE_LOOP('',(#270,#280,#288,#296));
#270=ORIENTED_EDGE('',*,*,#271,.T.);
#271=EDGE_CURVE('NONE',#272,#274,#276,.T.);
#272=VERTEX_POINT('NONE',#273);
#273=CARTESIAN_POINT('',(1.248528137,0.05,-2.1));
#274=VERTEX_POINT('NONE',#275);
#275=CARTESIAN_POINT('',(1.248528137,0.0,-2.1));
#276=LINE('',#277,#278);
#277=CARTESIAN_POINT('',(1.248528137,0.5,-2.1));
#278=VECTOR('',#279,1.0);
#279=DIRECTION('',(0.0,-1.0,0.0));
#280=ORIENTED_EDGE('',*,*,#281,.T.);
#281=EDGE_CURVE('NONE',#274,#282,#284,.T.);
#282=VERTEX_POINT('NONE',#283);
#283=CARTESIAN_POINT('',(0.248528137,-1.157928422E-16,-1.1));
#284=LINE('',#285,#286);
#285=CARTESIAN_POINT('',(-0.059271863,0.0,-0.7922));
#286=VECTOR('',#287,1.0);
#287=DIRECTION('',(-0.707106781,0.0,0.707106781));
#288=ORIENTED_EDGE('',*,*,#289,.T.);
#289=EDGE_CURVE('NONE',#282,#290,#292,.T.);
#290=VERTEX_POINT('NONE',#291);
#291=CARTESIAN_POINT('',(-0.051471862,0.05,-0.800000001));
#292=LINE('',#293,#294);
#293=CARTESIAN_POINT('',(0.248528137,0.0,-1.1));
#294=VECTOR('',#295,1.0);
#295=DIRECTION('',(-0.702246883,0.117041148,0.702246883));
#296=ORIENTED_EDGE('',*,*,#297,.T.);
#297=EDGE_CURVE('NONE',#290,#272,#298,.F.);
#298=LINE('',#299,#300);
#299=CARTESIAN_POINT('',(1.248528138,0.05,-2.1));
#300=VECTOR('',#301,1.0);
#301=DIRECTION('',(-0.707106781,0.0,0.707106781));
#302=PLANE('',#303);
#303=AXIS2_PLACEMENT_3D('',#304,#305,#306);
#304=CARTESIAN_POINT('',(-0.059271863,0.0,-0.7922));
#305=DIRECTION('',(0.707106781,0.0,0.707106781));
#306=DIRECTION('',(0.707106781,0.0,-0.707106781));
#307=ADVANCED_FACE('NONE',(#308),#333,.T.);
#308=FACE_BOUND('NONE',#309,.T.);
#309=EDGE_LOOP('',(#310,#311,#319,#327));
#310=ORIENTED_EDGE('',*,*,#297,.F.);
#311=ORIENTED_EDGE('',*,*,#312,.T.);
#312=EDGE_CURVE('NONE',#290,#313,#315,.T.);
#313=VERTEX_POINT('NONE',#314);
#314=CARTESIAN_POINT('',(-0.192893219,0.05,-0.799999999));
#315=LINE('',#316,#317);
#316=CARTESIAN_POINT('',(0.0,0.05,-0.8));
#317=VECTOR('',#318,1.0);
#318=DIRECTION('',(-1.0,0.0,0.0));
#319=ORIENTED_EDGE('',*,*,#320,.T.);
#320=EDGE_CURVE('NONE',#313,#321,#323,.T.);
#321=VERTEX_POINT('NONE',#322);
#322=CARTESIAN_POINT('',(1.107106781,0.05,-2.1));
#323=LINE('',#324,#325);
#324=CARTESIAN_POINT('',(0.353553391,0.05,-1.346446609));
#325=VECTOR('',#326,1.0);
#326=DIRECTION('',(0.707106781,0.0,-0.707106781));
#327=ORIENTED_EDGE('',*,*,#328,.T.);
#328=EDGE_CURVE('NONE',#321,#272,#329,.T.);
#329=LINE('',#330,#331);
#330=CARTESIAN_POINT('',(2.109487253,0.05,-2.1));
#331=VECTOR('',#332,1.0);
#332=DIRECTION('',(1.0,0.0,0.0));
#333=PLANE('',#334);
#334=AXIS2_PLACEMENT_3D('',#335,#336,#337);
#335=CARTESIAN_POINT('',(-0.201541747,0.05,-0.8));
#336=DIRECTION('',(0.0,-1.0,0.0));
#337=DIRECTION('',(0.0,0.0,-1.0));
#338=ADVANCED_FACE('NONE',(#339),#453,.F.);
#339=FACE_BOUND('NONE',#340,.T.);
#340=EDGE_LOOP('',(#341,#351,#360,#366,#367,#375,#383,#391,#399,#407,#415,#423,#431,#439,#447));
#341=ORIENTED_EDGE('',*,*,#342,.T.);
#342=EDGE_CURVE('NONE',#343,#345,#347,.F.);
#343=VERTEX_POINT('NONE',#344);
#344=CARTESIAN_POINT('',(1.219759198,0.4,-2.212652416));
#345=VERTEX_POINT('NONE',#346);
#346=CARTESIAN_POINT('',(1.219759198,-0.858891458,-2.212652416));
#347=LINE('',#348,#349);
#348=CARTESIAN_POINT('',(1.219759197,-0.25,-2.212652417));
#349=VECTOR('',#350,1.0);
#350=DIRECTION('',(0.0,1.0,0.0));
#351=ORIENTED_EDGE('',*,*,#352,.T.);
#352=EDGE_CURVE('NONE',#345,#353,#355,.T.);
#353=VERTEX_POINT('NONE',#354);
#354=CARTESIAN_POINT('',(1.107106781,-0.65,-2.1));
#355=(BOUNDED_CURVE()B_SPLINE_CURVE(3,(#356,#357,#358,#359),.UNSPECIFIED.,.F.,.U.)B_SPLINE_CURVE_WITH_KNOTS((4,4),(2.152430747,3.141592653),.PIECEWISE_BEZIER_KNOTS.)CURVE()GEOMETRIC_REPRESENTATION_ITEM()RATIONAL_B_SPLINE_CURVE((1.0,0.920111795,0.920111795,1.0))REPRESENTATION_ITEM(''));
#356=CARTESIAN_POINT('',(1.219759198,-0.858891458,-2.212652416));
#357=CARTESIAN_POINT('',(1.147917916,-0.811655316,-2.140811134));
#358=CARTESIAN_POINT('',(1.107106782,-0.735979201,-2.1));
#359=CARTESIAN_POINT('',(1.107106781,-0.65,-2.1));
#360=ORIENTED_EDGE('',*,*,#361,.T.);
#361=EDGE_CURVE('NONE',#353,#321,#362,.T.);
#362=LINE('',#363,#364);
#363=CARTESIAN_POINT('',(1.107106781,0.5,-2.1));
#364=VECTOR('',#365,1.0);
#365=DIRECTION('',(0.0,1.0,0.0));
#366=ORIENTED_EDGE('',*,*,#320,.F.);
#367=ORIENTED_EDGE('',*,*,#368,.T.);
#368=EDGE_CURVE('NONE',#313,#369,#371,.T.);
#369=VERTEX_POINT('NONE',#370);
#370=CARTESIAN_POINT('',(-0.512652417,0.1032932,-0.480240803));
#371=LINE('',#372,#373);
#372=CARTESIAN_POINT('',(-0.192893218,0.05,-0.8));
#373=VECTOR('',#374,1.0);
#374=DIRECTION('',(-0.702246883,0.117041147,0.702246883));
#375=ORIENTED_EDGE('',*,*,#376,.T.);
#376=EDGE_CURVE('NONE',#369,#377,#379,.F.);
#377=VERTEX_POINT('NONE',#378);
#378=CARTESIAN_POINT('',(-0.512652416,0.4,-0.480240802));
#379=LINE('',#380,#381);
#380=CARTESIAN_POINT('',(-0.512652417,0.25075648,-0.480240803));
#381=VECTOR('',#382,1.0);
#382=DIRECTION('',(0.0,-1.0,0.0));
#383=ORIENTED_EDGE('',*,*,#384,.T.);
#384=EDGE_CURVE('NONE',#377,#385,#387,.T.);
#385=VERTEX_POINT('NONE',#386);
#386=CARTESIAN_POINT('',(-0.406586399,0.4,-0.58630682));
#387=LINE('',#388,#389);
#388=CARTESIAN_POINT('',(-0.512652416,0.4,-0.480240802));
#389=VECTOR('',#390,1.0);
#390=DIRECTION('',(0.707106781,0.0,-0.707106781));
#391=ORIENTED_EDGE('',*,*,#392,.T.);
#392=EDGE_CURVE('NONE',#385,#393,#395,.T.);
#393=VERTEX_POINT('NONE',#394);
#394=CARTESIAN_POINT('',(-0.406586399,0.15,-0.58630682));
#395=LINE('',#396,#397);
#396=CARTESIAN_POINT('',(-0.406586399,0.275,-0.58630682));
#397=VECTOR('',#398,1.0);
#398=DIRECTION('',(0.0,-1.0,0.0));
#399=ORIENTED_EDGE('',*,*,#400,.T.);
#400=EDGE_CURVE('NONE',#393,#401,#403,.T.);
#401=VERTEX_POINT('NONE',#402);
#402=CARTESIAN_POINT('',(0.247487373,0.15,-1.240380592));
#403=LINE('',#404,#405);
#404=CARTESIAN_POINT('',(-0.512652416,0.15,-0.480240802));
#405=VECTOR('',#406,1.0);
#406=DIRECTION('',(0.707106781,0.0,-0.707106781));
#407=ORIENTED_EDGE('',*,*,#408,.T.);
#408=EDGE_CURVE('NONE',#401,#409,#411,.F.);
#409=VERTEX_POINT('NONE',#410);
#410=CARTESIAN_POINT('',(0.247487373,0.4,-1.240380592));
#411=LINE('',#412,#413);
#412=CARTESIAN_POINT('',(0.247487373,0.275,-1.240380592));
#413=VECTOR('',#414,1.0);
#414=DIRECTION('',(0.0,-1.0,0.0));
#415=ORIENTED_EDGE('',*,*,#416,.T.);
#416=EDGE_CURVE('NONE',#409,#417,#419,.F.);
#417=VERTEX_POINT('NONE',#418);
#418=CARTESIAN_POINT('',(0.459619408,0.4,-1.452512627));
#419=LINE('',#420,#421);
#420=CARTESIAN_POINT('',(0.459619407,0.4,-1.452512626));
#421=VECTOR('',#422,1.0);
#422=DIRECTION('',(-0.707106781,0.0,0.707106781));
#423=ORIENTED_EDGE('',*,*,#424,.T.);
#424=EDGE_CURVE('NONE',#417,#425,#427,.T.);
#425=VERTEX_POINT('NONE',#426);
#426=CARTESIAN_POINT('',(0.459619408,0.15,-1.452512627));
#427=LINE('',#428,#429);
#428=CARTESIAN_POINT('',(0.459619408,0.275,-1.452512627));
#429=VECTOR('',#430,1.0);
#430=DIRECTION('',(0.0,-1.0,0.0));
#431=ORIENTED_EDGE('',*,*,#432,.T.);
#432=EDGE_CURVE('NONE',#425,#433,#435,.T.);
#433=VERTEX_POINT('NONE',#434);
#434=CARTESIAN_POINT('',(1.11369318,0.15,-2.106586399));
#435=LINE('',#436,#437);
#436=CARTESIAN_POINT('',(-0.512652416,0.15,-0.480240802));
#437=VECTOR('',#438,1.0);
#438=DIRECTION('',(0.707106781,0.0,-0.707106781));
#439=ORIENTED_EDGE('',*,*,#440,.T.);
#440=EDGE_CURVE('NONE',#433,#441,#443,.F.);
#441=VERTEX_POINT('NONE',#442);
#442=CARTESIAN_POINT('',(1.11369318,0.4,-2.106586399));
#443=LINE('',#444,#445);
#444=CARTESIAN_POINT('',(1.11369318,0.275,-2.106586399));
#445=VECTOR('',#446,1.0);
#446=DIRECTION('',(0.0,-1.0,0.0));
#447=ORIENTED_EDGE('',*,*,#448,.T.);
#448=EDGE_CURVE('NONE',#441,#343,#449,.T.);
#449=LINE('',#450,#451);
#450=CARTESIAN_POINT('',(-0.512652416,0.4,-0.480240802));
#451=VECTOR('',#452,1.0);
#452=DIRECTION('',(0.707106781,0.0,-0.707106781));
#453=PLANE('',#454);
#454=AXIS2_PLACEMENT_3D('',#455,#456,#457);
#455=CARTESIAN_POINT('',(-0.512652416,-0.866444807,-0.480240802));
#456=DIRECTION('',(0.707106781,0.0,0.707106781));
#457=DIRECTION('',(0.707106781,0.0,-0.707106781));
#458=ADVANCED_FACE('NONE',(#459),#493,.F.);
#459=FACE_BOUND('NONE',#460,.T.);
#460=EDGE_LOOP('',(#461,#471,#479,#487));
#461=ORIENTED_EDGE('',*,*,#462,.T.);
#462=EDGE_CURVE('NONE',#463,#465,#467,.F.);
#463=VERTEX_POINT('NONE',#464);
#464=CARTESIAN_POINT('',(2.5,0.83,-3.25));
#465=VERTEX_POINT('NONE',#466);
#466=CARTESIAN_POINT('',(2.85,0.861818182,-2.75));
#467=LINE('',#468,#469);
#468=CARTESIAN_POINT('',(2.85,0.861818182,-2.75));
#469=VECTOR('',#470,1.0);
#470=DIRECTION('',(-0.572684639,-0.05206224,-0.818120913));
#471=ORIENTED_EDGE('',*,*,#472,.T.);
#472=EDGE_CURVE('NONE',#465,#473,#475,.T.);
#473=VERTEX_POINT('NONE',#474);
#474=CARTESIAN_POINT('',(2.85,-0.9,-2.75));
#475=LINE('',#476,#477);
#476=CARTESIAN_POINT('',(2.85,0.3,-2.75));
#477=VECTOR('',#478,1.0);
#478=DIRECTION('',(0.0,-1.0,0.0));
#479=ORIENTED_EDGE('',*,*,#480,.T.);
#480=EDGE_CURVE('NONE',#473,#481,#483,.F.);
#481=VERTEX_POINT('NONE',#482);
#482=CARTESIAN_POINT('',(2.5,-0.9,-3.25));
#483=LINE('',#484,#485);
#484=CARTESIAN_POINT('',(2.675,-0.9,-3.0));
#485=VECTOR('',#486,1.0);
#486=DIRECTION('',(0.573462344,0.0,0.819231921));
#487=ORIENTED_EDGE('',*,*,#488,.T.);
#488=EDGE_CURVE('NONE',#481,#463,#489,.T.);
#489=LINE('',#490,#491);
#490=CARTESIAN_POINT('',(2.5,0.3,-3.25));
#491=VECTOR('',#492,1.0);
#492=DIRECTION('',(0.0,1.0,0.0));
#493=PLANE('',#494);
#494=AXIS2_PLACEMENT_3D('',#495,#496,#497);
#495=CARTESIAN_POINT('',(2.5,-0.9,-3.25));
#496=DIRECTION('',(-0.819231921,0.0,0.573462344));
#497=DIRECTION('',(0.573462344,0.0,0.819231921));
#498=ADVANCED_FACE('NONE',(#499),#557,.F.);
#499=FACE_BOUND('NONE',#500,.T.);
#500=EDGE_LOOP('',(#501,#511,#519,#528,#534,#535,#543,#551));
#501=ORIENTED_EDGE('',*,*,#502,.T.);
#502=EDGE_CURVE('NONE',#503,#505,#507,.F.);
#503=VERTEX_POINT('NONE',#504);
#504=CARTESIAN_POINT('',(2.849999999,1.466149958,-2.734767998));
#505=VERTEX_POINT('NONE',#506);
#506=CARTESIAN_POINT('',(2.85,1.466149957,-2.1));
#507=LINE('',#508,#509);
#508=CARTESIAN_POINT('',(2.85,1.466149957,-2.419288302));
#509=VECTOR('',#510,1.0);
#510=DIRECTION('',(0.0,0.0,-1.0));
#511=ORIENTED_EDGE('',*,*,#512,.T.);
#512=EDGE_CURVE('NONE',#505,#513,#515,.T.);
#513=VERTEX_POINT('NONE',#514);
#514=CARTESIAN_POINT('',(2.85,-0.65,-2.1));
#515=LINE('',#516,#517);
#516=CARTESIAN_POINT('',(2.850000001,0.5,-2.1));
#517=VECTOR('',#518,1.0);
#518=DIRECTION('',(0.0,-1.0,0.0));
#519=ORIENTED_EDGE('',*,*,#520,.T.);
#520=EDGE_CURVE('NONE',#513,#521,#523,.F.);
#521=VERTEX_POINT('NONE',#522);
#522=CARTESIAN_POINT('',(2.85,-0.9,-2.35));
#523=CIRCLE('',#524,0.25);
#524=AXIS2_PLACEMENT_3D('',#525,#526,#527);
#525=CARTESIAN_POINT('',(2.85,-0.65,-2.35));
#526=DIRECTION('',(-1.0,0.0,0.0));
#527=DIRECTION('',(0.0,0.0,-1.0));
#528=ORIENTED_EDGE('',*,*,#529,.T.);
#529=EDGE_CURVE('NONE',#521,#473,#530,.F.);
#530=LINE('',#531,#532);
#531=CARTESIAN_POINT('',(2.85,-0.9,-2.425));
#532=VECTOR('',#533,1.0);
#533=DIRECTION('',(0.0,0.0,1.0));
#534=ORIENTED_EDGE('',*,*,#472,.F.);
#535=ORIENTED_EDGE('',*,*,#536,.T.);
#536=EDGE_CURVE('NONE',#465,#537,#539,.F.);
#537=VERTEX_POINT('NONE',#538);
#538=CARTESIAN_POINT('',(2.85,1.5,-2.75));
#539=LINE('',#540,#541);
#540=CARTESIAN_POINT('',(2.85,1.180909091,-2.75));
#541=VECTOR('',#542,1.0);
#542=DIRECTION('',(0.0,-1.0,0.0));
#543=ORIENTED_EDGE('',*,*,#544,.T.);
#544=EDGE_CURVE('NONE',#537,#545,#547,.T.);
#545=VERTEX_POINT('NONE',#546);
#546=CARTESIAN_POINT('',(2.85,1.5,-2.737546423));
#547=LINE('',#548,#549);
#548=CARTESIAN_POINT('',(2.85,1.5,-3.09163585));
#549=VECTOR('',#550,1.0);
#550=DIRECTION('',(0.0,0.0,1.0));
#551=ORIENTED_EDGE('',*,*,#552,.T.);
#552=EDGE_CURVE('NONE',#545,#503,#553,.T.);
#553=LINE('',#554,#555);
#554=CARTESIAN_POINT('',(2.85,1.345722728,-2.724883283));
#555=VECTOR('',#556,1.0);
#556=DIRECTION('',(0.0,-0.99664833,0.081805293));
#557=PLANE('',#558);
#558=AXIS2_PLACEMENT_3D('',#559,#560,#561);
#559=CARTESIAN_POINT('',(2.85,-0.9,-2.75));
#560=DIRECTION('',(-1.0,0.0,0.0));
#561=DIRECTION('',(0.0,0.0,1.0));
#562=ADVANCED_FACE('NONE',(#563),#671,.F.);
#563=FACE_BOUND('NONE',#564,.T.);
#564=EDGE_LOOP('',(#565,#573,#574,#575,#576,#582,#583,#592,#600,#608,#616,#625,#633,#641,#649,#657,#665));
#565=ORIENTED_EDGE('',*,*,#566,.T.);
#566=EDGE_CURVE('NONE',#567,#274,#569,.T.);
#567=VERTEX_POINT('NONE',#568);
#568=CARTESIAN_POINT('',(1.75,0.0,-2.1));
#569=LINE('',#570,#571);
#570=CARTESIAN_POINT('',(0.994759653,0.0,-2.1));
#571=VECTOR('',#572,1.0);
#572=DIRECTION('',(-1.0,0.0,0.0));
#573=ORIENTED_EDGE('',*,*,#271,.F.);
#574=ORIENTED_EDGE('',*,*,#328,.F.);
#575=ORIENTED_EDGE('',*,*,#361,.F.);
#576=ORIENTED_EDGE('',*,*,#577,.T.);
#577=EDGE_CURVE('NONE',#353,#513,#578,.T.);
#578=LINE('',#579,#580);
#579=CARTESIAN_POINT('',(1.973324711,-0.65,-2.1));
#580=VECTOR('',#581,1.0);
#581=DIRECTION('',(1.0,0.0,0.0));
#582=ORIENTED_EDGE('',*,*,#512,.F.);
#583=ORIENTED_EDGE('',*,*,#584,.T.);
#584=EDGE_CURVE('NONE',#505,#585,#587,.F.);
#585=VERTEX_POINT('NONE',#586);
#586=CARTESIAN_POINT('',(2.904994161,1.355169341,-2.1));
#587=CIRCLE('',#588,0.15);
#588=AXIS2_PLACEMENT_3D('',#589,#590,#591);
#589=CARTESIAN_POINT('',(2.755083261,1.35,-2.1));
#590=DIRECTION('',(0.0,0.0,1.0));
#591=DIRECTION('',(1.0,0.0,0.0));
#592=ORIENTED_EDGE('',*,*,#593,.T.);
#593=EDGE_CURVE('NONE',#585,#594,#596,.F.);
#594=VERTEX_POINT('NONE',#595);
#595=CARTESIAN_POINT('',(2.95,0.05,-2.1));
#596=LINE('',#597,#598);
#597=CARTESIAN_POINT('',(2.927497081,0.702584671,-2.1));
#598=VECTOR('',#599,1.0);
#599=DIRECTION('',(-0.034462276,0.999405999,0.0));
#600=ORIENTED_EDGE('',*,*,#601,.T.);
#601=EDGE_CURVE('NONE',#594,#602,#604,.F.);
#602=VERTEX_POINT('NONE',#603);
#603=CARTESIAN_POINT('',(3.0999109,0.055169341,-2.1));
#604=LINE('',#605,#606);
#605=CARTESIAN_POINT('',(2.782158132,0.044212349,-2.1));
#606=VECTOR('',#607,1.0);
#607=DIRECTION('',(-0.999405999,-0.034462276,0.0));
#608=ORIENTED_EDGE('',*,*,#609,.T.);
#609=EDGE_CURVE('NONE',#602,#610,#612,.F.);
#610=VERTEX_POINT('NONE',#611);
#611=CARTESIAN_POINT('',(3.054905061,1.360338683,-2.1));
#612=LINE('',#613,#614);
#613=CARTESIAN_POINT('',(3.07740798,0.707754012,-2.1));
#614=VECTOR('',#615,1.0);
#615=DIRECTION('',(0.034462276,-0.999405999,0.0));
#616=ORIENTED_EDGE('',*,*,#617,.T.);
#617=EDGE_CURVE('NONE',#610,#618,#620,.T.);
#618=VERTEX_POINT('NONE',#619);
#619=CARTESIAN_POINT('',(2.755083261,1.65,-2.1));
#620=CIRCLE('',#621,0.3);
#621=AXIS2_PLACEMENT_3D('',#622,#623,#624);
#622=CARTESIAN_POINT('',(2.755083261,1.35,-2.1));
#623=DIRECTION('',(0.0,0.0,1.0));
#624=DIRECTION('',(1.0,0.0,0.0));
#625=ORIENTED_EDGE('',*,*,#626,.T.);
#626=EDGE_CURVE('NONE',#618,#627,#629,.T.);
#627=VERTEX_POINT('NONE',#628);
#628=CARTESIAN_POINT('',(2.1,1.65,-2.099999999));
#629=LINE('',#630,#631);
#630=CARTESIAN_POINT('',(0.0,1.65,-2.099999999));
#631=VECTOR('',#632,1.0);
#632=DIRECTION('',(-1.0,0.0,0.0));
#633=ORIENTED_EDGE('',*,*,#634,.T.);
#634=EDGE_CURVE('NONE',#627,#635,#637,.F.);
#635=VERTEX_POINT('NONE',#636);
#636=CARTESIAN_POINT('',(2.1,1.5,-2.1));
#637=LINE('',#638,#639);
#638=CARTESIAN_POINT('',(2.1,1.265,-2.1));
#639=VECTOR('',#640,1.0);
#640=DIRECTION('',(0.0,1.0,0.0));
#641=ORIENTED_EDGE('',*,*,#642,.T.);
#642=EDGE_CURVE('NONE',#635,#643,#645,.T.);
#643=VERTEX_POINT('NONE',#644);
#644=CARTESIAN_POINT('',(2.35,1.5,-2.1));
#645=LINE('',#646,#647);
#646=CARTESIAN_POINT('',(2.225,1.5,-2.1));
#647=VECTOR('',#648,1.0);
#648=DIRECTION('',(1.0,0.0,0.0));
#649=ORIENTED_EDGE('',*,*,#650,.T.);
#650=EDGE_CURVE('NONE',#643,#651,#653,.T.);
#651=VERTEX_POINT('NONE',#652);
#652=CARTESIAN_POINT('',(2.35,0.286845104,-2.1));
#653=LINE('',#654,#655);
#654=CARTESIAN_POINT('',(2.35,0.889783088,-2.1));
#655=VECTOR('',#656,1.0);
#656=DIRECTION('',(0.0,-1.0,0.0));
#657=ORIENTED_EDGE('',*,*,#658,.T.);
#658=EDGE_CURVE('NONE',#651,#659,#661,.F.);
#659=VERTEX_POINT('NONE',#660);
#660=CARTESIAN_POINT('',(2.35,-1.547615931E-11,-2.1));
#661=LINE('',#662,#663);
#662=CARTESIAN_POINT('',(2.35,0.129367944,-2.1));
#663=VECTOR('',#664,1.0);
#664=DIRECTION('',(0.0,1.0,0.0));
#665=ORIENTED_EDGE('',*,*,#666,.T.);
#666=EDGE_CURVE('NONE',#659,#567,#667,.F.);
#667=LINE('',#668,#669);
#668=CARTESIAN_POINT('',(2.0518,0.0,-2.1));
#669=VECTOR('',#670,1.0);
#670=DIRECTION('',(1.0,0.0,0.0));
#671=PLANE('',#672);
#672=AXIS2_PLACEMENT_3D('',#673,#674,#675);
#673=CARTESIAN_POINT('',(3.111867725,-0.65,-2.1));
#674=DIRECTION('',(0.0,0.0,-1.0));
#675=DIRECTION('',(-1.0,0.0,0.0));
#676=ADVANCED_FACE('NONE',(#677),#706,.T.);
#677=FACE_BOUND('NONE',#678,.T.);
#678=EDGE_LOOP('',(#679,#687,#688,#689,#690));
#679=ORIENTED_EDGE('',*,*,#680,.T.);
#680=EDGE_CURVE('NONE',#681,#521,#683,.F.);
#681=VERTEX_POINT('NONE',#682);
#682=CARTESIAN_POINT('',(1.260395135,-0.9,-2.35));
#683=LINE('',#684,#685);
#684=CARTESIAN_POINT('',(0.0,-0.9,-2.35));
#685=VECTOR('',#686,1.0);
#686=DIRECTION('',(-1.0,0.0,0.0));
#687=ORIENTED_EDGE('',*,*,#520,.F.);
#688=ORIENTED_EDGE('',*,*,#577,.F.);
#689=ORIENTED_EDGE('',*,*,#352,.F.);
#690=ORIENTED_EDGE('',*,*,#691,.T.);
#691=EDGE_CURVE('NONE',#345,#681,#692,.F.);
#692=B_SPLINE_CURVE_WITH_KNOTS('',3,(#693,#694,#695,#696,#697,#698,#699,#700,#701,#702,#703,#704,#705),.UNSPECIFIED.,.F.,.U.,(4,3,3,3,4),(4.4427758E-14,4.484670064E-05,8.953286513E-05,1.366028541E-04,1.55268371E-04),.UNSPECIFIED.);
#693=CARTESIAN_POINT('',(1.260395135,-0.9,-2.35));
#694=CARTESIAN_POINT('',(1.263512635,-0.9,-2.335379781));
#695=CARTESIAN_POINT('',(1.264406799,-0.898648024,-2.320067957));
#696=CARTESIAN_POINT('',(1.263102063,-0.895992202,-2.305414838));
#697=CARTESIAN_POINT('',(1.261799803,-0.893341418,-2.290789522));
#698=CARTESIAN_POINT('',(1.258302686,-0.889342486,-2.276442915));
#699=CARTESIAN_POINT('',(1.2530919,-0.884495471,-2.263328931));
#700=CARTESIAN_POINT('',(1.247596213,-0.879383446,-2.249497942));
#701=CARTESIAN_POINT('',(1.240099119,-0.873227506,-2.236697275));
#702=CARTESIAN_POINT('',(1.231176973,-0.866769979,-2.225457733));
#703=CARTESIAN_POINT('',(1.227608999,-0.864187608,-2.220963031));
#704=CARTESIAN_POINT('',(1.223794215,-0.861544511,-2.216687435));
#705=CARTESIAN_POINT('',(1.219759198,-0.858891458,-2.212652416));
#706=CYLINDRICAL_SURFACE('',#707,0.25);
#707=AXIS2_PLACEMENT_3D('',#708,#709,#710);
#708=CARTESIAN_POINT('',(1.096649422,-0.65,-2.35));
#709=DIRECTION('',(1.0,0.0,0.0));
#710=DIRECTION('',(0.0,0.0,-1.0));
#711=ADVANCED_FACE('NONE',(#712),#746,.F.);
#712=FACE_BOUND('NONE',#713,.T.);
#713=EDGE_LOOP('',(#714,#724,#732,#740));
#714=ORIENTED_EDGE('',*,*,#715,.T.);
#715=EDGE_CURVE('NONE',#716,#718,#720,.F.);
#716=VERTEX_POINT('NONE',#717);
#717=CARTESIAN_POINT('',(-2.85,0.861818182,-2.75));
#718=VERTEX_POINT('NONE',#719);
#719=CARTESIAN_POINT('',(-2.5,0.83,-3.25));
#720=LINE('',#721,#722);
#721=CARTESIAN_POINT('',(-2.5,0.83,-3.25));
#722=VECTOR('',#723,1.0);
#723=DIRECTION('',(-0.572684639,0.05206224,0.818120913));
#724=ORIENTED_EDGE('',*,*,#725,.T.);
#725=EDGE_CURVE('NONE',#718,#726,#728,.F.);
#726=VERTEX_POINT('NONE',#727);
#727=CARTESIAN_POINT('',(-2.5,-0.9,-3.25));
#728=LINE('',#729,#730);
#729=CARTESIAN_POINT('',(-2.5,-0.013805455,-3.25));
#730=VECTOR('',#731,1.0);
#731=DIRECTION('',(0.0,1.0,0.0));
#732=ORIENTED_EDGE('',*,*,#733,.T.);
#733=EDGE_CURVE('NONE',#726,#734,#736,.F.);
#734=VERTEX_POINT('NONE',#735);
#735=CARTESIAN_POINT('',(-2.85,-0.9,-2.75));
#736=LINE('',#737,#738);
#737=CARTESIAN_POINT('',(-2.675,-0.9,-3.0));
#738=VECTOR('',#739,1.0);
#739=DIRECTION('',(0.573462344,0.0,-0.819231921));
#740=ORIENTED_EDGE('',*,*,#741,.T.);
#741=EDGE_CURVE('NONE',#734,#716,#742,.T.);
#742=LINE('',#743,#744);
#743=CARTESIAN_POINT('',(-2.85,0.3,-2.75));
#744=VECTOR('',#745,1.0);
#745=DIRECTION('',(0.0,1.0,0.0));
#746=PLANE('',#747);
#747=AXIS2_PLACEMENT_3D('',#748,#749,#750);
#748=CARTESIAN_POINT('',(-2.85,-0.9,-2.75));
#749=DIRECTION('',(0.819231921,0.0,0.573462344));
#750=DIRECTION('',(0.573462344,0.0,-0.819231921));
#751=ADVANCED_FACE('NONE',(#752),#822,.T.);
#752=FACE_BOUND('NONE',#753,.T.);
#753=EDGE_LOOP('',(#754,#764,#773,#781,#790,#798,#807,#815));
#754=ORIENTED_EDGE('',*,*,#755,.T.);
#755=EDGE_CURVE('NONE',#756,#758,#760,.F.);
#756=VERTEX_POINT('NONE',#757);
#757=CARTESIAN_POINT('',(-2.85,-0.9,-2.35));
#758=VERTEX_POINT('NONE',#759);
#759=CARTESIAN_POINT('',(-1.425,-0.9,-2.35));
#760=LINE('',#761,#762);
#761=CARTESIAN_POINT('',(-1.445174711,-0.9,-2.35));
#762=VECTOR('',#763,1.0);
#763=DIRECTION('',(-1.0,0.0,0.0));
#764=ORIENTED_EDGE('',*,*,#765,.T.);
#765=EDGE_CURVE('NONE',#758,#766,#768,.F.);
#766=VERTEX_POINT('NONE',#767);
#767=CARTESIAN_POINT('',(-1.425,-0.8884848,-2.275));
#768=CIRCLE('',#769,0.25);
#769=AXIS2_PLACEMENT_3D('',#770,#771,#772);
#770=CARTESIAN_POINT('',(-1.425000001,-0.65,-2.35));
#771=DIRECTION('',(1.0,0.0,0.0));
#772=DIRECTION('',(0.0,0.0,-1.0));
#773=ORIENTED_EDGE('',*,*,#774,.T.);
#774=EDGE_CURVE('NONE',#766,#775,#777,.F.);
#775=VERTEX_POINT('NONE',#776);
#776=CARTESIAN_POINT('',(-0.425000001,-0.8884848,-2.275));
#777=LINE('',#778,#779);
#778=CARTESIAN_POINT('',(-1.445174711,-0.8884848,-2.275));
#779=VECTOR('',#780,1.0);
#780=DIRECTION('',(-1.0,0.0,0.0));
#781=ORIENTED_EDGE('',*,*,#782,.T.);
#782=EDGE_CURVE('NONE',#775,#783,#785,.F.);
#783=VERTEX_POINT('NONE',#784);
#784=CARTESIAN_POINT('',(-0.425000002,-0.9,-2.35));
#785=CIRCLE('',#786,0.25);
#786=AXIS2_PLACEMENT_3D('',#787,#788,#789);
#787=CARTESIAN_POINT('',(-0.425000001,-0.65,-2.35));
#788=DIRECTION('',(-1.0,0.0,0.0));
#789=DIRECTION('',(0.0,3.469446952E-15,-1.0));
#790=ORIENTED_EDGE('',*,*,#791,.T.);
#791=EDGE_CURVE('NONE',#783,#792,#794,.F.);
#792=VERTEX_POINT('NONE',#793);
#793=CARTESIAN_POINT('',(-0.057106783,-0.9,-2.35));
#794=LINE('',#795,#796);
#795=CARTESIAN_POINT('',(-1.445174711,-0.9,-2.35));
#796=VECTOR('',#797,1.0);
#797=DIRECTION('',(-1.0,0.0,0.0));
#798=ORIENTED_EDGE('',*,*,#799,.T.);
#799=EDGE_CURVE('NONE',#792,#800,#802,.F.);
#800=VERTEX_POINT('NONE',#801);
#801=CARTESIAN_POINT('',(-0.307106782,-0.65,-2.1));
#802=(BOUNDED_CURVE()B_SPLINE_CURVE(3,(#803,#804,#805,#806),.UNSPECIFIED.,.F.,.U.)B_SPLINE_CURVE_WITH_KNOTS((4,4),(3.141592654,4.712388978),.PIECEWISE_BEZIER_KNOTS.)CURVE()GEOMETRIC_REPRESENTATION_ITEM()RATIONAL_B_SPLINE_CURVE((1.0,0.804737855,0.804737855,1.0))REPRESENTATION_ITEM(''));
#803=CARTESIAN_POINT('',(-0.307106782,-0.65,-2.1));
#804=CARTESIAN_POINT('',(-0.307106782,-0.796446609,-2.1));
#805=CARTESIAN_POINT('',(-0.203553392,-0.9,-2.20355339));
#806=CARTESIAN_POINT('',(-0.057106783,-0.9,-2.35));
#807=ORIENTED_EDGE('',*,*,#808,.T.);
#808=EDGE_CURVE('NONE',#800,#809,#811,.T.);
#809=VERTEX_POINT('NONE',#810);
#810=CARTESIAN_POINT('',(-2.850000001,-0.65,-2.1));
#811=LINE('',#812,#813);
#812=CARTESIAN_POINT('',(-1.711887253,-0.65,-2.1));
#813=VECTOR('',#814,1.0);
#814=DIRECTION('',(-1.0,0.0,0.0));
#815=ORIENTED_EDGE('',*,*,#816,.T.);
#816=EDGE_CURVE('NONE',#809,#756,#817,.T.);
#817=CIRCLE('',#818,0.25);
#818=AXIS2_PLACEMENT_3D('',#819,#820,#821);
#819=CARTESIAN_POINT('',(-2.85,-0.65,-2.35));
#820=DIRECTION('',(1.0,0.0,0.0));
#821=DIRECTION('',(0.0,0.0,-1.0));
#822=CYLINDRICAL_SURFACE('',#823,0.25);
#823=AXIS2_PLACEMENT_3D('',#824,#825,#826);
#824=CARTESIAN_POINT('',(-2.85,-0.65,-2.35));
#825=DIRECTION('',(1.0,0.0,0.0));
#826=DIRECTION('',(0.0,0.0,-1.0));
#827=ADVANCED_FACE('NONE',(#828),#876,.F.);
#828=FACE_BOUND('NONE',#829,.T.);
#829=EDGE_LOOP('',(#830,#840,#848,#856,#862,#863,#869,#870));
#830=ORIENTED_EDGE('',*,*,#831,.T.);
#831=EDGE_CURVE('NONE',#832,#834,#836,.F.);
#832=VERTEX_POINT('NONE',#833);
#833=CARTESIAN_POINT('',(-2.850000001,1.466149958,-2.1));
#834=VERTEX_POINT('NONE',#835);
#835=CARTESIAN_POINT('',(-2.85,1.466149958,-2.734767998));
#836=LINE('',#837,#838);
#837=CARTESIAN_POINT('',(-2.85,1.466149958,-2.425));
#838=VECTOR('',#839,1.0);
#839=DIRECTION('',(0.0,0.0,1.0));
#840=ORIENTED_EDGE('',*,*,#841,.T.);
#841=EDGE_CURVE('NONE',#834,#842,#844,.F.);
#842=VERTEX_POINT('NONE',#843);
#843=CARTESIAN_POINT('',(-2.85,1.5,-2.737546423));
#844=LINE('',#845,#846);
#845=CARTESIAN_POINT('',(-2.85,1.650240844,-2.749878251));
#846=VECTOR('',#847,1.0);
#847=DIRECTION('',(0.0,-0.99664833,0.081805293));
#848=ORIENTED_EDGE('',*,*,#849,.T.);
#849=EDGE_CURVE('NONE',#842,#850,#852,.F.);
#850=VERTEX_POINT('NONE',#851);
#851=CARTESIAN_POINT('',(-2.85,1.5,-2.75));
#852=LINE('',#853,#854);
#853=CARTESIAN_POINT('',(-2.85,1.5,-2.425));
#854=VECTOR('',#855,1.0);
#855=DIRECTION('',(0.0,0.0,1.0));
#856=ORIENTED_EDGE('',*,*,#857,.T.);
#857=EDGE_CURVE('NONE',#850,#716,#858,.F.);
#858=LINE('',#859,#860);
#859=CARTESIAN_POINT('',(-2.85,0.3,-2.75));
#860=VECTOR('',#861,1.0);
#861=DIRECTION('',(0.0,1.0,0.0));
#862=ORIENTED_EDGE('',*,*,#741,.F.);
#863=ORIENTED_EDGE('',*,*,#864,.T.);
#864=EDGE_CURVE('NONE',#734,#756,#865,.F.);
#865=LINE('',#866,#867);
#866=CARTESIAN_POINT('',(-2.85,-0.9,-2.425));
#867=VECTOR('',#868,1.0);
#868=DIRECTION('',(0.0,0.0,-1.0));
#869=ORIENTED_EDGE('',*,*,#816,.F.);
#870=ORIENTED_EDGE('',*,*,#871,.T.);
#871=EDGE_CURVE('NONE',#809,#832,#872,.T.);
#872=LINE('',#873,#874);
#873=CARTESIAN_POINT('',(-2.850000001,0.5,-2.1));
#874=VECTOR('',#875,1.0);
#875=DIRECTION('',(0.0,1.0,0.0));
#876=PLANE('',#877);
#877=AXIS2_PLACEMENT_3D('',#878,#879,#880);
#878=CARTESIAN_POINT('',(-2.85,-0.9,-2.1));
#879=DIRECTION('',(1.0,0.0,0.0));
#880=DIRECTION('',(0.0,0.0,-1.0));
#881=ADVANCED_FACE('NONE',(#882),#948,.T.);
#882=FACE_BOUND('NONE',#883,.T.);
#883=EDGE_LOOP('',(#884,#894,#902,#910,#918,#926,#934,#942));
#884=ORIENTED_EDGE('',*,*,#885,.T.);
#885=EDGE_CURVE('NONE',#886,#888,#890,.T.);
#886=VERTEX_POINT('NONE',#887);
#887=CARTESIAN_POINT('',(-2.904994161,1.355169341,-2.725503011));
#888=VERTEX_POINT('NONE',#889);
#889=CARTESIAN_POINT('',(-2.904994161,1.355169341,-2.1));
#890=LINE('',#891,#892);
#891=CARTESIAN_POINT('',(-2.904994161,1.355169341,-2.425));
#892=VECTOR('',#893,1.0);
#893=DIRECTION('',(0.0,0.0,1.0));
#894=ORIENTED_EDGE('',*,*,#895,.T.);
#895=EDGE_CURVE('NONE',#888,#896,#898,.T.);
#896=VERTEX_POINT('NONE',#897);
#897=CARTESIAN_POINT('',(-2.95,0.05,-2.1));
#898=LINE('',#899,#900);
#899=CARTESIAN_POINT('',(-2.95,0.05,-2.1));
#900=VECTOR('',#901,1.0);
#901=DIRECTION('',(-0.034462276,-0.999405999,0.0));
#902=ORIENTED_EDGE('',*,*,#903,.T.);
#903=EDGE_CURVE('NONE',#896,#904,#906,.T.);
#904=VERTEX_POINT('NONE',#905);
#905=CARTESIAN_POINT('',(-2.95,0.05,-2.75));
#906=LINE('',#907,#908);
#907=CARTESIAN_POINT('',(-2.95,0.05,-2.425));
#908=VECTOR('',#909,1.0);
#909=DIRECTION('',(0.0,0.0,-1.0));
#910=ORIENTED_EDGE('',*,*,#911,.T.);
#911=EDGE_CURVE('NONE',#904,#912,#914,.T.);
#912=VERTEX_POINT('NONE',#913);
#913=CARTESIAN_POINT('',(-2.929550599,0.643032636,-2.75));
#914=LINE('',#915,#916);
#915=CARTESIAN_POINT('',(-2.927497081,0.702584671,-2.75));
#916=VECTOR('',#917,1.0);
#917=DIRECTION('',(0.034462276,0.999405999,0.0));
#918=ORIENTED_EDGE('',*,*,#919,.T.);
#919=EDGE_CURVE('NONE',#912,#920,#922,.T.);
#920=VERTEX_POINT('NONE',#921);
#921=CARTESIAN_POINT('',(-2.922592046,0.844830659,-2.75));
#922=LINE('',#923,#924);
#923=CARTESIAN_POINT('',(-2.927497081,0.702584671,-2.75));
#924=VECTOR('',#925,1.0);
#925=DIRECTION('',(0.034462276,0.999405999,0.0));
#926=ORIENTED_EDGE('',*,*,#927,.T.);
#927=EDGE_CURVE('NONE',#920,#928,#930,.T.);
#928=VERTEX_POINT('NONE',#929);
#929=CARTESIAN_POINT('',(-2.922592046,0.844830659,-2.7));
#930=LINE('',#931,#932);
#931=CARTESIAN_POINT('',(-2.922592046,0.844830659,-2.425));
#932=VECTOR('',#933,1.0);
#933=DIRECTION('',(0.0,0.0,1.0));
#934=ORIENTED_EDGE('',*,*,#935,.T.);
#935=EDGE_CURVE('NONE',#928,#936,#938,.T.);
#936=VERTEX_POINT('NONE',#937);
#937=CARTESIAN_POINT('',(-2.915695495,1.044830659,-2.7));
#938=LINE('',#939,#940);
#939=CARTESIAN_POINT('',(-2.927497081,0.702584671,-2.7));
#940=VECTOR('',#941,1.0);
#941=DIRECTION('',(0.034462276,0.999405999,0.0));
#942=ORIENTED_EDGE('',*,*,#943,.T.);
#943=EDGE_CURVE('NONE',#936,#886,#944,.T.);
#944=LINE('',#945,#946);
#945=CARTESIAN_POINT('',(-2.915695495,1.044830658,-2.7));
#946=VECTOR('',#947,1.0);
#947=DIRECTION('',(0.034346633,0.996052358,-0.081853588));
#948=PLANE('',#949);
#949=AXIS2_PLACEMENT_3D('',#950,#951,#952);
#950=CARTESIAN_POINT('',(-2.95,0.05,-2.75));
#951=DIRECTION('',(0.999405999,-0.034462276,0.0));
#952=DIRECTION('',(0.034462276,0.999405999,0.0));
#953=ADVANCED_FACE('NONE',(#954),#1020,.T.);
#954=FACE_BOUND('NONE',#955,.T.);
#955=EDGE_LOOP('',(#956,#966,#974,#982,#990,#998,#1006,#1014));
#956=ORIENTED_EDGE('',*,*,#957,.T.);
#957=EDGE_CURVE('NONE',#958,#960,#962,.T.);
#958=VERTEX_POINT('NONE',#959);
#959=CARTESIAN_POINT('',(-3.065606395,1.05,-2.7));
#960=VERTEX_POINT('NONE',#961);
#961=CARTESIAN_POINT('',(-3.072502946,0.85,-2.7));
#962=LINE('',#963,#964);
#963=CARTESIAN_POINT('',(-3.07740798,0.707754012,-2.7));
#964=VECTOR('',#965,1.0);
#965=DIRECTION('',(-0.034462276,-0.999405999,0.0));
#966=ORIENTED_EDGE('',*,*,#967,.T.);
#967=EDGE_CURVE('NONE',#960,#968,#970,.T.);
#968=VERTEX_POINT('NONE',#969);
#969=CARTESIAN_POINT('',(-3.072502946,0.85,-2.75));
#970=LINE('',#971,#972);
#971=CARTESIAN_POINT('',(-3.072502946,0.850000001,-2.425));
#972=VECTOR('',#973,1.0);
#973=DIRECTION('',(0.0,0.0,-1.0));
#974=ORIENTED_EDGE('',*,*,#975,.T.);
#975=EDGE_CURVE('NONE',#968,#976,#978,.T.);
#976=VERTEX_POINT('NONE',#977);
#977=CARTESIAN_POINT('',(-3.07981843,0.637850987,-2.75));
#978=LINE('',#979,#980);
#979=CARTESIAN_POINT('',(-3.07740798,0.707754012,-2.75));
#980=VECTOR('',#981,1.0);
#981=DIRECTION('',(-0.034462276,-0.999405999,0.0));
#982=ORIENTED_EDGE('',*,*,#983,.T.);
#983=EDGE_CURVE('NONE',#976,#984,#986,.T.);
#984=VERTEX_POINT('NONE',#985);
#985=CARTESIAN_POINT('',(-3.0999109,0.055169341,-2.75));
#986=LINE('',#987,#988);
#987=CARTESIAN_POINT('',(-3.07740798,0.707754012,-2.75));
#988=VECTOR('',#989,1.0);
#989=DIRECTION('',(-0.034462276,-0.999405999,0.0));
#990=ORIENTED_EDGE('',*,*,#991,.T.);
#991=EDGE_CURVE('NONE',#984,#992,#994,.T.);
#992=VERTEX_POINT('NONE',#993);
#993=CARTESIAN_POINT('',(-3.0999109,0.055169341,-2.1));
#994=LINE('',#995,#996);
#995=CARTESIAN_POINT('',(-3.0999109,0.055169341,-2.425));
#996=VECTOR('',#997,1.0);
#997=DIRECTION('',(0.0,0.0,1.0));
#998=ORIENTED_EDGE('',*,*,#999,.T.);
#999=EDGE_CURVE('NONE',#992,#1000,#1002,.T.);
#1000=VERTEX_POINT('NONE',#1001);
#1001=CARTESIAN_POINT('',(-3.054905061,1.360338683,-2.1));
#1002=LINE('',#1003,#1004);
#1003=CARTESIAN_POINT('',(-3.054905061,1.360338683,-2.1));
#1004=VECTOR('',#1005,1.0);
#1005=DIRECTION('',(0.034462276,0.999405999,0.0));
#1006=ORIENTED_EDGE('',*,*,#1007,.T.);
#1007=EDGE_CURVE('NONE',#1000,#1008,#1010,.T.);
#1008=VERTEX_POINT('NONE',#1009);
#1009=CARTESIAN_POINT('',(-3.054905062,1.360338644,-2.725503008));
#1010=LINE('',#1011,#1012);
#1011=CARTESIAN_POINT('',(-3.054905061,1.360338683,-2.425));
#1012=VECTOR('',#1013,1.0);
#1013=DIRECTION('',(0.0,0.0,-1.0));
#1014=ORIENTED_EDGE('',*,*,#1015,.T.);
#1015=EDGE_CURVE('NONE',#1008,#958,#1016,.T.);
#1016=LINE('',#1017,#1018);
#1017=CARTESIAN_POINT('',(-3.054905061,1.360338683,-2.725503011));
#1018=VECTOR('',#1019,1.0);
#1019=DIRECTION('',(-0.034346633,-0.996052358,0.081853587));
#1020=PLANE('',#1021);
#1021=AXIS2_PLACEMENT_3D('',#1022,#1023,#1024);
#1022=CARTESIAN_POINT('',(-3.054905061,1.360338683,-2.75));
#1023=DIRECTION('',(-0.999405999,0.034462276,0.0));
#1024=DIRECTION('',(-0.034462276,-0.999405999,0.0));
#1025=ADVANCED_FACE('NONE',(#1026),#1116,.F.);
#1026=FACE_BOUND('NONE',#1027,.T.);
#1027=EDGE_LOOP('',(#1028,#1038,#1046,#1054,#1061,#1062,#1068,#1069,#1076,#1077,#1078,#1084,#1085,#1086,#1094,#1102,#1110));
#1028=ORIENTED_EDGE('',*,*,#1029,.T.);
#1029=EDGE_CURVE('NONE',#1030,#1032,#1034,.F.);
#1030=VERTEX_POINT('NONE',#1031);
#1031=CARTESIAN_POINT('',(-2.35,1.5,-2.1));
#1032=VERTEX_POINT('NONE',#1033);
#1033=CARTESIAN_POINT('',(-2.099999999,1.5,-2.1));
#1034=LINE('',#1035,#1036);
#1035=CARTESIAN_POINT('',(-1.711887253,1.500000001,-2.1));
#1036=VECTOR('',#1037,1.0);
#1037=DIRECTION('',(-1.0,0.0,0.0));
#1038=ORIENTED_EDGE('',*,*,#1039,.T.);
#1039=EDGE_CURVE('NONE',#1032,#1040,#1042,.F.);
#1040=VERTEX_POINT('NONE',#1041);
#1041=CARTESIAN_POINT('',(-2.099999999,1.65,-2.1));
#1042=LINE('',#1043,#1044);
#1043=CARTESIAN_POINT('',(-2.099999999,0.5,-2.1));
#1044=VECTOR('',#1045,1.0);
#1045=DIRECTION('',(0.0,-1.0,0.0));
#1046=ORIENTED_EDGE('',*,*,#1047,.T.);
#1047=EDGE_CURVE('NONE',#1040,#1048,#1050,.F.);
#1048=VERTEX_POINT('NONE',#1049);
#1049=CARTESIAN_POINT('',(-2.755083261,1.65,-2.1));
#1050=LINE('',#1051,#1052);
#1051=CARTESIAN_POINT('',(-1.711887253,1.65,-2.1));
#1052=VECTOR('',#1053,1.0);
#1053=DIRECTION('',(1.0,0.0,0.0));
#1054=ORIENTED_EDGE('',*,*,#1055,.T.);
#1055=EDGE_CURVE('NONE',#1048,#1000,#1056,.F.);
#1056=CIRCLE('',#1057,0.3);
#1057=AXIS2_PLACEMENT_3D('',#1058,#1059,#1060);
#1058=CARTESIAN_POINT('',(-2.755083261,1.35,-2.1));
#1059=DIRECTION('',(0.0,0.0,-1.0));
#1060=DIRECTION('',(1.0,0.0,0.0));
#1061=ORIENTED_EDGE('',*,*,#999,.F.);
#1062=ORIENTED_EDGE('',*,*,#1063,.T.);
#1063=EDGE_CURVE('NONE',#992,#896,#1064,.F.);
#1064=LINE('',#1065,#1066);
#1065=CARTESIAN_POINT('',(-3.0999109,0.055169341,-2.1));
#1066=VECTOR('',#1067,1.0);
#1067=DIRECTION('',(-0.999405999,0.034462276,0.0));
#1068=ORIENTED_EDGE('',*,*,#895,.F.);
#1069=ORIENTED_EDGE('',*,*,#1070,.T.);
#1070=EDGE_CURVE('NONE',#888,#832,#1071,.F.);
#1071=CIRCLE('',#1072,0.15);
#1072=AXIS2_PLACEMENT_3D('',#1073,#1074,#1075);
#1073=CARTESIAN_POINT('',(-2.755083261,1.35,-2.1));
#1074=DIRECTION('',(0.0,0.0,1.0));
#1075=DIRECTION('',(1.0,0.0,0.0));
#1076=ORIENTED_EDGE('',*,*,#871,.F.);
#1077=ORIENTED_EDGE('',*,*,#808,.F.);
#1078=ORIENTED_EDGE('',*,*,#1079,.T.);
#1079=EDGE_CURVE('NONE',#800,#224,#1080,.F.);
#1080=LINE('',#1081,#1082);
#1081=CARTESIAN_POINT('',(-0.307106781,0.5,-2.1));
#1082=VECTOR('',#1083,1.0);
#1083=DIRECTION('',(0.0,-1.0,0.0));
#1084=ORIENTED_EDGE('',*,*,#257,.F.);
#1085=ORIENTED_EDGE('',*,*,#183,.F.);
#1086=ORIENTED_EDGE('',*,*,#1087,.T.);
#1087=EDGE_CURVE('NONE',#184,#1088,#1090,.T.);
#1088=VERTEX_POINT('NONE',#1089);
#1089=CARTESIAN_POINT('',(-1.75,4.000000201E-10,-2.1));
#1090=LINE('',#1091,#1092);
#1091=CARTESIAN_POINT('',(-1.095359653,0.0,-2.1));
#1092=VECTOR('',#1093,1.0);
#1093=DIRECTION('',(-1.0,0.0,0.0));
#1094=ORIENTED_EDGE('',*,*,#1095,.T.);
#1095=EDGE_CURVE('NONE',#1088,#1096,#1098,.F.);
#1096=VERTEX_POINT('NONE',#1097);
#1097=CARTESIAN_POINT('',(-2.35,4.000000743E-10,-2.1));
#1098=LINE('',#1099,#1100);
#1099=CARTESIAN_POINT('',(-1.711887253,8.000000402E-10,-2.1));
#1100=VECTOR('',#1101,1.0);
#1101=DIRECTION('',(1.0,0.0,0.0));
#1102=ORIENTED_EDGE('',*,*,#1103,.T.);
#1103=EDGE_CURVE('NONE',#1096,#1104,#1106,.F.);
#1104=VERTEX_POINT('NONE',#1105);
#1105=CARTESIAN_POINT('',(-2.35,0.28723628,-2.099891362));
#1106=LINE('',#1107,#1108);
#1107=CARTESIAN_POINT('',(-2.35,0.5,-2.1));
#1108=VECTOR('',#1109,1.0);
#1109=DIRECTION('',(0.0,-1.0,0.0));
#1110=ORIENTED_EDGE('',*,*,#1111,.T.);
#1111=EDGE_CURVE('NONE',#1104,#1030,#1112,.F.);
#1112=LINE('',#1113,#1114);
#1113=CARTESIAN_POINT('',(-2.35,0.5,-2.1));
#1114=VECTOR('',#1115,1.0);
#1115=DIRECTION('',(0.0,-1.0,0.0));
#1116=PLANE('',#1117);
#1117=AXIS2_PLACEMENT_3D('',#1118,#1119,#1120);
#1118=CARTESIAN_POINT('',(-0.307106781,-0.65,-2.1));
#1119=DIRECTION('',(0.0,0.0,-1.0));
#1120=DIRECTION('',(-1.0,0.0,0.0));
#1121=ADVANCED_FACE('NONE',(#1122),#1156,.F.);
#1122=FACE_BOUND('NONE',#1123,.T.);
#1123=EDGE_LOOP('',(#1124,#1134,#1142,#1150));
#1124=ORIENTED_EDGE('',*,*,#1125,.T.);
#1125=EDGE_CURVE('NONE',#1126,#1128,#1130,.F.);
#1126=VERTEX_POINT('NONE',#1127);
#1127=CARTESIAN_POINT('',(-2.15,0.15,-0.6));
#1128=VERTEX_POINT('NONE',#1129);
#1129=CARTESIAN_POINT('',(-2.15,0.15,-1.95));
#1130=LINE('',#1131,#1132);
#1131=CARTESIAN_POINT('',(-2.15,0.15,-1.06975));
#1132=VECTOR('',#1133,1.0);
#1133=DIRECTION('',(0.0,0.0,1.0));
#1134=ORIENTED_EDGE('',*,*,#1135,.T.);
#1135=EDGE_CURVE('NONE',#1128,#1136,#1138,.F.);
#1136=VERTEX_POINT('NONE',#1137);
#1137=CARTESIAN_POINT('',(-1.75,0.15,-1.95));
#1138=LINE('',#1139,#1140);
#1139=CARTESIAN_POINT('',(-1.95,0.15,-1.95));
#1140=VECTOR('',#1141,1.0);
#1141=DIRECTION('',(-1.0,0.0,0.0));
#1142=ORIENTED_EDGE('',*,*,#1143,.T.);
#1143=EDGE_CURVE('NONE',#1136,#1144,#1146,.T.);
#1144=VERTEX_POINT('NONE',#1145);
#1145=CARTESIAN_POINT('',(-1.750000001,0.15,-0.200000001));
#1146=LINE('',#1147,#1148);
#1147=CARTESIAN_POINT('',(-1.75,0.15,-1.15));
#1148=VECTOR('',#1149,1.0);
#1149=DIRECTION('',(0.0,0.0,1.0));
#1150=ORIENTED_EDGE('',*,*,#1151,.T.);
#1151=EDGE_CURVE('NONE',#1144,#1126,#1152,.F.);
#1152=LINE('',#1153,#1154);
#1153=CARTESIAN_POINT('',(-1.7,0.15,-0.15));
#1154=VECTOR('',#1155,1.0);
#1155=DIRECTION('',(0.707106781,0.0,0.707106781));
#1156=PLANE('',#1157);
#1157=AXIS2_PLACEMENT_3D('',#1158,#1159,#1160);
#1158=CARTESIAN_POINT('',(-2.15,0.15,-1.95));
#1159=DIRECTION('',(0.0,1.0,0.0));
#1160=DIRECTION('',(0.0,0.0,1.0));
#1161=ADVANCED_FACE('NONE',(#1162),#1180,.F.);
#1162=FACE_BOUND('NONE',#1163,.T.);
#1163=EDGE_LOOP('',(#1164,#1165,#1173,#1179));
#1164=ORIENTED_EDGE('',*,*,#209,.F.);
#1165=ORIENTED_EDGE('',*,*,#1166,.T.);
#1166=EDGE_CURVE('NONE',#202,#1167,#1169,.F.);
#1167=VERTEX_POINT('NONE',#1168);
#1168=CARTESIAN_POINT('',(-1.75,-1.807003621E-17,-1.1));
#1169=LINE('',#1170,#1171);
#1170=CARTESIAN_POINT('',(-1.095359653,0.0,-1.1));
#1171=VECTOR('',#1172,1.0);
#1172=DIRECTION('',(1.0,0.0,0.0));
#1173=ORIENTED_EDGE('',*,*,#1174,.T.);
#1174=EDGE_CURVE('NONE',#1167,#1088,#1175,.T.);
#1175=LINE('',#1176,#1177);
#1176=CARTESIAN_POINT('',(-1.75,0.0,-1.15));
#1177=VECTOR('',#1178,1.0);
#1178=DIRECTION('',(0.0,0.0,-1.0));
#1179=ORIENTED_EDGE('',*,*,#1087,.F.);
#1180=PLANE('',#1181);
#1181=AXIS2_PLACEMENT_3D('',#1182,#1183,#1184);
#1182=CARTESIAN_POINT('',(-1.75,0.0,-2.1));
#1183=DIRECTION('',(0.0,1.0,0.0));
#1184=DIRECTION('',(0.0,0.0,1.0));
#1185=ADVANCED_FACE('NONE',(#1186),#1220,.F.);
#1186=FACE_BOUND('NONE',#1187,.T.);
#1187=EDGE_LOOP('',(#1188,#1198,#1206,#1214));
#1188=ORIENTED_EDGE('',*,*,#1189,.T.);
#1189=EDGE_CURVE('NONE',#1190,#1192,#1194,.F.);
#1190=VERTEX_POINT('NONE',#1191);
#1191=CARTESIAN_POINT('',(2.15,0.15,-1.95));
#1192=VERTEX_POINT('NONE',#1193);
#1193=CARTESIAN_POINT('',(2.15,0.15,-0.6));
#1194=LINE('',#1195,#1196);
#1195=CARTESIAN_POINT('',(2.15,0.15,-1.06975));
#1196=VECTOR('',#1197,1.0);
#1197=DIRECTION('',(0.0,0.0,-1.0));
#1198=ORIENTED_EDGE('',*,*,#1199,.T.);
#1199=EDGE_CURVE('NONE',#1192,#1200,#1202,.F.);
#1200=VERTEX_POINT('NONE',#1201);
#1201=CARTESIAN_POINT('',(1.750000001,0.15,-0.200000001));
#1202=LINE('',#1203,#1204);
#1203=CARTESIAN_POINT('',(2.2,0.15,-0.65));
#1204=VECTOR('',#1205,1.0);
#1205=DIRECTION('',(0.707106781,0.0,-0.707106781));
#1206=ORIENTED_EDGE('',*,*,#1207,.T.);
#1207=EDGE_CURVE('NONE',#1200,#1208,#1210,.F.);
#1208=VERTEX_POINT('NONE',#1209);
#1209=CARTESIAN_POINT('',(1.75,0.15,-1.95));
#1210=LINE('',#1211,#1212);
#1211=CARTESIAN_POINT('',(1.75,0.15,-1.15));
#1212=VECTOR('',#1213,1.0);
#1213=DIRECTION('',(0.0,0.0,1.0));
#1214=ORIENTED_EDGE('',*,*,#1215,.T.);
#1215=EDGE_CURVE('NONE',#1208,#1190,#1216,.F.);
#1216=LINE('',#1217,#1218);
#1217=CARTESIAN_POINT('',(1.95,0.15,-1.95));
#1218=VECTOR('',#1219,1.0);
#1219=DIRECTION('',(-1.0,0.0,0.0));
#1220=PLANE('',#1221);
#1221=AXIS2_PLACEMENT_3D('',#1222,#1223,#1224);
#1222=CARTESIAN_POINT('',(1.75,0.15,-1.95));
#1223=DIRECTION('',(0.0,1.0,0.0));
#1224=DIRECTION('',(0.0,0.0,1.0));
#1225=ADVANCED_FACE('NONE',(#1226),#1243,.F.);
#1226=FACE_BOUND('NONE',#1227,.T.);
#1227=EDGE_LOOP('',(#1228,#1229,#1235,#1236));
#1228=ORIENTED_EDGE('',*,*,#1174,.F.);
#1229=ORIENTED_EDGE('',*,*,#1230,.T.);
#1230=EDGE_CURVE('NONE',#1167,#1144,#1231,.T.);
#1231=LINE('',#1232,#1233);
#1232=CARTESIAN_POINT('',(-1.75,0.095833334,-0.525));
#1233=VECTOR('',#1234,1.0);
#1234=DIRECTION('',(0.0,0.164398988,0.986393924));
#1235=ORIENTED_EDGE('',*,*,#1143,.F.);
#1236=ORIENTED_EDGE('',*,*,#1237,.T.);
#1237=EDGE_CURVE('NONE',#1136,#1088,#1238,.F.);
#1238=CIRCLE('',#1239,0.15);
#1239=AXIS2_PLACEMENT_3D('',#1240,#1241,#1242);
#1240=CARTESIAN_POINT('',(-1.75,0.0,-1.95));
#1241=DIRECTION('',(1.0,0.0,0.0));
#1242=DIRECTION('',(0.0,0.0,-1.0));
#1243=PLANE('',#1244);
#1244=AXIS2_PLACEMENT_3D('',#1245,#1246,#1247);
#1245=CARTESIAN_POINT('',(-1.75,-0.0015,-0.1886));
#1246=DIRECTION('',(1.0,0.0,0.0));
#1247=DIRECTION('',(0.0,0.0,-1.0));
#1248=ADVANCED_FACE('NONE',(#1249),#1273,.T.);
#1249=FACE_BOUND('NONE',#1250,.T.);
#1250=EDGE_LOOP('',(#1251,#1259,#1265,#1272));
#1251=ORIENTED_EDGE('',*,*,#1252,.T.);
#1252=EDGE_CURVE('NONE',#1200,#1253,#1255,.T.);
#1253=VERTEX_POINT('NONE',#1254);
#1254=CARTESIAN_POINT('',(1.75,0.0,-1.1));
#1255=LINE('',#1256,#1257);
#1256=CARTESIAN_POINT('',(1.75,0.095833334,-0.525));
#1257=VECTOR('',#1258,1.0);
#1258=DIRECTION('',(0.0,-0.164398988,-0.986393924));
#1259=ORIENTED_EDGE('',*,*,#1260,.T.);
#1260=EDGE_CURVE('NONE',#1253,#567,#1261,.T.);
#1261=LINE('',#1262,#1263);
#1262=CARTESIAN_POINT('',(1.75,0.0,-1.6));
#1263=VECTOR('',#1264,1.0);
#1264=DIRECTION('',(0.0,0.0,-1.0));
#1265=ORIENTED_EDGE('',*,*,#1266,.T.);
#1266=EDGE_CURVE('NONE',#567,#1208,#1267,.T.);
#1267=CIRCLE('',#1268,0.15);
#1268=AXIS2_PLACEMENT_3D('',#1269,#1270,#1271);
#1269=CARTESIAN_POINT('',(1.75,0.0,-1.95));
#1270=DIRECTION('',(1.0,0.0,0.0));
#1271=DIRECTION('',(0.0,0.0,-1.0));
#1272=ORIENTED_EDGE('',*,*,#1207,.F.);
#1273=PLANE('',#1274);
#1274=AXIS2_PLACEMENT_3D('',#1275,#1276,#1277);
#1275=CARTESIAN_POINT('',(1.75,-0.0015,-0.1886));
#1276=DIRECTION('',(1.0,0.0,0.0));
#1277=DIRECTION('',(0.0,0.0,-1.0));
#1278=ADVANCED_FACE('NONE',(#1279),#1290,.F.);
#1279=FACE_BOUND('NONE',#1280,.T.);
#1280=EDGE_LOOP('',(#1281,#1282,#1283,#1284));
#1281=ORIENTED_EDGE('',*,*,#281,.F.);
#1282=ORIENTED_EDGE('',*,*,#566,.F.);
#1283=ORIENTED_EDGE('',*,*,#1260,.F.);
#1284=ORIENTED_EDGE('',*,*,#1285,.T.);
#1285=EDGE_CURVE('NONE',#1253,#282,#1286,.T.);
#1286=LINE('',#1287,#1288);
#1287=CARTESIAN_POINT('',(0.0,0.0,-1.1));
#1288=VECTOR('',#1289,1.0);
#1289=DIRECTION('',(-1.0,0.0,0.0));
#1290=PLANE('',#1291);
#1291=AXIS2_PLACEMENT_3D('',#1292,#1293,#1294);
#1292=CARTESIAN_POINT('',(0.239519306,0.0,-2.1));
#1293=DIRECTION('',(0.0,1.0,0.0));
#1294=DIRECTION('',(0.0,0.0,1.0));
#1295=ADVANCED_FACE('NONE',(#1296),#1392,.F.);
#1296=FACE_BOUND('NONE',#1297,.T.);
#1297=EDGE_LOOP('',(#1298,#1306,#1313,#1314,#1315,#1316,#1317,#1318,#1326,#1334,#1342,#1350,#1358,#1366,#1374,#1382,#1388,#1389,#1390,#1391));
#1298=ORIENTED_EDGE('',*,*,#1299,.T.);
#1299=EDGE_CURVE('NONE',#243,#1300,#1302,.F.);
#1300=VERTEX_POINT('NONE',#1301);
#1301=CARTESIAN_POINT('',(-0.724784451,0.1032932,-0.480240802));
#1302=LINE('',#1303,#1304);
#1303=CARTESIAN_POINT('',(-0.724784452,0.1032932,-0.480240803));
#1304=VECTOR('',#1305,1.0);
#1305=DIRECTION('',(-0.702246883,-0.117041148,-0.702246883));
#1306=ORIENTED_EDGE('',*,*,#1307,.T.);
#1307=EDGE_CURVE('NONE',#1300,#369,#1308,.F.);
#1308=(BOUNDED_CURVE()B_SPLINE_CURVE(3,(#1309,#1310,#1311,#1312),.UNSPECIFIED.,.F.,.U.)B_SPLINE_CURVE_WITH_KNOTS((4,4),(2.35619449,3.926990817),.PIECEWISE_BEZIER_KNOTS.)CURVE()GEOMETRIC_REPRESENTATION_ITEM()RATIONAL_B_SPLINE_CURVE((1.0,0.804737854,0.804737854,1.0))REPRESENTATION_ITEM(''));
#1309=CARTESIAN_POINT('',(-0.512652417,0.1032932,-0.480240803));
#1310=CARTESIAN_POINT('',(-0.574784451,0.113648539,-0.418108768));
#1311=CARTESIAN_POINT('',(-0.662652417,0.113648539,-0.418108768));
#1312=CARTESIAN_POINT('',(-0.724784451,0.1032932,-0.480240802));
#1313=ORIENTED_EDGE('',*,*,#368,.F.);
#1314=ORIENTED_EDGE('',*,*,#312,.F.);
#1315=ORIENTED_EDGE('',*,*,#289,.F.);
#1316=ORIENTED_EDGE('',*,*,#1285,.F.);
#1317=ORIENTED_EDGE('',*,*,#1252,.F.);
#1318=ORIENTED_EDGE('',*,*,#1319,.T.);
#1319=EDGE_CURVE('NONE',#1200,#1320,#1322,.F.);
#1320=VERTEX_POINT('NONE',#1321);
#1321=CARTESIAN_POINT('',(1.700000001,0.158333334,-0.15));
#1322=LINE('',#1323,#1324);
#1323=CARTESIAN_POINT('',(1.7,0.158333334,-0.15));
#1324=VECTOR('',#1325,1.0);
#1325=DIRECTION('',(0.702246883,-0.117041149,-0.702246883));
#1326=ORIENTED_EDGE('',*,*,#1327,.T.);
#1327=EDGE_CURVE('NONE',#1320,#1328,#1330,.F.);
#1328=VERTEX_POINT('NONE',#1329);
#1329=CARTESIAN_POINT('',(1.7,0.183333333,-7.499991229E-11));
#1330=LINE('',#1331,#1332);
#1331=CARTESIAN_POINT('',(1.700000001,0.095833334,-0.525));
#1332=VECTOR('',#1333,1.0);
#1333=DIRECTION('',(0.0,-0.164398988,-0.986393924));
#1334=ORIENTED_EDGE('',*,*,#1335,.T.);
#1335=EDGE_CURVE('NONE',#1328,#1336,#1338,.F.);
#1336=VERTEX_POINT('NONE',#1337);
#1337=CARTESIAN_POINT('',(1.000000001,0.183333333,-7.499993939E-11));
#1338=LINE('',#1339,#1340);
#1339=CARTESIAN_POINT('',(0.0,0.183333334,-1.499999533E-10));
#1340=VECTOR('',#1341,1.0);
#1341=DIRECTION('',(1.0,0.0,0.0));
#1342=ORIENTED_EDGE('',*,*,#1343,.T.);
#1343=EDGE_CURVE('NONE',#1336,#1344,#1346,.F.);
#1344=VERTEX_POINT('NONE',#1345);
#1345=CARTESIAN_POINT('',(1.0,0.191666667,0.05));
#1346=LINE('',#1347,#1348);
#1347=CARTESIAN_POINT('',(1.000000001,0.095833334,-0.525));
#1348=VECTOR('',#1349,1.0);
#1349=DIRECTION('',(0.0,-0.164398988,-0.986393924));
#1350=ORIENTED_EDGE('',*,*,#1351,.T.);
#1351=EDGE_CURVE('NONE',#1344,#1352,#1354,.T.);
#1352=VERTEX_POINT('NONE',#1353);
#1353=CARTESIAN_POINT('',(-1.000000001,0.191666667,0.05));
#1354=LINE('',#1355,#1356);
#1355=CARTESIAN_POINT('',(0.0,0.191666667,0.05));
#1356=VECTOR('',#1357,1.0);
#1357=DIRECTION('',(-1.0,0.0,0.0));
#1358=ORIENTED_EDGE('',*,*,#1359,.T.);
#1359=EDGE_CURVE('NONE',#1352,#1360,#1362,.F.);
#1360=VERTEX_POINT('NONE',#1361);
#1361=CARTESIAN_POINT('',(-1.0,0.183333333,-7.499997666E-11));
#1362=LINE('',#1363,#1364);
#1363=CARTESIAN_POINT('',(-1.000000001,0.095833334,-0.525));
#1364=VECTOR('',#1365,1.0);
#1365=DIRECTION('',(0.0,0.164398988,0.986393924));
#1366=ORIENTED_EDGE('',*,*,#1367,.T.);
#1367=EDGE_CURVE('NONE',#1360,#1368,#1370,.F.);
#1368=VERTEX_POINT('NONE',#1369);
#1369=CARTESIAN_POINT('',(-1.700000001,0.183333333,-9.999988305E-11));
#1370=LINE('',#1371,#1372);
#1371=CARTESIAN_POINT('',(0.0,0.183333334,-1.499999533E-10));
#1372=VECTOR('',#1373,1.0);
#1373=DIRECTION('',(1.0,0.0,0.0));
#1374=ORIENTED_EDGE('',*,*,#1375,.T.);
#1375=EDGE_CURVE('NONE',#1368,#1376,#1378,.F.);
#1376=VERTEX_POINT('NONE',#1377);
#1377=CARTESIAN_POINT('',(-1.700000001,0.158333334,-0.15));
#1378=LINE('',#1379,#1380);
#1379=CARTESIAN_POINT('',(-1.700000001,0.095833334,-0.525));
#1380=VECTOR('',#1381,1.0);
#1381=DIRECTION('',(0.0,0.164398988,0.986393924));
#1382=ORIENTED_EDGE('',*,*,#1383,.T.);
#1383=EDGE_CURVE('NONE',#1376,#1144,#1384,.F.);
#1384=LINE('',#1385,#1386);
#1385=CARTESIAN_POINT('',(-1.75,0.15,-0.2));
#1386=VECTOR('',#1387,1.0);
#1387=DIRECTION('',(0.702246883,0.117041149,0.702246883));
#1388=ORIENTED_EDGE('',*,*,#1230,.F.);
#1389=ORIENTED_EDGE('',*,*,#1166,.F.);
#1390=ORIENTED_EDGE('',*,*,#201,.F.);
#1391=ORIENTED_EDGE('',*,*,#250,.F.);
#1392=PLANE('',#1393);
#1393=AXIS2_PLACEMENT_3D('',#1394,#1395,#1396);
#1394=CARTESIAN_POINT('',(-1.75,0.0,-1.1));
#1395=DIRECTION('',(0.0,0.986393924,-0.164398988));
#1396=DIRECTION('',(0.0,0.164398988,0.986393924));
#1397=ADVANCED_FACE('NONE',(#1398),#1423,.F.);
#1398=FACE_BOUND('NONE',#1399,.T.);
#1399=EDGE_LOOP('',(#1400,#1408,#1409,#1417));
#1400=ORIENTED_EDGE('',*,*,#1401,.T.);
#1401=EDGE_CURVE('NONE',#1402,#1352,#1404,.F.);
#1402=VERTEX_POINT('NONE',#1403);
#1403=CARTESIAN_POINT('',(-1.0,0.88,0.05));
#1404=LINE('',#1405,#1406);
#1405=CARTESIAN_POINT('',(-1.0,0.535833334,0.05));
#1406=VECTOR('',#1407,1.0);
#1407=DIRECTION('',(0.0,1.0,0.0));
#1408=ORIENTED_EDGE('',*,*,#1351,.F.);
#1409=ORIENTED_EDGE('',*,*,#1410,.T.);
#1410=EDGE_CURVE('NONE',#1344,#1411,#1413,.F.);
#1411=VERTEX_POINT('NONE',#1412);
#1412=CARTESIAN_POINT('',(1.0,0.88,0.05));
#1413=LINE('',#1414,#1415);
#1414=CARTESIAN_POINT('',(1.0,0.535833334,0.05));
#1415=VECTOR('',#1416,1.0);
#1416=DIRECTION('',(0.0,-1.0,0.0));
#1417=ORIENTED_EDGE('',*,*,#1418,.T.);
#1418=EDGE_CURVE('NONE',#1411,#1402,#1419,.F.);
#1419=LINE('',#1420,#1421);
#1420=CARTESIAN_POINT('',(0.0,0.88,0.05));
#1421=VECTOR('',#1422,1.0);
#1422=DIRECTION('',(1.0,0.0,0.0));
#1423=PLANE('',#1424);
#1424=AXIS2_PLACEMENT_3D('',#1425,#1426,#1427);
#1425=CARTESIAN_POINT('',(1.0,0.191666667,0.05));
#1426=DIRECTION('',(0.0,0.0,-1.0));
#1427=DIRECTION('',(-1.0,0.0,0.0));
#1428=ADVANCED_FACE('NONE',(#1429),#1457,.T.);
#1429=FACE_BOUND('NONE',#1430,.T.);
#1430=EDGE_LOOP('',(#1431,#1447,#1456));
#1431=ORIENTED_EDGE('',*,*,#1432,.T.);
#1432=EDGE_CURVE('NONE',#1096,#1433,#1435,.F.);
#1433=VERTEX_POINT('NONE',#1434);
#1434=CARTESIAN_POINT('',(-2.175358398,0.132852275,-2.019517783));
#1435=B_SPLINE_CURVE_WITH_KNOTS('',3,(#1436,#1437,#1438,#1439,#1440,#1441,#1442,#1443,#1444,#1445,#1446),.UNSPECIFIED.,.F.,.U.,(4,1,1,1,1,1,1,1,4),(0.0,0.102817693,0.242019092,0.319321352,0.528344342,0.701254875,0.835686904,0.933550814,1.0),.UNSPECIFIED.);
#1436=CARTESIAN_POINT('',(-2.175358398,0.132852275,-2.019517783));
#1437=CARTESIAN_POINT('',(-2.180596575,0.129677386,-2.025139716));
#1438=CARTESIAN_POINT('',(-2.192911426,0.12207729,-2.038318303));
#1439=CARTESIAN_POINT('',(-2.213043078,0.111390729,-2.050817686));
#1440=CARTESIAN_POINT('',(-2.240851713,0.097145574,-2.064955301));
#1441=CARTESIAN_POINT('',(-2.27086522,0.079677663,-2.078038367));
#1442=CARTESIAN_POINT('',(-2.30433818,0.057226762,-2.089368469));
#1443=CARTESIAN_POINT('',(-2.328134663,0.036083836,-2.095989464));
#1444=CARTESIAN_POINT('',(-2.344864937,0.018099974,-2.099382683));
#1445=CARTESIAN_POINT('',(-2.348521332,0.005211981,-2.09982224));
#1446=CARTESIAN_POINT('',(-2.35,4.000000743E-10,-2.1));
#1447=ORIENTED_EDGE('',*,*,#1448,.T.);
#1448=EDGE_CURVE('NONE',#1433,#1104,#1449,.F.);
#1449=B_SPLINE_CURVE_WITH_KNOTS('',3,(#1450,#1451,#1452,#1453,#1454,#1455),.UNSPECIFIED.,.F.,.U.,(4,2,4),(0.0,0.5,1.0),.UNSPECIFIED.);
#1450=CARTESIAN_POINT('',(-2.35,0.28723628,-2.099891362));
#1451=CARTESIAN_POINT('',(-2.35,0.250724801,-2.080822737));
#1452=CARTESIAN_POINT('',(-2.332943066,0.208120051,-2.058657638));
#1453=CARTESIAN_POINT('',(-2.264737896,0.147876614,-2.027306635));
#1454=CARTESIAN_POINT('',(-2.216515976,0.13281692,-2.019469292));
#1455=CARTESIAN_POINT('',(-2.175358398,0.132852275,-2.019517783));
#1456=ORIENTED_EDGE('',*,*,#1103,.F.);
#1457=(BOUNDED_SURFACE()B_SPLINE_SURFACE(2,3,((#1458,#1459,#1460,#1461,#1462,#1463,#1464,#1465,#1466,#1467),(#1468,#1469,#1470,#1471,#1472,#1473,#1474,#1475,#1476,#1477),(#1478,#1479,#1480,#1481,#1482,#1483,#1484,#1485,#1486,#1487)),.UNSPECIFIED.,.F.,.F.,.U.)B_SPLINE_SURFACE_WITH_KNOTS((3,3),(4,2,2,2,4),(0.0,1.0),(0.0,0.272183692,0.544367385,0.816551077,1.08873477),.UNSPECIFIED.)GEOMETRIC_REPRESENTATION_ITEM()RATIONAL_B_SPLINE_SURFACE(((1.0,1.0,1.0,1.0,1.0,1.0,1.0,1.0,1.0,1.0),(0.99517844,0.994938307,0.975787271,0.934383291,0.908253747,0.850133187,0.818099595,0.757131996,0.728290144,0.707579112),(1.0,1.0,1.0,1.0,1.0,1.0,1.0,1.0,1.0,1.0)))REPRESENTATION_ITEM('')SURFACE());
#1458=CARTESIAN_POINT('',(-2.35,0.0,-2.1));
#1459=CARTESIAN_POINT('',(-2.35,0.013571129,-2.100000003));
#1460=CARTESIAN_POINT('',(-2.35,0.032036855,-2.1));
#1461=CARTESIAN_POINT('',(-2.35,0.076283903,-2.1));
#1462=CARTESIAN_POINT('',(-2.35,0.102084329,-2.1));
#1463=CARTESIAN_POINT('',(-2.35,0.156651559,-2.1));
#1464=CARTESIAN_POINT('',(-2.35,0.185385623,-2.1));
#1465=CARTESIAN_POINT('',(-2.35,0.240084849,-2.1));
#1466=CARTESIAN_POINT('',(-2.35,0.266018708,-2.1));
#1467=CARTESIAN_POINT('',(-2.35,0.287640741,-2.1));
#1468=CARTESIAN_POINT('',(-2.35,0.0,-2.1));
#1469=CARTESIAN_POINT('',(-2.349634686,0.013576945,-2.100000764));
#1470=CARTESIAN_POINT('',(-2.34359425,0.029724132,-2.098048456));
#1471=CARTESIAN_POINT('',(-2.332352865,0.063429715,-2.087417602));
#1472=CARTESIAN_POINT('',(-2.326190808,0.08097962,-2.078584492));
#1473=CARTESIAN_POINT('',(-2.319539779,0.110889966,-2.055951669));
#1474=CARTESIAN_POINT('',(-2.319335576,0.123016133,-2.042012323));
#1475=CARTESIAN_POINT('',(-2.329122384,0.13574386,-2.020704726));
#1476=CARTESIAN_POINT('',(-2.33949724,0.135837665,-2.014033828));
#1477=CARTESIAN_POINT('',(-2.349766929,0.13311267,-2.019146335));
#1478=CARTESIAN_POINT('',(-2.35,0.0,-2.1));
#1479=CARTESIAN_POINT('',(-2.349264688,0.013691712,-2.099999999));
#1480=CARTESIAN_POINT('',(-2.337224286,0.027217226,-2.098136524));
#1481=CARTESIAN_POINT('',(-2.309545741,0.053433388,-2.090819318));
#1482=CARTESIAN_POINT('',(-2.291886157,0.066039593,-2.085366094));
#1483=CARTESIAN_POINT('',(-2.254443039,0.089323513,-2.07127043));
#1484=CARTESIAN_POINT('',(-2.234653957,0.099999616,-2.062628966));
#1485=CARTESIAN_POINT('',(-2.199649845,0.118636951,-2.042792677));
#1486=CARTESIAN_POINT('',(-2.184438266,0.126593237,-2.031606215));
#1487=CARTESIAN_POINT('',(-2.175364819,0.132906158,-2.019541018));
#1488=ADVANCED_FACE('NONE',(#1489),#1502,.F.);
#1489=FACE_BOUND('NONE',#1490,.T.);
#1490=EDGE_LOOP('',(#1491,#1492,#1493,#1494,#1501));
#1491=ORIENTED_EDGE('',*,*,#1095,.F.);
#1492=ORIENTED_EDGE('',*,*,#1237,.F.);
#1493=ORIENTED_EDGE('',*,*,#1135,.F.);
#1494=ORIENTED_EDGE('',*,*,#1495,.T.);
#1495=EDGE_CURVE('NONE',#1128,#1433,#1496,.F.);
#1496=B_SPLINE_CURVE_WITH_KNOTS('',3,(#1497,#1498,#1499,#1500),.UNSPECIFIED.,.F.,.U.,(4,4),(0.0,1.0),.PIECEWISE_BEZIER_KNOTS.);
#1497=CARTESIAN_POINT('',(-2.175358398,0.132852275,-2.019517783));
#1498=CARTESIAN_POINT('',(-2.15941204,0.143913992,-1.99815079));
#1499=CARTESIAN_POINT('',(-2.15000037,0.15,-1.97416234));
#1500=CARTESIAN_POINT('',(-2.15,0.15,-1.95));
#1501=ORIENTED_EDGE('',*,*,#1432,.F.);
#1502=CYLINDRICAL_SURFACE('',#1503,0.15);
#1503=AXIS2_PLACEMENT_3D('',#1504,#1505,#1506);
#1504=CARTESIAN_POINT('',(-2.3536,0.0,-1.95));
#1505=DIRECTION('',(1.0,0.0,0.0));
#1506=DIRECTION('',(0.0,0.0,-1.0));
#1507=ADVANCED_FACE('NONE',(#1508),#1542,.T.);
#1508=FACE_BOUND('NONE',#1509,.T.);
#1509=EDGE_LOOP('',(#1510,#1520,#1528,#1536));
#1510=ORIENTED_EDGE('',*,*,#1511,.T.);
#1511=EDGE_CURVE('NONE',#1512,#1514,#1516,.F.);
#1512=VERTEX_POINT('NONE',#1513);
#1513=CARTESIAN_POINT('',(-2.1,0.658571429,-0.25));
#1514=VERTEX_POINT('NONE',#1515);
#1515=CARTESIAN_POINT('',(-2.1,0.4,-0.25));
#1516=LINE('',#1517,#1518);
#1517=CARTESIAN_POINT('',(-2.1,0.529285715,-0.25));
#1518=VECTOR('',#1519,1.0);
#1519=DIRECTION('',(0.0,1.0,0.0));
#1520=ORIENTED_EDGE('',*,*,#1521,.T.);
#1521=EDGE_CURVE('NONE',#1514,#1522,#1524,.T.);
#1522=VERTEX_POINT('NONE',#1523);
#1523=CARTESIAN_POINT('',(-1.8,0.4,-0.25));
#1524=LINE('',#1525,#1526);
#1525=CARTESIAN_POINT('',(-1.9491,0.4,-0.25));
#1526=VECTOR('',#1527,1.0);
#1527=DIRECTION('',(1.0,0.0,0.0));
#1528=ORIENTED_EDGE('',*,*,#1529,.T.);
#1529=EDGE_CURVE('NONE',#1522,#1530,#1532,.T.);
#1530=VERTEX_POINT('NONE',#1531);
#1531=CARTESIAN_POINT('',(-1.8,0.637142857,-0.25));
#1532=LINE('',#1533,#1534);
#1533=CARTESIAN_POINT('',(-1.8,0.409404286,-0.25));
#1534=VECTOR('',#1535,1.0);
#1535=DIRECTION('',(0.0,1.0,0.0));
#1536=ORIENTED_EDGE('',*,*,#1537,.T.);
#1537=EDGE_CURVE('NONE',#1530,#1512,#1538,.F.);
#1538=LINE('',#1539,#1540);
#1539=CARTESIAN_POINT('',(-2.05,0.655,-0.25));
#1540=VECTOR('',#1541,1.0);
#1541=DIRECTION('',(0.9974587,-0.07124705,0.0));
#1542=PLANE('',#1543);
#1543=AXIS2_PLACEMENT_3D('',#1544,#1545,#1546);
#1544=CARTESIAN_POINT('',(-2.1,0.4,-0.25));
#1545=DIRECTION('',(0.0,0.0,1.0));
#1546=DIRECTION('',(1.0,0.0,0.0));
#1547=ADVANCED_FACE('NONE',(#1548),#1573,.T.);
#1548=FACE_BOUND('NONE',#1549,.T.);
#1549=EDGE_LOOP('',(#1550,#1551,#1559,#1567));
#1550=ORIENTED_EDGE('',*,*,#1511,.F.);
#1551=ORIENTED_EDGE('',*,*,#1552,.T.);
#1552=EDGE_CURVE('NONE',#1512,#1553,#1555,.F.);
#1553=VERTEX_POINT('NONE',#1554);
#1554=CARTESIAN_POINT('',(-2.1,0.658571429,-0.55));
#1555=LINE('',#1556,#1557);
#1556=CARTESIAN_POINT('',(-2.1,0.658571429,-0.325));
#1557=VECTOR('',#1558,1.0);
#1558=DIRECTION('',(0.0,0.0,1.0));
#1559=ORIENTED_EDGE('',*,*,#1560,.T.);
#1560=EDGE_CURVE('NONE',#1553,#1561,#1563,.T.);
#1561=VERTEX_POINT('NONE',#1562);
#1562=CARTESIAN_POINT('',(-2.1,0.4,-0.55));
#1563=LINE('',#1564,#1565);
#1564=CARTESIAN_POINT('',(-2.1,0.409404286,-0.55));
#1565=VECTOR('',#1566,1.0);
#1566=DIRECTION('',(0.0,-1.0,0.0));
#1567=ORIENTED_EDGE('',*,*,#1568,.T.);
#1568=EDGE_CURVE('NONE',#1561,#1514,#1569,.T.);
#1569=LINE('',#1570,#1571);
#1570=CARTESIAN_POINT('',(-2.1,0.4,-0.4009));
#1571=VECTOR('',#1572,1.0);
#1572=DIRECTION('',(0.0,0.0,1.0));
#1573=PLANE('',#1574);
#1574=AXIS2_PLACEMENT_3D('',#1575,#1576,#1577);
#1575=CARTESIAN_POINT('',(-2.1,0.4,-0.55));
#1576=DIRECTION('',(-1.0,0.0,0.0));
#1577=DIRECTION('',(0.0,0.0,1.0));
#1578=ADVANCED_FACE('NONE',(#1579),#1589,.F.);
#1579=FACE_BOUND('NONE',#1580,.T.);
#1580=EDGE_LOOP('',(#1581,#1587,#1588));
#1581=ORIENTED_EDGE('',*,*,#1582,.T.);
#1582=EDGE_CURVE('NONE',#1561,#1522,#1583,.T.);
#1583=LINE('',#1584,#1585);
#1584=CARTESIAN_POINT('',(-1.95,0.4,-0.4));
#1585=VECTOR('',#1586,1.0);
#1586=DIRECTION('',(0.707106781,0.0,0.707106781));
#1587=ORIENTED_EDGE('',*,*,#1521,.F.);
#1588=ORIENTED_EDGE('',*,*,#1568,.F.);
#1589=PLANE('',#1590);
#1590=AXIS2_PLACEMENT_3D('',#1591,#1592,#1593);
#1591=CARTESIAN_POINT('',(-2.1,0.4,-0.5518));
#1592=DIRECTION('',(0.0,1.0,0.0));
#1593=DIRECTION('',(0.0,0.0,1.0));
#1594=ADVANCED_FACE('NONE',(#1595),#1622,.F.);
#1595=FACE_BOUND('NONE',#1596,.T.);
#1596=EDGE_LOOP('',(#1597,#1598,#1599,#1600,#1615));
#1597=ORIENTED_EDGE('',*,*,#1215,.F.);
#1598=ORIENTED_EDGE('',*,*,#1266,.F.);
#1599=ORIENTED_EDGE('',*,*,#666,.F.);
#1600=ORIENTED_EDGE('',*,*,#1601,.T.);
#1601=EDGE_CURVE('NONE',#659,#1602,#1604,.F.);
#1602=VERTEX_POINT('NONE',#1603);
#1603=CARTESIAN_POINT('',(2.175373794,0.132837963,-2.019546366));
#1604=B_SPLINE_CURVE_WITH_KNOTS('',3,(#1605,#1606,#1607,#1608,#1609,#1610,#1611,#1612,#1613,#1614),.UNSPECIFIED.,.F.,.U.,(4,2,2,2,4),(0.0,0.249833236,0.499888824,0.749944412,1.0),.UNSPECIFIED.);
#1605=CARTESIAN_POINT('',(2.175373794,0.132837963,-2.019546366));
#1606=CARTESIAN_POINT('',(2.18446532,0.126579086,-2.031626108));
#1607=CARTESIAN_POINT('',(2.199665408,0.118628665,-2.042801496));
#1608=CARTESIAN_POINT('',(2.234653957,0.099999616,-2.062628966));
#1609=CARTESIAN_POINT('',(2.254443039,0.089323513,-2.07127043));
#1610=CARTESIAN_POINT('',(2.291886157,0.066039593,-2.085366094));
#1611=CARTESIAN_POINT('',(2.309545741,0.053433388,-2.090819318));
#1612=CARTESIAN_POINT('',(2.337224286,0.027217226,-2.098136524));
#1613=CARTESIAN_POINT('',(2.349264688,0.013691712,-2.099999999));
#1614=CARTESIAN_POINT('',(2.35,-1.547615931E-11,-2.1));
#1615=ORIENTED_EDGE('',*,*,#1616,.T.);
#1616=EDGE_CURVE('NONE',#1602,#1190,#1617,.F.);
#1617=B_SPLINE_CURVE_WITH_KNOTS('',3,(#1618,#1619,#1620,#1621),.UNSPECIFIED.,.F.,.U.,(4,4),(0.0,1.0),.PIECEWISE_BEZIER_KNOTS.);
#1618=CARTESIAN_POINT('',(2.15,0.15,-1.95));
#1619=CARTESIAN_POINT('',(2.15000037,0.15,-1.974170682));
#1620=CARTESIAN_POINT('',(2.159418541,0.143909788,-1.998167355));
#1621=CARTESIAN_POINT('',(2.175373794,0.132837963,-2.019546366));
#1622=CYLINDRICAL_SURFACE('',#1623,0.15);
#1623=AXIS2_PLACEMENT_3D('',#1624,#1625,#1626);
#1624=CARTESIAN_POINT('',(1.75,0.0,-1.95));
#1625=DIRECTION('',(1.0,0.0,0.0));
#1626=DIRECTION('',(0.0,0.0,-1.0));
#1627=ADVANCED_FACE('NONE',(#1628),#1638,.T.);
#1628=FACE_BOUND('NONE',#1629,.T.);
#1629=EDGE_LOOP('',(#1630,#1631,#1637));
#1630=ORIENTED_EDGE('',*,*,#658,.F.);
#1631=ORIENTED_EDGE('',*,*,#1632,.T.);
#1632=EDGE_CURVE('NONE',#651,#1602,#1633,.F.);
#1633=(BOUNDED_CURVE()B_SPLINE_CURVE(2,(#1634,#1635,#1636),.UNSPECIFIED.,.F.,.U.)B_SPLINE_CURVE_WITH_KNOTS((3,3),(0.0,1.0),.PIECEWISE_BEZIER_KNOTS.)CURVE()GEOMETRIC_REPRESENTATION_ITEM()RATIONAL_B_SPLINE_CURVE((1.0,0.707106781,1.0))REPRESENTATION_ITEM(''));
#1634=CARTESIAN_POINT('',(2.175373794,0.132837963,-2.019546366));
#1635=CARTESIAN_POINT('',(2.35,0.132784805,-2.019518566));
#1636=CARTESIAN_POINT('',(2.35,0.286845104,-2.1));
#1637=ORIENTED_EDGE('',*,*,#1601,.F.);
#1638=(BOUNDED_SURFACE()B_SPLINE_SURFACE(2,3,((#1639,#1640,#1641,#1642,#1643,#1644,#1645,#1646,#1647,#1648),(#1649,#1650,#1651,#1652,#1653,#1654,#1655,#1656,#1657,#1658),(#1659,#1660,#1661,#1662,#1663,#1664,#1665,#1666,#1667,#1668)),.UNSPECIFIED.,.F.,.F.,.U.)B_SPLINE_SURFACE_WITH_KNOTS((3,3),(4,2,2,2,4),(0.0,1.0),(2.052857884,2.325041577,2.597225269,2.869408961,3.141592654),.UNSPECIFIED.)GEOMETRIC_REPRESENTATION_ITEM()RATIONAL_B_SPLINE_SURFACE(((1.0,1.0,1.0,1.0,1.0,1.0,1.0,1.0,1.0,1.0),(0.707579113,0.728290144,0.757131996,0.818099595,0.850133188,0.908253747,0.934383291,0.975787271,0.994938307,0.99517844),(1.0,1.0,1.0,1.0,1.0,1.0,1.0,1.0,1.0,1.0)))REPRESENTATION_ITEM('')SURFACE());
#1639=CARTESIAN_POINT('',(2.35,0.287640741,-2.1));
#1640=CARTESIAN_POINT('',(2.35,0.266018708,-2.1));
#1641=CARTESIAN_POINT('',(2.35,0.240084849,-2.1));
#1642=CARTESIAN_POINT('',(2.35,0.185385622,-2.1));
#1643=CARTESIAN_POINT('',(2.35,0.156651559,-2.1));
#1644=CARTESIAN_POINT('',(2.35,0.102084329,-2.1));
#1645=CARTESIAN_POINT('',(2.35,0.076283903,-2.1));
#1646=CARTESIAN_POINT('',(2.35,0.032036855,-2.1));
#1647=CARTESIAN_POINT('',(2.35,0.013571129,-2.100000003));
#1648=CARTESIAN_POINT('',(2.35,0.0,-2.1));
#1649=CARTESIAN_POINT('',(2.349766929,0.13311267,-2.019146335));
#1650=CARTESIAN_POINT('',(2.33949724,0.135837665,-2.014033828));
#1651=CARTESIAN_POINT('',(2.329122384,0.13574386,-2.020704726));
#1652=CARTESIAN_POINT('',(2.319335576,0.123016133,-2.042012323));
#1653=CARTESIAN_POINT('',(2.319539779,0.110889966,-2.055951669));
#1654=CARTESIAN_POINT('',(2.326190808,0.08097962,-2.078584492));
#1655=CARTESIAN_POINT('',(2.332352865,0.063429715,-2.087417602));
#1656=CARTESIAN_POINT('',(2.34359425,0.029724132,-2.098048456));
#1657=CARTESIAN_POINT('',(2.349634686,0.013576945,-2.100000764));
#1658=CARTESIAN_POINT('',(2.35,0.0,-2.1));
#1659=CARTESIAN_POINT('',(2.175364819,0.132906158,-2.019541018));
#1660=CARTESIAN_POINT('',(2.184438266,0.126593237,-2.031606215));
#1661=CARTESIAN_POINT('',(2.199649845,0.118636951,-2.042792677));
#1662=CARTESIAN_POINT('',(2.234653957,0.099999616,-2.062628966));
#1663=CARTESIAN_POINT('',(2.254443039,0.089323513,-2.07127043));
#1664=CARTESIAN_POINT('',(2.291886157,0.066039593,-2.085366094));
#1665=CARTESIAN_POINT('',(2.309545741,0.053433388,-2.090819318));
#1666=CARTESIAN_POINT('',(2.337224286,0.027217226,-2.098136524));
#1667=CARTESIAN_POINT('',(2.349264688,0.013691712,-2.099999999));
#1668=CARTESIAN_POINT('',(2.35,0.0,-2.1));
#1669=ADVANCED_FACE('NONE',(#1670),#1696,.F.);
#1670=FACE_BOUND('NONE',#1671,.T.);
#1671=EDGE_LOOP('',(#1672,#1682,#1690));
#1672=ORIENTED_EDGE('',*,*,#1673,.T.);
#1673=EDGE_CURVE('NONE',#1674,#1676,#1678,.T.);
#1674=VERTEX_POINT('NONE',#1675);
#1675=CARTESIAN_POINT('',(1.8,0.4,-0.25));
#1676=VERTEX_POINT('NONE',#1677);
#1677=CARTESIAN_POINT('',(2.1,0.4,-0.55));
#1678=LINE('',#1679,#1680);
#1679=CARTESIAN_POINT('',(1.95,0.4,-0.4));
#1680=VECTOR('',#1681,1.0);
#1681=DIRECTION('',(0.707106781,0.0,-0.707106781));
#1682=ORIENTED_EDGE('',*,*,#1683,.T.);
#1683=EDGE_CURVE('NONE',#1676,#1684,#1686,.F.);
#1684=VERTEX_POINT('NONE',#1685);
#1685=CARTESIAN_POINT('',(2.1,0.4,-0.25));
#1686=LINE('',#1687,#1688);
#1687=CARTESIAN_POINT('',(2.1,0.4,-0.4));
#1688=VECTOR('',#1689,1.0);
#1689=DIRECTION('',(0.0,0.0,-1.0));
#1690=ORIENTED_EDGE('',*,*,#1691,.T.);
#1691=EDGE_CURVE('NONE',#1684,#1674,#1692,.F.);
#1692=LINE('',#1693,#1694);
#1693=CARTESIAN_POINT('',(1.95,0.4,-0.25));
#1694=VECTOR('',#1695,1.0);
#1695=DIRECTION('',(1.0,0.0,0.0));
#1696=PLANE('',#1697);
#1697=AXIS2_PLACEMENT_3D('',#1698,#1699,#1700);
#1698=CARTESIAN_POINT('',(1.7982,0.4,-0.5518));
#1699=DIRECTION('',(0.0,1.0,0.0));
#1700=DIRECTION('',(0.0,0.0,1.0));
#1701=ADVANCED_FACE('NONE',(#1702),#1727,.T.);
#1702=FACE_BOUND('NONE',#1703,.T.);
#1703=EDGE_LOOP('',(#1704,#1712,#1720,#1726));
#1704=ORIENTED_EDGE('',*,*,#1705,.T.);
#1705=EDGE_CURVE('NONE',#1684,#1706,#1708,.F.);
#1706=VERTEX_POINT('NONE',#1707);
#1707=CARTESIAN_POINT('',(2.1,0.658571429,-0.25));
#1708=LINE('',#1709,#1710);
#1709=CARTESIAN_POINT('',(2.1,0.529285715,-0.25));
#1710=VECTOR('',#1711,1.0);
#1711=DIRECTION('',(0.0,-1.0,0.0));
#1712=ORIENTED_EDGE('',*,*,#1713,.T.);
#1713=EDGE_CURVE('NONE',#1706,#1714,#1716,.F.);
#1714=VERTEX_POINT('NONE',#1715);
#1715=CARTESIAN_POINT('',(1.8,0.637142857,-0.25));
#1716=LINE('',#1717,#1718);
#1717=CARTESIAN_POINT('',(2.05,0.655,-0.25));
#1718=VECTOR('',#1719,1.0);
#1719=DIRECTION('',(0.9974587,0.07124705,0.0));
#1720=ORIENTED_EDGE('',*,*,#1721,.T.);
#1721=EDGE_CURVE('NONE',#1714,#1674,#1722,.T.);
#1722=LINE('',#1723,#1724);
#1723=CARTESIAN_POINT('',(1.8,0.409404286,-0.25));
#1724=VECTOR('',#1725,1.0);
#1725=DIRECTION('',(0.0,-1.0,0.0));
#1726=ORIENTED_EDGE('',*,*,#1691,.F.);
#1727=PLANE('',#1728);
#1728=AXIS2_PLACEMENT_3D('',#1729,#1730,#1731);
#1729=CARTESIAN_POINT('',(1.8,0.4,-0.25));
#1730=DIRECTION('',(0.0,0.0,1.0));
#1731=DIRECTION('',(1.0,0.0,0.0));
#1732=ADVANCED_FACE('NONE',(#1733),#1751,.T.);
#1733=FACE_BOUND('NONE',#1734,.T.);
#1734=EDGE_LOOP('',(#1735,#1736,#1737,#1745));
#1735=ORIENTED_EDGE('',*,*,#1705,.F.);
#1736=ORIENTED_EDGE('',*,*,#1683,.F.);
#1737=ORIENTED_EDGE('',*,*,#1738,.T.);
#1738=EDGE_CURVE('NONE',#1676,#1739,#1741,.T.);
#1739=VERTEX_POINT('NONE',#1740);
#1740=CARTESIAN_POINT('',(2.1,0.658571429,-0.55));
#1741=LINE('',#1742,#1743);
#1742=CARTESIAN_POINT('',(2.1,0.409404286,-0.55));
#1743=VECTOR('',#1744,1.0);
#1744=DIRECTION('',(0.0,1.0,0.0));
#1745=ORIENTED_EDGE('',*,*,#1746,.T.);
#1746=EDGE_CURVE('NONE',#1739,#1706,#1747,.F.);
#1747=LINE('',#1748,#1749);
#1748=CARTESIAN_POINT('',(2.1,0.658571429,-0.325));
#1749=VECTOR('',#1750,1.0);
#1750=DIRECTION('',(0.0,0.0,-1.0));
#1751=PLANE('',#1752);
#1752=AXIS2_PLACEMENT_3D('',#1753,#1754,#1755);
#1753=CARTESIAN_POINT('',(2.1,0.4,-0.25));
#1754=DIRECTION('',(1.0,0.0,0.0));
#1755=DIRECTION('',(0.0,0.0,-1.0));
#1756=ADVANCED_FACE('NONE',(#1757),#1814,.T.);
#1757=FACE_BOUND('NONE',#1758,.T.);
#1758=EDGE_LOOP('',(#1759,#1769,#1777,#1785,#1793,#1801,#1807,#1808));
#1759=ORIENTED_EDGE('',*,*,#1760,.T.);
#1760=EDGE_CURVE('NONE',#1761,#1763,#1765,.T.);
#1761=VERTEX_POINT('NONE',#1762);
#1762=CARTESIAN_POINT('',(1.0,0.88,5.000001606E-11));
#1763=VERTEX_POINT('NONE',#1764);
#1764=CARTESIAN_POINT('',(1.25,0.88,3.333334404E-11));
#1765=LINE('',#1766,#1767);
#1766=CARTESIAN_POINT('',(0.0,0.88,5.000001606E-11));
#1767=VECTOR('',#1768,1.0);
#1768=DIRECTION('',(1.0,0.0,0.0));
#1769=ORIENTED_EDGE('',*,*,#1770,.T.);
#1770=EDGE_CURVE('NONE',#1763,#1771,#1773,.T.);
#1771=VERTEX_POINT('NONE',#1772);
#1772=CARTESIAN_POINT('',(1.25,0.88,-0.1));
#1773=LINE('',#1774,#1775);
#1774=CARTESIAN_POINT('',(1.25,0.88,-0.025));
#1775=VECTOR('',#1776,1.0);
#1776=DIRECTION('',(0.0,0.0,-1.0));
#1777=ORIENTED_EDGE('',*,*,#1778,.T.);
#1778=EDGE_CURVE('NONE',#1771,#1779,#1781,.F.);
#1779=VERTEX_POINT('NONE',#1780);
#1780=CARTESIAN_POINT('',(-1.25,0.88,-0.1));
#1781=LINE('',#1782,#1783);
#1782=CARTESIAN_POINT('',(0.0,0.88,-0.1));
#1783=VECTOR('',#1784,1.0);
#1784=DIRECTION('',(1.0,0.0,0.0));
#1785=ORIENTED_EDGE('',*,*,#1786,.T.);
#1786=EDGE_CURVE('NONE',#1779,#1787,#1789,.T.);
#1787=VERTEX_POINT('NONE',#1788);
#1788=CARTESIAN_POINT('',(-1.25,0.88,3.333334404E-11));
#1789=LINE('',#1790,#1791);
#1790=CARTESIAN_POINT('',(-1.25,0.88,-0.025));
#1791=VECTOR('',#1792,1.0);
#1792=DIRECTION('',(0.0,0.0,1.0));
#1793=ORIENTED_EDGE('',*,*,#1794,.T.);
#1794=EDGE_CURVE('NONE',#1787,#1795,#1797,.T.);
#1795=VERTEX_POINT('NONE',#1796);
#1796=CARTESIAN_POINT('',(-1.0,0.88,5.000001606E-11));
#1797=LINE('',#1798,#1799);
#1798=CARTESIAN_POINT('',(0.0,0.88,5.000001606E-11));
#1799=VECTOR('',#1800,1.0);
#1800=DIRECTION('',(1.0,0.0,0.0));
#1801=ORIENTED_EDGE('',*,*,#1802,.T.);
#1802=EDGE_CURVE('NONE',#1795,#1402,#1803,.T.);
#1803=LINE('',#1804,#1805);
#1804=CARTESIAN_POINT('',(-1.0,0.88,0.025));
#1805=VECTOR('',#1806,1.0);
#1806=DIRECTION('',(0.0,0.0,1.0));
#1807=ORIENTED_EDGE('',*,*,#1418,.F.);
#1808=ORIENTED_EDGE('',*,*,#1809,.T.);
#1809=EDGE_CURVE('NONE',#1411,#1761,#1810,.T.);
#1810=LINE('',#1811,#1812);
#1811=CARTESIAN_POINT('',(1.0,0.88,0.025));
#1812=VECTOR('',#1813,1.0);
#1813=DIRECTION('',(0.0,0.0,-1.0));
#1814=PLANE('',#1815);
#1815=AXIS2_PLACEMENT_3D('',#1816,#1817,#1818);
#1816=CARTESIAN_POINT('',(-1.25,0.88,-0.1));
#1817=DIRECTION('',(0.0,1.0,0.0));
#1818=DIRECTION('',(0.0,0.0,1.0));
#1819=ADVANCED_FACE('NONE',(#1820),#1897,.F.);
#1820=FACE_BOUND('NONE',#1821,.T.);
#1821=EDGE_LOOP('',(#1822,#1832,#1840,#1849,#1858,#1866,#1874,#1882,#1891));
#1822=ORIENTED_EDGE('',*,*,#1823,.T.);
#1823=EDGE_CURVE('NONE',#1824,#1826,#1828,.T.);
#1824=VERTEX_POINT('NONE',#1825);
#1825=CARTESIAN_POINT('',(1.2,2.1,-1.0));
#1826=VERTEX_POINT('NONE',#1827);
#1827=CARTESIAN_POINT('',(1.2,2.1,-2.4));
#1828=LINE('',#1829,#1830);
#1829=CARTESIAN_POINT('',(1.2,2.1,-1.7));
#1830=VECTOR('',#1831,1.0);
#1831=DIRECTION('',(0.0,0.0,-1.0));
#1832=ORIENTED_EDGE('',*,*,#1833,.T.);
#1833=EDGE_CURVE('NONE',#1826,#1834,#1836,.F.);
#1834=VERTEX_POINT('NONE',#1835);
#1835=CARTESIAN_POINT('',(0.565685425,2.1,-2.4));
#1836=LINE('',#1837,#1838);
#1837=CARTESIAN_POINT('',(0.0,2.1,-2.4));
#1838=VECTOR('',#1839,1.0);
#1839=DIRECTION('',(1.0,0.0,0.0));
#1840=ORIENTED_EDGE('',*,*,#1841,.T.);
#1841=EDGE_CURVE('NONE',#1834,#1842,#1844,.F.);
#1842=VERTEX_POINT('NONE',#1843);
#1843=CARTESIAN_POINT('',(0.0,2.1,-2.6));
#1844=(BOUNDED_CURVE()B_SPLINE_CURVE(3,(#1845,#1846,#1847,#1848),.UNSPECIFIED.,.F.,.U.)B_SPLINE_CURVE_WITH_KNOTS((4,4),(0.0,1.0),.PIECEWISE_BEZIER_KNOTS.)CURVE()GEOMETRIC_REPRESENTATION_ITEM()RATIONAL_B_SPLINE_CURVE((0.956578302,0.919896245,0.919673223,0.955909236))REPRESENTATION_ITEM(''));
#1845=CARTESIAN_POINT('',(0.0,2.1,-2.6));
#1846=CARTESIAN_POINT('',(0.207902514,2.1,-2.6));
#1847=CARTESIAN_POINT('',(0.403944257,2.1,-2.530706603));
#1848=CARTESIAN_POINT('',(0.565685425,2.1,-2.4));
#1849=ORIENTED_EDGE('',*,*,#1850,.T.);
#1850=EDGE_CURVE('NONE',#1842,#1851,#1853,.F.);
#1851=VERTEX_POINT('NONE',#1852);
#1852=CARTESIAN_POINT('',(-0.565685425,2.1,-2.4));
#1853=(BOUNDED_CURVE()B_SPLINE_CURVE(3,(#1854,#1855,#1856,#1857),.UNSPECIFIED.,.F.,.U.)B_SPLINE_CURVE_WITH_KNOTS((4,4),(0.0,1.0),.PIECEWISE_BEZIER_KNOTS.)CURVE()GEOMETRIC_REPRESENTATION_ITEM()RATIONAL_B_SPLINE_CURVE((0.955909236,0.919673223,0.919896245,0.956578302))REPRESENTATION_ITEM(''));
#1854=CARTESIAN_POINT('',(-0.565685425,2.1,-2.4));
#1855=CARTESIAN_POINT('',(-0.403944257,2.1,-2.530706603));
#1856=CARTESIAN_POINT('',(-0.207902514,2.1,-2.6));
#1857=CARTESIAN_POINT('',(0.0,2.1,-2.6));
#1858=ORIENTED_EDGE('',*,*,#1859,.T.);
#1859=EDGE_CURVE('NONE',#1851,#1860,#1862,.T.);
#1860=VERTEX_POINT('NONE',#1861);
#1861=CARTESIAN_POINT('',(-1.2,2.1,-2.4));
#1862=LINE('',#1863,#1864);
#1863=CARTESIAN_POINT('',(-0.880939769,2.1,-2.4));
#1864=VECTOR('',#1865,1.0);
#1865=DIRECTION('',(-1.0,0.0,0.0));
#1866=ORIENTED_EDGE('',*,*,#1867,.T.);
#1867=EDGE_CURVE('NONE',#1860,#1868,#1870,.T.);
#1868=VERTEX_POINT('NONE',#1869);
#1869=CARTESIAN_POINT('',(-1.2,2.1,-1.0));
#1870=LINE('',#1871,#1872);
#1871=CARTESIAN_POINT('',(-1.2,2.1,-1.7));
#1872=VECTOR('',#1873,1.0);
#1873=DIRECTION('',(0.0,0.0,1.0));
#1874=ORIENTED_EDGE('',*,*,#1875,.T.);
#1875=EDGE_CURVE('NONE',#1868,#1876,#1878,.T.);
#1876=VERTEX_POINT('NONE',#1877);
#1877=CARTESIAN_POINT('',(-0.565685425,2.1,-1.0));
#1878=LINE('',#1879,#1880);
#1879=CARTESIAN_POINT('',(-0.880939769,2.1,-1.0));
#1880=VECTOR('',#1881,1.0);
#1881=DIRECTION('',(1.0,0.0,0.0));
#1882=ORIENTED_EDGE('',*,*,#1883,.T.);
#1883=EDGE_CURVE('NONE',#1876,#1884,#1886,.F.);
#1884=VERTEX_POINT('NONE',#1885);
#1885=CARTESIAN_POINT('',(0.565685425,2.1,-1.0));
#1886=(BOUNDED_CURVE()B_SPLINE_CURVE(3,(#1887,#1888,#1889,#1890),.UNSPECIFIED.,.F.,.U.)B_SPLINE_CURVE_WITH_KNOTS((4,4),(0.0,1.0),.PIECEWISE_BEZIER_KNOTS.)CURVE()GEOMETRIC_REPRESENTATION_ITEM()RATIONAL_B_SPLINE_CURVE((0.953806013,0.812501418,0.812501418,0.953806013))REPRESENTATION_ITEM(''));
#1887=CARTESIAN_POINT('',(0.565685425,2.1,-1.0));
#1888=CARTESIAN_POINT('',(0.221355166,2.1,-0.72173913));
#1889=CARTESIAN_POINT('',(-0.221355166,2.1,-0.72173913));
#1890=CARTESIAN_POINT('',(-0.565685425,2.1,-1.0));
#1891=ORIENTED_EDGE('',*,*,#1892,.T.);
#1892=EDGE_CURVE('NONE',#1884,#1824,#1893,.T.);
#1893=LINE('',#1894,#1895);
#1894=CARTESIAN_POINT('',(0.880939769,2.1,-1.0));
#1895=VECTOR('',#1896,1.0);
#1896=DIRECTION('',(1.0,0.0,0.0));
#1897=PLANE('',#1898);
#1898=AXIS2_PLACEMENT_3D('',#1899,#1900,#1901);
#1899=CARTESIAN_POINT('',(-1.2,2.1,-0.7892));
#1900=DIRECTION('',(0.0,-1.0,0.0));
#1901=DIRECTION('',(0.0,0.0,-1.0));
#1902=ADVANCED_FACE('NONE',(#1903),#1939,.T.);
#1903=FACE_BOUND('NONE',#1904,.T.);
#1904=EDGE_LOOP('',(#1905,#1906,#1907,#1908,#1917,#1925,#1933));
#1905=ORIENTED_EDGE('',*,*,#903,.F.);
#1906=ORIENTED_EDGE('',*,*,#1063,.F.);
#1907=ORIENTED_EDGE('',*,*,#991,.F.);
#1908=ORIENTED_EDGE('',*,*,#1909,.T.);
#1909=EDGE_CURVE('NONE',#984,#1910,#1912,.T.);
#1910=VERTEX_POINT('NONE',#1911);
#1911=CARTESIAN_POINT('',(-3.064838412,0.053959945,-2.846418142));
#1912=CIRCLE('',#1913,0.15);
#1913=AXIS2_PLACEMENT_3D('',#1914,#1915,#1916);
#1914=CARTESIAN_POINT('',(-2.95,0.05,-2.75));
#1915=DIRECTION('',(-0.034462276,-0.999405999,-2.257412823E-17));
#1916=DIRECTION('',(-0.999405999,0.034462276,1.155557967E-33));
#1917=ORIENTED_EDGE('',*,*,#1918,.T.);
#1918=EDGE_CURVE('NONE',#1910,#1919,#1921,.T.);
#1919=VERTEX_POINT('NONE',#1920);
#1920=CARTESIAN_POINT('',(-2.583034066,0.037346002,-3.420951474));
#1921=LINE('',#1922,#1923);
#1922=CARTESIAN_POINT('',(-3.064838412,0.053959945,-2.846418142));
#1923=VECTOR('',#1924,1.0);
#1924=DIRECTION('',(0.642405794,-0.022151924,-0.766044443));
#1925=ORIENTED_EDGE('',*,*,#1926,.T.);
#1926=EDGE_CURVE('NONE',#1919,#1927,#1929,.T.);
#1927=VERTEX_POINT('NONE',#1928);
#1928=CARTESIAN_POINT('',(-2.468195655,0.033386057,-3.324533332));
#1929=LINE('',#1930,#1931);
#1930=CARTESIAN_POINT('',(-2.583034067,0.037346002,-3.420951474));
#1931=VECTOR('',#1932,1.0);
#1932=DIRECTION('',(0.765589411,-0.026399635,0.642787611));
#1933=ORIENTED_EDGE('',*,*,#1934,.T.);
#1934=EDGE_CURVE('NONE',#1927,#904,#1935,.T.);
#1935=LINE('',#1936,#1937);
#1936=CARTESIAN_POINT('',(-2.468195655,0.033386057,-3.324533332));
#1937=VECTOR('',#1938,1.0);
#1938=DIRECTION('',(-0.642405793,0.022151924,0.766044443));
#1939=PLANE('',#1940);
#1940=AXIS2_PLACEMENT_3D('',#1941,#1942,#1943);
#1941=CARTESIAN_POINT('',(-3.0999109,0.055169341,-3.428877183));
#1942=DIRECTION('',(-0.034462276,-0.999405999,0.0));
#1943=DIRECTION('',(0.999405999,-0.034462276,0.0));
#1944=ADVANCED_FACE('NONE',(#1945),#1956,.F.);
#1945=FACE_BOUND('NONE',#1946,.T.);
#1946=EDGE_LOOP('',(#1947,#1953,#1954,#1955));
#1947=ORIENTED_EDGE('',*,*,#1948,.T.);
#1948=EDGE_CURVE('NONE',#1795,#1360,#1949,.T.);
#1949=LINE('',#1950,#1951);
#1950=CARTESIAN_POINT('',(-1.0,0.841666667,0.0));
#1951=VECTOR('',#1952,1.0);
#1952=DIRECTION('',(0.0,-1.0,0.0));
#1953=ORIENTED_EDGE('',*,*,#1359,.F.);
#1954=ORIENTED_EDGE('',*,*,#1401,.F.);
#1955=ORIENTED_EDGE('',*,*,#1802,.F.);
#1956=PLANE('',#1957);
#1957=AXIS2_PLACEMENT_3D('',#1958,#1959,#1960);
#1958=CARTESIAN_POINT('',(-1.0,0.179153333,0.05));
#1959=DIRECTION('',(1.0,0.0,0.0));
#1960=DIRECTION('',(0.0,0.0,-1.0));
#1961=ADVANCED_FACE('NONE',(#1962),#1987,.F.);
#1962=FACE_BOUND('NONE',#1963,.T.);
#1963=EDGE_LOOP('',(#1964,#1965,#1973,#1981));
#1964=ORIENTED_EDGE('',*,*,#1375,.F.);
#1965=ORIENTED_EDGE('',*,*,#1966,.T.);
#1966=EDGE_CURVE('NONE',#1368,#1967,#1969,.T.);
#1967=VERTEX_POINT('NONE',#1968);
#1968=CARTESIAN_POINT('',(-1.7,0.63,0.0));
#1969=LINE('',#1970,#1971);
#1970=CARTESIAN_POINT('',(-1.7,0.841666667,0.0));
#1971=VECTOR('',#1972,1.0);
#1972=DIRECTION('',(0.0,1.0,0.0));
#1973=ORIENTED_EDGE('',*,*,#1974,.T.);
#1974=EDGE_CURVE('NONE',#1967,#1975,#1977,.F.);
#1975=VERTEX_POINT('NONE',#1976);
#1976=CARTESIAN_POINT('',(-1.7,0.63,-0.15));
#1977=LINE('',#1978,#1979);
#1978=CARTESIAN_POINT('',(-1.7,0.63,-0.325));
#1979=VECTOR('',#1980,1.0);
#1980=DIRECTION('',(0.0,0.0,1.0));
#1981=ORIENTED_EDGE('',*,*,#1982,.T.);
#1982=EDGE_CURVE('NONE',#1975,#1376,#1983,.T.);
#1983=LINE('',#1984,#1985);
#1984=CARTESIAN_POINT('',(-1.7,0.409404286,-0.15));
#1985=VECTOR('',#1986,1.0);
#1986=DIRECTION('',(0.0,-1.0,0.0));
#1987=PLANE('',#1988);
#1988=AXIS2_PLACEMENT_3D('',#1989,#1990,#1991);
#1989=CARTESIAN_POINT('',(-1.7,0.155503333,0.0));
#1990=DIRECTION('',(1.0,0.0,0.0));
#1991=DIRECTION('',(0.0,0.0,-1.0));
#1992=ADVANCED_FACE('NONE',(#1993),#2042,.T.);
#1993=FACE_BOUND('NONE',#1994,.T.);
#1994=EDGE_LOOP('',(#1995,#2005,#2011,#2012,#2013,#2019,#2020,#2028,#2036));
#1995=ORIENTED_EDGE('',*,*,#1996,.T.);
#1996=EDGE_CURVE('NONE',#1997,#1999,#2001,.F.);
#1997=VERTEX_POINT('NONE',#1998);
#1998=CARTESIAN_POINT('',(-2.4,0.68,-0.65));
#1999=VERTEX_POINT('NONE',#2000);
#2000=CARTESIAN_POINT('',(-2.2,0.665714286,-0.65));
#2001=LINE('',#2002,#2003);
#2002=CARTESIAN_POINT('',(-2.2,0.665714285,-0.65));
#2003=VECTOR('',#2004,1.0);
#2004=DIRECTION('',(-0.9974587,0.071247047,0.0));
#2005=ORIENTED_EDGE('',*,*,#2006,.T.);
#2006=EDGE_CURVE('NONE',#1999,#1553,#2007,.T.);
#2007=LINE('',#2008,#2009);
#2008=CARTESIAN_POINT('',(-2.2,0.665714286,-0.65));
#2009=VECTOR('',#2010,1.0);
#2010=DIRECTION('',(0.706206581,-0.050443327,0.706206581));
#2011=ORIENTED_EDGE('',*,*,#1552,.F.);
#2012=ORIENTED_EDGE('',*,*,#1537,.F.);
#2013=ORIENTED_EDGE('',*,*,#2014,.T.);
#2014=EDGE_CURVE('NONE',#1530,#1975,#2015,.T.);
#2015=LINE('',#2016,#2017);
#2016=CARTESIAN_POINT('',(-1.8,0.637142857,-0.25));
#2017=VECTOR('',#2018,1.0);
#2018=DIRECTION('',(0.706206581,-0.050443327,0.706206581));
#2019=ORIENTED_EDGE('',*,*,#1974,.F.);
#2020=ORIENTED_EDGE('',*,*,#2021,.T.);
#2021=EDGE_CURVE('NONE',#1967,#2022,#2024,.T.);
#2022=VERTEX_POINT('NONE',#2023);
#2023=CARTESIAN_POINT('',(-2.125,0.660357143,0.0));
#2024=LINE('',#2025,#2026);
#2025=CARTESIAN_POINT('',(-2.4,0.68,0.0));
#2026=VECTOR('',#2027,1.0);
#2027=DIRECTION('',(-0.9974587,0.07124705,0.0));
#2028=ORIENTED_EDGE('',*,*,#2029,.T.);
#2029=EDGE_CURVE('NONE',#2022,#2030,#2032,.T.);
#2030=VERTEX_POINT('NONE',#2031);
#2031=CARTESIAN_POINT('',(-2.4,0.68,-0.45));
#2032=LINE('',#2033,#2034);
#2033=CARTESIAN_POINT('',(-2.125,0.660357143,0.0));
#2034=VECTOR('',#2035,1.0);
#2035=DIRECTION('',(-0.521088682,0.03722062,-0.852690571));
#2036=ORIENTED_EDGE('',*,*,#2037,.T.);
#2037=EDGE_CURVE('NONE',#2030,#1997,#2038,.F.);
#2038=LINE('',#2039,#2040);
#2039=CARTESIAN_POINT('',(-2.4,0.68,-0.55));
#2040=VECTOR('',#2041,1.0);
#2041=DIRECTION('',(0.0,0.0,1.0));
#2042=PLANE('',#2043);
#2043=AXIS2_PLACEMENT_3D('',#2044,#2045,#2046);
#2044=CARTESIAN_POINT('',(-2.4,0.68,-0.65));
#2045=DIRECTION('',(-0.07124705,-0.9974587,0.0));
#2046=DIRECTION('',(0.9974587,-0.07124705,0.0));
#2047=ADVANCED_FACE('NONE',(#2048),#2073,.T.);
#2048=FACE_BOUND('NONE',#2049,.T.);
#2049=EDGE_LOOP('',(#2050,#2058,#2059,#2067));
#2050=ORIENTED_EDGE('',*,*,#2051,.T.);
#2051=EDGE_CURVE('NONE',#2052,#1997,#2054,.F.);
#2052=VERTEX_POINT('NONE',#2053);
#2053=CARTESIAN_POINT('',(-2.4,1.2,-0.65));
#2054=LINE('',#2055,#2056);
#2055=CARTESIAN_POINT('',(-2.4,1.082857142,-0.65));
#2056=VECTOR('',#2057,1.0);
#2057=DIRECTION('',(0.0,1.0,0.0));
#2058=ORIENTED_EDGE('',*,*,#2037,.F.);
#2059=ORIENTED_EDGE('',*,*,#2060,.T.);
#2060=EDGE_CURVE('NONE',#2030,#2061,#2063,.T.);
#2061=VERTEX_POINT('NONE',#2062);
#2062=CARTESIAN_POINT('',(-2.4,1.2,-0.45));
#2063=LINE('',#2064,#2065);
#2064=CARTESIAN_POINT('',(-2.4,1.080178572,-0.45));
#2065=VECTOR('',#2066,1.0);
#2066=DIRECTION('',(0.0,1.0,0.0));
#2067=ORIENTED_EDGE('',*,*,#2068,.T.);
#2068=EDGE_CURVE('NONE',#2061,#2052,#2069,.F.);
#2069=LINE('',#2070,#2071);
#2070=CARTESIAN_POINT('',(-2.4,1.2,-0.384781818));
#2071=VECTOR('',#2072,1.0);
#2072=DIRECTION('',(0.0,0.0,1.0));
#2073=PLANE('',#2074);
#2074=AXIS2_PLACEMENT_3D('',#2075,#2076,#2077);
#2075=CARTESIAN_POINT('',(-2.4,0.68,-0.65));
#2076=DIRECTION('',(-1.0,0.0,0.0));
#2077=DIRECTION('',(0.0,0.0,1.0));
#2078=ADVANCED_FACE('NONE',(#2079),#2123,.T.);
#2079=FACE_BOUND('NONE',#2080,.T.);
#2080=EDGE_LOOP('',(#2081,#2090,#2098,#2107,#2115,#2122));
#2081=ORIENTED_EDGE('',*,*,#2082,.T.);
#2082=EDGE_CURVE('NONE',#1126,#2083,#2085,.T.);
#2083=VERTEX_POINT('NONE',#2084);
#2084=CARTESIAN_POINT('',(-2.2,0.156350833,-0.65));
#2085=(BOUNDED_CURVE()B_SPLINE_CURVE(3,(#2086,#2087,#2088,#2089),.UNSPECIFIED.,.F.,.U.)B_SPLINE_CURVE_WITH_KNOTS((4,4),(1.570796327,1.823476582),.PIECEWISE_BEZIER_KNOTS.)CURVE()GEOMETRIC_REPRESENTATION_ITEM()RATIONAL_B_SPLINE_CURVE((1.0,0.994686464,0.994686464,1.0))REPRESENTATION_ITEM(''));
#2086=CARTESIAN_POINT('',(-2.15,0.15,-0.6));
#2087=CARTESIAN_POINT('',(-2.16689032,0.15,-0.61689032));
#2088=CARTESIAN_POINT('',(-2.183646018,0.152128253,-0.633646018));
#2089=CARTESIAN_POINT('',(-2.2,0.156350833,-0.65));
#2090=ORIENTED_EDGE('',*,*,#2091,.T.);
#2091=EDGE_CURVE('NONE',#2083,#2092,#2094,.T.);
#2092=VERTEX_POINT('NONE',#2093);
#2093=CARTESIAN_POINT('',(-2.2,0.156350833,-1.1));
#2094=LINE('',#2095,#2096);
#2095=CARTESIAN_POINT('',(-2.2,0.156350833,-1.27095));
#2096=VECTOR('',#2097,1.0);
#2097=DIRECTION('',(0.0,0.0,-1.0));
#2098=ORIENTED_EDGE('',*,*,#2099,.T.);
#2099=EDGE_CURVE('NONE',#2092,#2100,#2102,.T.);
#2100=VERTEX_POINT('NONE',#2101);
#2101=CARTESIAN_POINT('',(-2.35,0.35,-1.1));
#2102=CIRCLE('',#2103,0.2);
#2103=AXIS2_PLACEMENT_3D('',#2104,#2105,#2106);
#2104=CARTESIAN_POINT('',(-2.15,0.35,-1.1));
#2105=DIRECTION('',(-1.084202172E-15,-1.084202172E-15,-1.0));
#2106=DIRECTION('',(1.0,1.897353802E-15,-1.084202172E-15));
#2107=ORIENTED_EDGE('',*,*,#2108,.T.);
#2108=EDGE_CURVE('NONE',#2100,#2109,#2111,.T.);
#2109=VERTEX_POINT('NONE',#2110);
#2110=CARTESIAN_POINT('',(-2.35,0.35,-1.95));
#2111=LINE('',#2112,#2113);
#2112=CARTESIAN_POINT('',(-2.35,0.35,-1.6));
#2113=VECTOR('',#2114,1.0);
#2114=DIRECTION('',(0.0,0.0,-1.0));
#2115=ORIENTED_EDGE('',*,*,#2116,.T.);
#2116=EDGE_CURVE('NONE',#2109,#1128,#2117,.F.);
#2117=CIRCLE('',#2118,0.2);
#2118=AXIS2_PLACEMENT_3D('',#2119,#2120,#2121);
#2119=CARTESIAN_POINT('',(-2.15,0.35,-1.95));
#2120=DIRECTION('',(-5.835712317E-26,2.152997832E-10,-1.0));
#2121=DIRECTION('',(8.01829413E-51,1.0,2.152997832E-10));
#2122=ORIENTED_EDGE('',*,*,#1125,.F.);
#2123=CYLINDRICAL_SURFACE('',#2124,0.2);
#2124=AXIS2_PLACEMENT_3D('',#2125,#2126,#2127);
#2125=CARTESIAN_POINT('',(-2.15,0.35,-1.95));
#2126=DIRECTION('',(1.084202172E-15,1.084202172E-15,1.0));
#2127=DIRECTION('',(1.0,1.75162308E-46,-1.084202172E-15));
#2128=ADVANCED_FACE('NONE',(#2129),#2141,.T.);
#2129=FACE_BOUND('NONE',#2130,.T.);
#2130=EDGE_LOOP('',(#2131,#2132,#2133,#2134));
#2131=ORIENTED_EDGE('',*,*,#1448,.F.);
#2132=ORIENTED_EDGE('',*,*,#1495,.F.);
#2133=ORIENTED_EDGE('',*,*,#2116,.F.);
#2134=ORIENTED_EDGE('',*,*,#2135,.T.);
#2135=EDGE_CURVE('NONE',#2109,#1104,#2136,.T.);
#2136=B_SPLINE_CURVE_WITH_KNOTS('',3,(#2137,#2138,#2139,#2140),.UNSPECIFIED.,.F.,.U.,(4,4),(0.0,1.0),.PIECEWISE_BEZIER_KNOTS.);
#2137=CARTESIAN_POINT('',(-2.35,0.35,-1.95));
#2138=CARTESIAN_POINT('',(-2.35,0.3499996,-2.007709082));
#2139=CARTESIAN_POINT('',(-2.35,0.324942302,-2.060890431));
#2140=CARTESIAN_POINT('',(-2.35,0.28723628,-2.099891362));
#2141=(BOUNDED_SURFACE()B_SPLINE_SURFACE(2,3,((#2142,#2143,#2144,#2145,#2146,#2147,#2148),(#2149,#2150,#2151,#2152,#2153,#2154,#2155),(#2156,#2157,#2158,#2159,#2160,#2161,#2162)),.UNSPECIFIED.,.F.,.F.,.U.)B_SPLINE_SURFACE_WITH_KNOTS((3,3),(4,3,4),(0.0,1.0),(1.086009783,1.570796327,1.574785139),.UNSPECIFIED.)GEOMETRIC_REPRESENTATION_ITEM()RATIONAL_B_SPLINE_SURFACE(((1.0,1.0,1.0,1.0,1.0,1.0,1.0),(0.707106781,0.707106781,0.707106781,0.707106781,0.707106781,0.707106781,0.707106781),(1.0,1.0,1.0,1.0,1.0,1.0,1.0)))REPRESENTATION_ITEM('')SURFACE());
#2142=CARTESIAN_POINT('',(-2.35,0.28620074,-2.100655655));
#2143=CARTESIAN_POINT('',(-2.35,0.32448435,-2.061857607));
#2144=CARTESIAN_POINT('',(-2.35,0.349999596,-2.008234045));
#2145=CARTESIAN_POINT('',(-2.35,0.35,-1.95));
#2146=CARTESIAN_POINT('',(-2.35,0.350000003,-1.949520852));
#2147=CARTESIAN_POINT('',(-2.35,0.350000007,-1.949041703));
#2148=CARTESIAN_POINT('',(-2.35,0.35000001,-1.948562555));
#2149=CARTESIAN_POINT('',(-2.35,0.132595661,-2.019880393));
#2150=CARTESIAN_POINT('',(-2.35,0.143840739,-1.998438645));
#2151=CARTESIAN_POINT('',(-2.35,0.149999998,-1.974307314));
#2152=CARTESIAN_POINT('',(-2.35,0.15,-1.95));
#2153=CARTESIAN_POINT('',(-2.35,0.15,-1.9498));
#2154=CARTESIAN_POINT('',(-2.35,0.15,-1.9496));
#2155=CARTESIAN_POINT('',(-2.35,0.15,-1.9494));
#2156=CARTESIAN_POINT('',(-2.17563543,0.132595662,-2.019880393));
#2157=CARTESIAN_POINT('',(-2.159525319,0.143840741,-1.998438645));
#2158=CARTESIAN_POINT('',(-2.150000372,0.15,-1.974307314));
#2159=CARTESIAN_POINT('',(-2.15,0.15,-1.95));
#2160=CARTESIAN_POINT('',(-2.149999997,0.15,-1.9498));
#2161=CARTESIAN_POINT('',(-2.149999994,0.15,-1.9496));
#2162=CARTESIAN_POINT('',(-2.149999991,0.15,-1.9494));
#2163=ADVANCED_FACE('NONE',(#2164),#2182,.T.);
#2164=FACE_BOUND('NONE',#2165,.T.);
#2165=EDGE_LOOP('',(#2166,#2167,#2175,#2181));
#2166=ORIENTED_EDGE('',*,*,#2051,.F.);
#2167=ORIENTED_EDGE('',*,*,#2168,.T.);
#2168=EDGE_CURVE('NONE',#2052,#2169,#2171,.F.);
#2169=VERTEX_POINT('NONE',#2170);
#2170=CARTESIAN_POINT('',(-2.2,1.5,-0.65));
#2171=LINE('',#2172,#2173);
#2172=CARTESIAN_POINT('',(-2.3,1.35,-0.65));
#2173=VECTOR('',#2174,1.0);
#2174=DIRECTION('',(-0.554700196,-0.832050294,0.0));
#2175=ORIENTED_EDGE('',*,*,#2176,.T.);
#2176=EDGE_CURVE('NONE',#2169,#1999,#2177,.T.);
#2177=LINE('',#2178,#2179);
#2178=CARTESIAN_POINT('',(-2.2,0.828175417,-0.65));
#2179=VECTOR('',#2180,1.0);
#2180=DIRECTION('',(0.0,-1.0,0.0));
#2181=ORIENTED_EDGE('',*,*,#1996,.F.);
#2182=PLANE('',#2183);
#2183=AXIS2_PLACEMENT_3D('',#2184,#2185,#2186);
#2184=CARTESIAN_POINT('',(-2.2,0.660708571,-0.65));
#2185=DIRECTION('',(0.0,0.0,-1.0));
#2186=DIRECTION('',(-1.0,0.0,0.0));
#2187=ADVANCED_FACE('NONE',(#2188),#2205,.F.);
#2188=FACE_BOUND('NONE',#2189,.T.);
#2189=EDGE_LOOP('',(#2190,#2191,#2192,#2198,#2199,#2200,#2201,#2202,#2203,#2204));
#2190=ORIENTED_EDGE('',*,*,#1560,.F.);
#2191=ORIENTED_EDGE('',*,*,#2006,.F.);
#2192=ORIENTED_EDGE('',*,*,#2193,.T.);
#2193=EDGE_CURVE('NONE',#1999,#2083,#2194,.T.);
#2194=LINE('',#2195,#2196);
#2195=CARTESIAN_POINT('',(-2.2,0.828175417,-0.65));
#2196=VECTOR('',#2197,1.0);
#2197=DIRECTION('',(0.0,-1.0,0.0));
#2198=ORIENTED_EDGE('',*,*,#2082,.F.);
#2199=ORIENTED_EDGE('',*,*,#1151,.F.);
#2200=ORIENTED_EDGE('',*,*,#1383,.F.);
#2201=ORIENTED_EDGE('',*,*,#1982,.F.);
#2202=ORIENTED_EDGE('',*,*,#2014,.F.);
#2203=ORIENTED_EDGE('',*,*,#1529,.F.);
#2204=ORIENTED_EDGE('',*,*,#1582,.F.);
#2205=PLANE('',#2206);
#2206=AXIS2_PLACEMENT_3D('',#2207,#2208,#2209);
#2207=CARTESIAN_POINT('',(-1.7,0.15,-0.15));
#2208=DIRECTION('',(0.707106781,0.0,-0.707106781));
#2209=DIRECTION('',(-0.707106781,0.0,-0.707106781));
#2210=ADVANCED_FACE('NONE',(#2211),#2231,.T.);
#2211=FACE_BOUND('NONE',#2212,.T.);
#2212=EDGE_LOOP('',(#2213,#2214,#2223,#2230));
#2213=ORIENTED_EDGE('',*,*,#1632,.F.);
#2214=ORIENTED_EDGE('',*,*,#2215,.T.);
#2215=EDGE_CURVE('NONE',#651,#2216,#2218,.T.);
#2216=VERTEX_POINT('NONE',#2217);
#2217=CARTESIAN_POINT('',(2.35,0.35,-1.95));
#2218=B_SPLINE_CURVE_WITH_KNOTS('',3,(#2219,#2220,#2221,#2222),.UNSPECIFIED.,.F.,.U.,(4,4),(0.0,1.0),.PIECEWISE_BEZIER_KNOTS.);
#2219=CARTESIAN_POINT('',(2.35,0.286845104,-2.1));
#2220=CARTESIAN_POINT('',(2.35,0.324770387,-2.061254625));
#2221=CARTESIAN_POINT('',(2.35,0.349999598,-2.007906712));
#2222=CARTESIAN_POINT('',(2.35,0.35,-1.95));
#2223=ORIENTED_EDGE('',*,*,#2224,.T.);
#2224=EDGE_CURVE('NONE',#2216,#1190,#2225,.F.);
#2225=CIRCLE('',#2226,0.2);
#2226=AXIS2_PLACEMENT_3D('',#2227,#2228,#2229);
#2227=CARTESIAN_POINT('',(2.15,0.35,-1.95));
#2228=DIRECTION('',(-1.084202172E-15,1.084202172E-15,1.0));
#2229=DIRECTION('',(1.0,-1.75162308E-46,1.084202172E-15));
#2230=ORIENTED_EDGE('',*,*,#1616,.F.);
#2231=(BOUNDED_SURFACE()B_SPLINE_SURFACE(2,3,((#2232,#2233,#2234,#2235),(#2236,#2237,#2238,#2239),(#2240,#2241,#2242,#2243)),.UNSPECIFIED.,.F.,.F.,.U.)B_SPLINE_SURFACE_WITH_KNOTS((3,3),(4,4),(0.0,1.0),(1.570796327,2.052857884),.PIECEWISE_BEZIER_KNOTS.)GEOMETRIC_REPRESENTATION_ITEM()RATIONAL_B_SPLINE_SURFACE(((1.0,1.0,1.0,1.0),(0.707106781,0.707106781,0.707106781,0.707106781),(1.0,1.0,1.0,1.0)))REPRESENTATION_ITEM('')SURFACE());
#2232=CARTESIAN_POINT('',(2.35,0.35,-1.95));
#2233=CARTESIAN_POINT('',(2.35,0.349999598,-2.007906712));
#2234=CARTESIAN_POINT('',(2.35,0.324770387,-2.061254625));
#2235=CARTESIAN_POINT('',(2.35,0.286845104,-2.1));
#2236=CARTESIAN_POINT('',(2.35,0.15,-1.95));
#2237=CARTESIAN_POINT('',(2.35,0.149999998,-1.974170682));
#2238=CARTESIAN_POINT('',(2.35,0.143909787,-1.998167355));
#2239=CARTESIAN_POINT('',(2.35,0.132784805,-2.019518566));
#2240=CARTESIAN_POINT('',(2.15,0.15,-1.95));
#2241=CARTESIAN_POINT('',(2.15000037,0.15,-1.974170682));
#2242=CARTESIAN_POINT('',(2.159418541,0.143909788,-1.998167355));
#2243=CARTESIAN_POINT('',(2.17536439,0.132784806,-2.019518566));
#2244=ADVANCED_FACE('NONE',(#2245),#2281,.T.);
#2245=FACE_BOUND('NONE',#2246,.T.);
#2246=EDGE_LOOP('',(#2247,#2258,#2266,#2273,#2274,#2275));
#2247=ORIENTED_EDGE('',*,*,#2248,.T.);
#2248=EDGE_CURVE('NONE',#2249,#2251,#2253,.T.);
#2249=VERTEX_POINT('NONE',#2250);
#2250=CARTESIAN_POINT('',(2.35,0.35,-1.1));
#2251=VERTEX_POINT('NONE',#2252);
#2252=CARTESIAN_POINT('',(2.2,0.156350833,-1.1));
#2253=CIRCLE('',#2254,0.2);
#2254=AXIS2_PLACEMENT_3D('',#2255,#2256,#2257);
#2255=CARTESIAN_POINT('',(2.15,0.35,-1.1));
#2256=DIRECTION('',(0.0,0.0,-1.0));
#2257=DIRECTION('',(-1.0,0.0,0.0));
#2258=ORIENTED_EDGE('',*,*,#2259,.T.);
#2259=EDGE_CURVE('NONE',#2251,#2260,#2262,.T.);
#2260=VERTEX_POINT('NONE',#2261);
#2261=CARTESIAN_POINT('',(2.2,0.156350833,-0.65));
#2262=LINE('',#2263,#2264);
#2263=CARTESIAN_POINT('',(2.2,0.156350833,-1.27095));
#2264=VECTOR('',#2265,1.0);
#2265=DIRECTION('',(0.0,0.0,1.0));
#2266=ORIENTED_EDGE('',*,*,#2267,.T.);
#2267=EDGE_CURVE('NONE',#2260,#1192,#2268,.T.);
#2268=(BOUNDED_CURVE()B_SPLINE_CURVE(3,(#2269,#2270,#2271,#2272),.UNSPECIFIED.,.F.,.U.)B_SPLINE_CURVE_WITH_KNOTS((4,4),(1.318116072,1.570796327),.PIECEWISE_BEZIER_KNOTS.)CURVE()GEOMETRIC_REPRESENTATION_ITEM()RATIONAL_B_SPLINE_CURVE((1.0,0.994686464,0.994686464,1.0))REPRESENTATION_ITEM(''));
#2269=CARTESIAN_POINT('',(2.2,0.156350833,-0.65));
#2270=CARTESIAN_POINT('',(2.183646018,0.152128253,-0.633646018));
#2271=CARTESIAN_POINT('',(2.16689032,0.15,-0.61689032));
#2272=CARTESIAN_POINT('',(2.15,0.15,-0.6));
#2273=ORIENTED_EDGE('',*,*,#1189,.F.);
#2274=ORIENTED_EDGE('',*,*,#2224,.F.);
#2275=ORIENTED_EDGE('',*,*,#2276,.T.);
#2276=EDGE_CURVE('NONE',#2216,#2249,#2277,.T.);
#2277=LINE('',#2278,#2279);
#2278=CARTESIAN_POINT('',(2.35,0.350000001,-1.6));
#2279=VECTOR('',#2280,1.0);
#2280=DIRECTION('',(0.0,0.0,1.0));
#2281=CYLINDRICAL_SURFACE('',#2282,0.2);
#2282=AXIS2_PLACEMENT_3D('',#2283,#2284,#2285);
#2283=CARTESIAN_POINT('',(2.15,0.35,-0.5919));
#2284=DIRECTION('',(0.0,0.0,-1.0));
#2285=DIRECTION('',(-1.0,0.0,0.0));
#2286=ADVANCED_FACE('NONE',(#2287),#2323,.F.);
#2287=FACE_BOUND('NONE',#2288,.T.);
#2288=EDGE_LOOP('',(#2289,#2290,#2298,#2304,#2305,#2306,#2307,#2315,#2321,#2322));
#2289=ORIENTED_EDGE('',*,*,#1721,.F.);
#2290=ORIENTED_EDGE('',*,*,#2291,.T.);
#2291=EDGE_CURVE('NONE',#1714,#2292,#2294,.F.);
#2292=VERTEX_POINT('NONE',#2293);
#2293=CARTESIAN_POINT('',(1.7,0.63,-0.15));
#2294=LINE('',#2295,#2296);
#2295=CARTESIAN_POINT('',(1.7,0.63,-0.15));
#2296=VECTOR('',#2297,1.0);
#2297=DIRECTION('',(0.706206581,0.050443327,-0.706206581));
#2298=ORIENTED_EDGE('',*,*,#2299,.T.);
#2299=EDGE_CURVE('NONE',#2292,#1320,#2300,.T.);
#2300=LINE('',#2301,#2302);
#2301=CARTESIAN_POINT('',(1.7,0.392751667,-0.15));
#2302=VECTOR('',#2303,1.0);
#2303=DIRECTION('',(0.0,-1.0,0.0));
#2304=ORIENTED_EDGE('',*,*,#1319,.F.);
#2305=ORIENTED_EDGE('',*,*,#1199,.F.);
#2306=ORIENTED_EDGE('',*,*,#2267,.F.);
#2307=ORIENTED_EDGE('',*,*,#2308,.T.);
#2308=EDGE_CURVE('NONE',#2260,#2309,#2311,.T.);
#2309=VERTEX_POINT('NONE',#2310);
#2310=CARTESIAN_POINT('',(2.2,0.665714286,-0.65));
#2311=LINE('',#2312,#2313);
#2312=CARTESIAN_POINT('',(2.2,0.828175417,-0.65));
#2313=VECTOR('',#2314,1.0);
#2314=DIRECTION('',(0.0,1.0,0.0));
#2315=ORIENTED_EDGE('',*,*,#2316,.T.);
#2316=EDGE_CURVE('NONE',#2309,#1739,#2317,.F.);
#2317=LINE('',#2318,#2319);
#2318=CARTESIAN_POINT('',(2.1,0.658571429,-0.55));
#2319=VECTOR('',#2320,1.0);
#2320=DIRECTION('',(0.706206581,0.050443327,-0.706206581));
#2321=ORIENTED_EDGE('',*,*,#1738,.F.);
#2322=ORIENTED_EDGE('',*,*,#1673,.F.);
#2323=PLANE('',#2324);
#2324=AXIS2_PLACEMENT_3D('',#2325,#2326,#2327);
#2325=CARTESIAN_POINT('',(2.2,0.15,-0.65));
#2326=DIRECTION('',(-0.707106781,0.0,-0.707106781));
#2327=DIRECTION('',(-0.707106781,0.0,0.707106781));
#2328=ADVANCED_FACE('NONE',(#2329),#2361,.T.);
#2329=FACE_BOUND('NONE',#2330,.T.);
#2330=EDGE_LOOP('',(#2331,#2341,#2347,#2355));
#2331=ORIENTED_EDGE('',*,*,#2332,.T.);
#2332=EDGE_CURVE('NONE',#2333,#2335,#2337,.F.);
#2333=VERTEX_POINT('NONE',#2334);
#2334=CARTESIAN_POINT('',(2.4,1.2,-0.65));
#2335=VERTEX_POINT('NONE',#2336);
#2336=CARTESIAN_POINT('',(2.4,0.68,-0.65));
#2337=LINE('',#2338,#2339);
#2338=CARTESIAN_POINT('',(2.4,0.94,-0.65));
#2339=VECTOR('',#2340,1.0);
#2340=DIRECTION('',(0.0,1.0,0.0));
#2341=ORIENTED_EDGE('',*,*,#2342,.T.);
#2342=EDGE_CURVE('NONE',#2335,#2309,#2343,.F.);
#2343=LINE('',#2344,#2345);
#2344=CARTESIAN_POINT('',(2.05,0.655,-0.65));
#2345=VECTOR('',#2346,1.0);
#2346=DIRECTION('',(0.9974587,0.07124705,0.0));
#2347=ORIENTED_EDGE('',*,*,#2348,.T.);
#2348=EDGE_CURVE('NONE',#2309,#2349,#2351,.T.);
#2349=VERTEX_POINT('NONE',#2350);
#2350=CARTESIAN_POINT('',(2.2,1.5,-0.65));
#2351=LINE('',#2352,#2353);
#2352=CARTESIAN_POINT('',(2.2,0.828175417,-0.65));
#2353=VECTOR('',#2354,1.0);
#2354=DIRECTION('',(0.0,1.0,0.0));
#2355=ORIENTED_EDGE('',*,*,#2356,.T.);
#2356=EDGE_CURVE('NONE',#2349,#2333,#2357,.F.);
#2357=LINE('',#2358,#2359);
#2358=CARTESIAN_POINT('',(2.3,1.35,-0.65));
#2359=VECTOR('',#2360,1.0);
#2360=DIRECTION('',(-0.554700196,0.832050294,0.0));
#2361=PLANE('',#2362);
#2362=AXIS2_PLACEMENT_3D('',#2363,#2364,#2365);
#2363=CARTESIAN_POINT('',(2.4,0.660708571,-0.65));
#2364=DIRECTION('',(0.0,0.0,-1.0));
#2365=DIRECTION('',(-1.0,0.0,0.0));
#2366=ADVANCED_FACE('NONE',(#2367),#2392,.T.);
#2367=FACE_BOUND('NONE',#2368,.T.);
#2368=EDGE_LOOP('',(#2369,#2370,#2378,#2386));
#2369=ORIENTED_EDGE('',*,*,#2332,.F.);
#2370=ORIENTED_EDGE('',*,*,#2371,.T.);
#2371=EDGE_CURVE('NONE',#2333,#2372,#2374,.F.);
#2372=VERTEX_POINT('NONE',#2373);
#2373=CARTESIAN_POINT('',(2.4,1.2,-0.45));
#2374=LINE('',#2375,#2376);
#2375=CARTESIAN_POINT('',(2.4,1.2,-0.384781818));
#2376=VECTOR('',#2377,1.0);
#2377=DIRECTION('',(0.0,0.0,-1.0));
#2378=ORIENTED_EDGE('',*,*,#2379,.T.);
#2379=EDGE_CURVE('NONE',#2372,#2380,#2382,.T.);
#2380=VERTEX_POINT('NONE',#2381);
#2381=CARTESIAN_POINT('',(2.4,0.68,-0.45));
#2382=LINE('',#2383,#2384);
#2383=CARTESIAN_POINT('',(2.4,1.080178572,-0.45));
#2384=VECTOR('',#2385,1.0);
#2385=DIRECTION('',(0.0,-1.0,0.0));
#2386=ORIENTED_EDGE('',*,*,#2387,.T.);
#2387=EDGE_CURVE('NONE',#2380,#2335,#2388,.F.);
#2388=LINE('',#2389,#2390);
#2389=CARTESIAN_POINT('',(2.4,0.68,-0.325));
#2390=VECTOR('',#2391,1.0);
#2391=DIRECTION('',(0.0,0.0,1.0));
#2392=PLANE('',#2393);
#2393=AXIS2_PLACEMENT_3D('',#2394,#2395,#2396);
#2394=CARTESIAN_POINT('',(2.4,0.68,-0.45));
#2395=DIRECTION('',(1.0,0.0,0.0));
#2396=DIRECTION('',(0.0,0.0,-1.0));
#2397=ADVANCED_FACE('NONE',(#2398),#2428,.T.);
#2398=FACE_BOUND('NONE',#2399,.T.);
#2399=EDGE_LOOP('',(#2400,#2408,#2409,#2410,#2411,#2412,#2413,#2414,#2422));
#2400=ORIENTED_EDGE('',*,*,#2401,.T.);
#2401=EDGE_CURVE('NONE',#2402,#2292,#2404,.T.);
#2402=VERTEX_POINT('NONE',#2403);
#2403=CARTESIAN_POINT('',(1.7,0.63,0.0));
#2404=LINE('',#2405,#2406);
#2405=CARTESIAN_POINT('',(1.7,0.63,-0.075));
#2406=VECTOR('',#2407,1.0);
#2407=DIRECTION('',(0.0,0.0,-1.0));
#2408=ORIENTED_EDGE('',*,*,#2291,.F.);
#2409=ORIENTED_EDGE('',*,*,#1713,.F.);
#2410=ORIENTED_EDGE('',*,*,#1746,.F.);
#2411=ORIENTED_EDGE('',*,*,#2316,.F.);
#2412=ORIENTED_EDGE('',*,*,#2342,.F.);
#2413=ORIENTED_EDGE('',*,*,#2387,.F.);
#2414=ORIENTED_EDGE('',*,*,#2415,.T.);
#2415=EDGE_CURVE('NONE',#2380,#2416,#2418,.T.);
#2416=VERTEX_POINT('NONE',#2417);
#2417=CARTESIAN_POINT('',(2.125,0.660357143,2.710505431E-17));
#2418=LINE('',#2419,#2420);
#2419=CARTESIAN_POINT('',(2.4,0.68,-0.45));
#2420=VECTOR('',#2421,1.0);
#2421=DIRECTION('',(-0.521088682,-0.03722062,0.852690571));
#2422=ORIENTED_EDGE('',*,*,#2423,.T.);
#2423=EDGE_CURVE('NONE',#2416,#2402,#2424,.T.);
#2424=LINE('',#2425,#2426);
#2425=CARTESIAN_POINT('',(1.7,0.63,0.0));
#2426=VECTOR('',#2427,1.0);
#2427=DIRECTION('',(-0.9974587,-0.07124705,0.0));
#2428=PLANE('',#2429);
#2429=AXIS2_PLACEMENT_3D('',#2430,#2431,#2432);
#2430=CARTESIAN_POINT('',(1.7,0.63,-0.65));
#2431=DIRECTION('',(0.07124705,-0.9974587,0.0));
#2432=DIRECTION('',(0.9974587,0.07124705,0.0));
#2433=ADVANCED_FACE('NONE',(#2434),#2445,.F.);
#2434=FACE_BOUND('NONE',#2435,.T.);
#2435=EDGE_LOOP('',(#2436,#2437,#2438,#2439));
#2436=ORIENTED_EDGE('',*,*,#1327,.F.);
#2437=ORIENTED_EDGE('',*,*,#2299,.F.);
#2438=ORIENTED_EDGE('',*,*,#2401,.F.);
#2439=ORIENTED_EDGE('',*,*,#2440,.T.);
#2440=EDGE_CURVE('NONE',#2402,#1328,#2441,.T.);
#2441=LINE('',#2442,#2443);
#2442=CARTESIAN_POINT('',(1.7,0.841666667,0.0));
#2443=VECTOR('',#2444,1.0);
#2444=DIRECTION('',(0.0,-1.0,0.0));
#2445=PLANE('',#2446);
#2446=AXIS2_PLACEMENT_3D('',#2447,#2448,#2449);
#2447=CARTESIAN_POINT('',(1.7,0.155503333,-0.15));
#2448=DIRECTION('',(-1.0,0.0,0.0));
#2449=DIRECTION('',(0.0,0.0,1.0));
#2450=ADVANCED_FACE('NONE',(#2451),#2462,.F.);
#2451=FACE_BOUND('NONE',#2452,.T.);
#2452=EDGE_LOOP('',(#2453,#2454,#2455,#2461));
#2453=ORIENTED_EDGE('',*,*,#1410,.F.);
#2454=ORIENTED_EDGE('',*,*,#1343,.F.);
#2455=ORIENTED_EDGE('',*,*,#2456,.T.);
#2456=EDGE_CURVE('NONE',#1336,#1761,#2457,.T.);
#2457=LINE('',#2458,#2459);
#2458=CARTESIAN_POINT('',(1.0,0.841666667,0.0));
#2459=VECTOR('',#2460,1.0);
#2460=DIRECTION('',(0.0,1.0,0.0));
#2461=ORIENTED_EDGE('',*,*,#1809,.F.);
#2462=PLANE('',#2463);
#2463=AXIS2_PLACEMENT_3D('',#2464,#2465,#2466);
#2464=CARTESIAN_POINT('',(1.0,0.179153333,0.0));
#2465=DIRECTION('',(-1.0,0.0,0.0));
#2466=DIRECTION('',(0.0,0.0,1.0));
#2467=ADVANCED_FACE('NONE',(#2468),#2543,.T.);
#2468=FACE_BOUND('NONE',#2469,.T.);
#2469=EDGE_LOOP('',(#2470,#2480,#2489,#2497,#2505,#2511,#2512,#2520,#2528,#2536));
#2470=ORIENTED_EDGE('',*,*,#2471,.T.);
#2471=EDGE_CURVE('NONE',#2472,#2474,#2476,.F.);
#2472=VERTEX_POINT('NONE',#2473);
#2473=CARTESIAN_POINT('',(1.0,0.94,-0.1));
#2474=VERTEX_POINT('NONE',#2475);
#2475=CARTESIAN_POINT('',(-1.0,0.94,-0.1));
#2476=LINE('',#2477,#2478);
#2477=CARTESIAN_POINT('',(0.0,0.94,-0.1));
#2478=VECTOR('',#2479,1.0);
#2479=DIRECTION('',(1.0,0.0,0.0));
#2480=ORIENTED_EDGE('',*,*,#2481,.T.);
#2481=EDGE_CURVE('NONE',#2474,#2482,#2484,.T.);
#2482=VERTEX_POINT('NONE',#2483);
#2483=CARTESIAN_POINT('',(-1.2,1.14,-0.1));
#2484=CIRCLE('',#2485,0.2);
#2485=AXIS2_PLACEMENT_3D('',#2486,#2487,#2488);
#2486=CARTESIAN_POINT('',(-1.0,1.14,-0.1));
#2487=DIRECTION('',(0.0,0.0,-1.0));
#2488=DIRECTION('',(1.0,0.0,0.0));
#2489=ORIENTED_EDGE('',*,*,#2490,.T.);
#2490=EDGE_CURVE('NONE',#2482,#2491,#2493,.T.);
#2491=VERTEX_POINT('NONE',#2492);
#2492=CARTESIAN_POINT('',(-1.2,1.5,-0.1));
#2493=LINE('',#2494,#2495);
#2494=CARTESIAN_POINT('',(-1.2,1.19,-0.1));
#2495=VECTOR('',#2496,1.0);
#2496=DIRECTION('',(0.0,1.0,0.0));
#2497=ORIENTED_EDGE('',*,*,#2498,.T.);
#2498=EDGE_CURVE('NONE',#2491,#2499,#2501,.T.);
#2499=VERTEX_POINT('NONE',#2500);
#2500=CARTESIAN_POINT('',(-1.25,1.5,-0.1));
#2501=LINE('',#2502,#2503);
#2502=CARTESIAN_POINT('',(0.0,1.5,-0.1));
#2503=VECTOR('',#2504,1.0);
#2504=DIRECTION('',(-1.0,0.0,0.0));
#2505=ORIENTED_EDGE('',*,*,#2506,.T.);
#2506=EDGE_CURVE('NONE',#2499,#1779,#2507,.T.);
#2507=LINE('',#2508,#2509);
#2508=CARTESIAN_POINT('',(-1.25,1.19,-0.1));
#2509=VECTOR('',#2510,1.0);
#2510=DIRECTION('',(0.0,-1.0,0.0));
#2511=ORIENTED_EDGE('',*,*,#1778,.F.);
#2512=ORIENTED_EDGE('',*,*,#2513,.T.);
#2513=EDGE_CURVE('NONE',#1771,#2514,#2516,.T.);
#2514=VERTEX_POINT('NONE',#2515);
#2515=CARTESIAN_POINT('',(1.25,1.5,-0.1));
#2516=LINE('',#2517,#2518);
#2517=CARTESIAN_POINT('',(1.25,1.19,-0.1));
#2518=VECTOR('',#2519,1.0);
#2519=DIRECTION('',(0.0,1.0,0.0));
#2520=ORIENTED_EDGE('',*,*,#2521,.T.);
#2521=EDGE_CURVE('NONE',#2514,#2522,#2524,.T.);
#2522=VERTEX_POINT('NONE',#2523);
#2523=CARTESIAN_POINT('',(1.2,1.5,-0.1));
#2524=LINE('',#2525,#2526);
#2525=CARTESIAN_POINT('',(0.0,1.5,-0.1));
#2526=VECTOR('',#2527,1.0);
#2527=DIRECTION('',(-1.0,0.0,0.0));
#2528=ORIENTED_EDGE('',*,*,#2529,.T.);
#2529=EDGE_CURVE('NONE',#2522,#2530,#2532,.T.);
#2530=VERTEX_POINT('NONE',#2531);
#2531=CARTESIAN_POINT('',(1.2,1.14,-0.1));
#2532=LINE('',#2533,#2534);
#2533=CARTESIAN_POINT('',(1.2,1.19,-0.1));
#2534=VECTOR('',#2535,1.0);
#2535=DIRECTION('',(0.0,-1.0,0.0));
#2536=ORIENTED_EDGE('',*,*,#2537,.T.);
#2537=EDGE_CURVE('NONE',#2530,#2472,#2538,.T.);
#2538=CIRCLE('',#2539,0.2);
#2539=AXIS2_PLACEMENT_3D('',#2540,#2541,#2542);
#2540=CARTESIAN_POINT('',(1.0,1.14,-0.1));
#2541=DIRECTION('',(0.0,0.0,-1.0));
#2542=DIRECTION('',(1.0,0.0,0.0));
#2543=PLANE('',#2544);
#2544=AXIS2_PLACEMENT_3D('',#2545,#2546,#2547);
#2545=CARTESIAN_POINT('',(-1.25,1.5,-0.1));
#2546=DIRECTION('',(0.0,0.0,1.0));
#2547=DIRECTION('',(0.0,-1.0,0.0));
#2548=ADVANCED_FACE('NONE',(#2549),#2579,.T.);
#2549=FACE_BOUND('NONE',#2550,.T.);
#2550=EDGE_LOOP('',(#2551,#2564,#2571,#2578));
#2551=ORIENTED_EDGE('',*,*,#2552,.T.);
#2552=EDGE_CURVE('NONE',#1834,#2553,#2555,.T.);
#2553=VERTEX_POINT('NONE',#2554);
#2554=CARTESIAN_POINT('',(0.6,2.0,-2.5));
#2555=B_SPLINE_CURVE_WITH_KNOTS('',3,(#2556,#2557,#2558,#2559,#2560,#2561,#2562,#2563),.UNSPECIFIED.,.F.,.U.,(4,2,2,4),(0.0,0.25,0.5,1.0),.UNSPECIFIED.);
#2556=CARTESIAN_POINT('',(0.565685425,2.1,-2.4));
#2557=CARTESIAN_POINT('',(0.569915553,2.1,-2.411973495));
#2558=CARTESIAN_POINT('',(0.574925593,2.097351256,-2.425876158));
#2559=CARTESIAN_POINT('',(0.582582775,2.088141733,-2.448905867));
#2560=CARTESIAN_POINT('',(0.58647668,2.081274775,-2.459859354));
#2561=CARTESIAN_POINT('',(0.596496597,2.052544928,-2.489408923));
#2562=CARTESIAN_POINT('',(0.6,2.024487478,-2.5));
#2563=CARTESIAN_POINT('',(0.6,2.0,-2.5));
#2564=ORIENTED_EDGE('',*,*,#2565,.T.);
#2565=EDGE_CURVE('NONE',#2553,#102,#2566,.T.);
#2566=CIRCLE('',#2567,1.0);
#2567=AXIS2_PLACEMENT_3D('',#2568,#2569,#2570);
#2568=CARTESIAN_POINT('',(0.0,2.0,-1.7));
#2569=DIRECTION('',(0.0,1.0,0.0));
#2570=DIRECTION('',(1.776356839E-15,0.0,-1.0));
#2571=ORIENTED_EDGE('',*,*,#2572,.T.);
#2572=EDGE_CURVE('NONE',#102,#1842,#2573,.F.);
#2573=(BOUNDED_CURVE()B_SPLINE_CURVE(3,(#2574,#2575,#2576,#2577),.UNSPECIFIED.,.F.,.U.)B_SPLINE_CURVE_WITH_KNOTS((4,4),(0.063141457,0.936858542),.PIECEWISE_BEZIER_KNOTS.)CURVE()GEOMETRIC_REPRESENTATION_ITEM()RATIONAL_B_SPLINE_CURVE((0.956578302,0.769794771,0.76979477,0.956578301))REPRESENTATION_ITEM(''));
#2574=CARTESIAN_POINT('',(0.0,2.1,-2.6));
#2575=CARTESIAN_POINT('',(0.0,2.1,-2.658578644));
#2576=CARTESIAN_POINT('',(0.0,2.058578644,-2.7));
#2577=CARTESIAN_POINT('',(-8.979362843E-11,2.0,-2.7));
#2578=ORIENTED_EDGE('',*,*,#1841,.F.);
#2579=(BOUNDED_SURFACE()B_SPLINE_SURFACE(3,3,((#2580,#2581,#2582,#2583),(#2584,#2585,#2586,#2587),(#2588,#2589,#2590,#2591),(#2592,#2593,#2594,#2595)),.UNSPECIFIED.,.F.,.F.,.U.)B_SPLINE_SURFACE_WITH_KNOTS((4,4),(4,4),(0.0,1.0),(0.0,1.0),.PIECEWISE_BEZIER_KNOTS.)GEOMETRIC_REPRESENTATION_ITEM()RATIONAL_B_SPLINE_SURFACE(((1.0,0.961418272,0.961418272,1.0),(0.755320871,0.726179287,0.726179287,0.755320871),(0.755320871,0.726179287,0.726179287,0.755320871),(1.0,0.961418272,0.961418272,1.0)))REPRESENTATION_ITEM('')SURFACE());
#2580=CARTESIAN_POINT('',(0.0,1.990016658,-2.699500417));
#2581=CARTESIAN_POINT('',(0.232356418,1.990016658,-2.699500417));
#2582=CARTESIAN_POINT('',(0.451265768,1.990016658,-2.621601755));
#2583=CARTESIAN_POINT('',(0.631390347,1.990016658,-2.474820826));
#2584=CARTESIAN_POINT('',(0.0,2.058005377,-2.706322042));
#2585=CARTESIAN_POINT('',(0.233942259,2.058005377,-2.706322042));
#2586=CARTESIAN_POINT('',(0.454345673,2.058005377,-2.627891719));
#2587=CARTESIAN_POINT('',(0.635699609,2.058005377,-2.480109005));
#2588=CARTESIAN_POINT('',(0.0,2.106322042,-2.658005377));
#2589=CARTESIAN_POINT('',(0.22270996,2.106322042,-2.658005377));
#2590=CARTESIAN_POINT('',(0.432531117,2.106322042,-2.583340738));
#2591=CARTESIAN_POINT('',(0.605177684,2.106322042,-2.442653534));
#2592=CARTESIAN_POINT('',(0.0,2.099500417,-2.590016658));
#2593=CARTESIAN_POINT('',(0.206904449,2.099500417,-2.590016658));
#2594=CARTESIAN_POINT('',(0.401834801,2.099500417,-2.520650898));
#2595=CARTESIAN_POINT('',(0.562228807,2.099500417,-2.389948129));
#2596=ADVANCED_FACE('NONE',(#2597),#2617,.T.);
#2597=FACE_BOUND('NONE',#2598,.T.);
#2598=EDGE_LOOP('',(#2599,#2600,#2615,#2616));
#2599=ORIENTED_EDGE('',*,*,#99,.F.);
#2600=ORIENTED_EDGE('',*,*,#2601,.T.);
#2601=EDGE_CURVE('NONE',#100,#1851,#2602,.T.);
#2602=B_SPLINE_CURVE_WITH_KNOTS('',3,(#2603,#2604,#2605,#2606,#2607,#2608,#2609,#2610,#2611,#2612,#2613,#2614),.UNSPECIFIED.,.F.,.U.,(4,2,2,2,2,4),(0.0,0.25,0.375,0.5,0.75,1.0),.UNSPECIFIED.);
#2603=CARTESIAN_POINT('',(-0.6,2.0,-2.5));
#2604=CARTESIAN_POINT('',(-0.6,2.012243739,-2.5));
#2605=CARTESIAN_POINT('',(-0.599298471,2.025349245,-2.497615591));
#2606=CARTESIAN_POINT('',(-0.59673656,2.044085974,-2.489954234));
#2607=CARTESIAN_POINT('',(-0.595639637,2.050165579,-2.486733576));
#2608=CARTESIAN_POINT('',(-0.593014375,2.061578931,-2.47907297));
#2609=CARTESIAN_POINT('',(-0.591196999,2.067740327,-2.473779967));
#2610=CARTESIAN_POINT('',(-0.587055959,2.079613823,-2.461567696));
#2611=CARTESIAN_POINT('',(-0.58307101,2.087710346,-2.449882919));
#2612=CARTESIAN_POINT('',(-0.574437357,2.097782642,-2.424899105));
#2613=CARTESIAN_POINT('',(-0.569791452,2.1,-2.41206864));
#2614=CARTESIAN_POINT('',(-0.565685425,2.1,-2.4));
#2615=ORIENTED_EDGE('',*,*,#1850,.F.);
#2616=ORIENTED_EDGE('',*,*,#2572,.F.);
#2617=(BOUNDED_SURFACE()B_SPLINE_SURFACE(3,3,((#2618,#2619,#2620,#2621),(#2622,#2623,#2624,#2625),(#2626,#2627,#2628,#2629),(#2630,#2631,#2632,#2633)),.UNSPECIFIED.,.F.,.F.,.U.)B_SPLINE_SURFACE_WITH_KNOTS((4,4),(4,4),(0.0,1.0),(0.0,1.0),.PIECEWISE_BEZIER_KNOTS.)GEOMETRIC_REPRESENTATION_ITEM()RATIONAL_B_SPLINE_SURFACE(((1.0,0.961418272,0.961418272,1.0),(0.755320871,0.726179287,0.726179287,0.755320871),(0.755320871,0.726179287,0.726179287,0.755320871),(1.0,0.961418272,0.961418272,1.0)))REPRESENTATION_ITEM('')SURFACE());
#2618=CARTESIAN_POINT('',(-0.631390347,1.990016658,-2.474820826));
#2619=CARTESIAN_POINT('',(-0.451265768,1.990016658,-2.621601755));
#2620=CARTESIAN_POINT('',(-0.232356418,1.990016658,-2.699500417));
#2621=CARTESIAN_POINT('',(0.0,1.990016658,-2.699500417));
#2622=CARTESIAN_POINT('',(-0.635699609,2.058005377,-2.480109005));
#2623=CARTESIAN_POINT('',(-0.454345673,2.058005377,-2.627891719));
#2624=CARTESIAN_POINT('',(-0.233942259,2.058005377,-2.706322042));
#2625=CARTESIAN_POINT('',(0.0,2.058005377,-2.706322042));
#2626=CARTESIAN_POINT('',(-0.605177684,2.106322042,-2.442653534));
#2627=CARTESIAN_POINT('',(-0.432531117,2.106322042,-2.583340738));
#2628=CARTESIAN_POINT('',(-0.22270996,2.106322042,-2.658005377));
#2629=CARTESIAN_POINT('',(0.0,2.106322042,-2.658005377));
#2630=CARTESIAN_POINT('',(-0.562228807,2.099500417,-2.389948129));
#2631=CARTESIAN_POINT('',(-0.401834801,2.099500417,-2.520650898));
#2632=CARTESIAN_POINT('',(-0.206904449,2.099500417,-2.590016658));
#2633=CARTESIAN_POINT('',(0.0,2.099500417,-2.590016658));
#2634=ADVANCED_FACE('NONE',(#2635),#2654,.T.);
#2635=FACE_BOUND('NONE',#2636,.T.);
#2636=EDGE_LOOP('',(#2637,#2638,#2639,#2647));
#2637=ORIENTED_EDGE('',*,*,#1859,.F.);
#2638=ORIENTED_EDGE('',*,*,#2601,.F.);
#2639=ORIENTED_EDGE('',*,*,#2640,.T.);
#2640=EDGE_CURVE('NONE',#100,#2641,#2643,.F.);
#2641=VERTEX_POINT('NONE',#2642);
#2642=CARTESIAN_POINT('',(-1.2,2.0,-2.5));
#2643=LINE('',#2644,#2645);
#2644=CARTESIAN_POINT('',(-0.9,2.0,-2.5));
#2645=VECTOR('',#2646,1.0);
#2646=DIRECTION('',(1.0,0.0,0.0));
#2647=ORIENTED_EDGE('',*,*,#2648,.T.);
#2648=EDGE_CURVE('NONE',#2641,#1860,#2649,.T.);
#2649=CIRCLE('',#2650,0.1);
#2650=AXIS2_PLACEMENT_3D('',#2651,#2652,#2653);
#2651=CARTESIAN_POINT('',(-1.2,2.0,-2.4));
#2652=DIRECTION('',(1.0,2.051032065E-10,6.123031769E-17));
#2653=DIRECTION('',(6.123031413E-17,1.734723476E-14,-1.0));
#2654=CYLINDRICAL_SURFACE('',#2655,0.1);
#2655=AXIS2_PLACEMENT_3D('',#2656,#2657,#2658);
#2656=CARTESIAN_POINT('',(-0.561879537,2.0,-2.4));
#2657=DIRECTION('',(-1.0,0.0,0.0));
#2658=DIRECTION('',(0.0,0.0,1.0));
#2659=ADVANCED_FACE('NONE',(#2660),#2679,.F.);
#2660=FACE_BOUND('NONE',#2661,.T.);
#2661=EDGE_LOOP('',(#2662,#2671,#2672));
#2662=ORIENTED_EDGE('',*,*,#2663,.T.);
#2663=EDGE_CURVE('NONE',#2664,#1860,#2666,.T.);
#2664=VERTEX_POINT('NONE',#2665);
#2665=CARTESIAN_POINT('',(-1.3,2.0,-2.4));
#2666=CIRCLE('',#2667,0.1);
#2667=AXIS2_PLACEMENT_3D('',#2668,#2669,#2670);
#2668=CARTESIAN_POINT('',(-1.2,2.0,-2.4));
#2669=DIRECTION('',(0.0,0.0,-1.0));
#2670=DIRECTION('',(1.0,0.0,0.0));
#2671=ORIENTED_EDGE('',*,*,#2648,.F.);
#2672=ORIENTED_EDGE('',*,*,#2673,.T.);
#2673=EDGE_CURVE('NONE',#2641,#2664,#2674,.T.);
#2674=CIRCLE('',#2675,0.1);
#2675=AXIS2_PLACEMENT_3D('',#2676,#2677,#2678);
#2676=CARTESIAN_POINT('',(-1.2,2.0,-2.4));
#2677=DIRECTION('',(0.0,1.0,0.0));
#2678=DIRECTION('',(0.0,0.0,-1.0));
#2679=(BOUNDED_SURFACE()B_SPLINE_SURFACE(3,3,((#2680,#2681,#2682,#2683),(#2684,#2685,#2686,#2687),(#2688,#2689,#2690,#2691),(#2692,#2693,#2694,#2695)),.UNSPECIFIED.,.F.,.F.,.U.)B_SPLINE_SURFACE_WITH_KNOTS((4,4),(4,4),(0.0,1.0),(0.0,1.0),.PIECEWISE_BEZIER_KNOTS.)GEOMETRIC_REPRESENTATION_ITEM()RATIONAL_B_SPLINE_SURFACE(((1.0,0.804737854,0.804737854,1.0),(0.804737854,0.647603014,0.647603014,0.804737854),(0.804737854,0.647603014,0.647603014,0.804737854),(1.0,0.804737854,0.804737854,1.0)))REPRESENTATION_ITEM('')SURFACE());
#2680=CARTESIAN_POINT('',(-1.2,2.0,-2.5));
#2681=CARTESIAN_POINT('',(-1.2,2.0,-2.5));
#2682=CARTESIAN_POINT('',(-1.2,2.0,-2.5));
#2683=CARTESIAN_POINT('',(-1.2,2.0,-2.5));
#2684=CARTESIAN_POINT('',(-1.2,2.058578644,-2.5));
#2685=CARTESIAN_POINT('',(-1.234314575,2.058578644,-2.5));
#2686=CARTESIAN_POINT('',(-1.258578644,2.034314575,-2.5));
#2687=CARTESIAN_POINT('',(-1.258578644,2.0,-2.5));
#2688=CARTESIAN_POINT('',(-1.2,2.1,-2.458578644));
#2689=CARTESIAN_POINT('',(-1.258578644,2.1,-2.458578644));
#2690=CARTESIAN_POINT('',(-1.3,2.058578644,-2.458578644));
#2691=CARTESIAN_POINT('',(-1.3,2.0,-2.458578644));
#2692=CARTESIAN_POINT('',(-1.2,2.1,-2.4));
#2693=CARTESIAN_POINT('',(-1.258578644,2.1,-2.4));
#2694=CARTESIAN_POINT('',(-1.3,2.058578644,-2.4));
#2695=CARTESIAN_POINT('',(-1.3,2.0,-2.4));
#2696=ADVANCED_FACE('NONE',(#2697),#2716,.T.);
#2697=FACE_BOUND('NONE',#2698,.T.);
#2698=EDGE_LOOP('',(#2699,#2707,#2714,#2715));
#2699=ORIENTED_EDGE('',*,*,#2700,.T.);
#2700=EDGE_CURVE('NONE',#2664,#2701,#2703,.F.);
#2701=VERTEX_POINT('NONE',#2702);
#2702=CARTESIAN_POINT('',(-1.3,2.0,-1.0));
#2703=LINE('',#2704,#2705);
#2704=CARTESIAN_POINT('',(-1.3,2.0,-1.7));
#2705=VECTOR('',#2706,1.0);
#2706=DIRECTION('',(0.0,0.0,-1.0));
#2707=ORIENTED_EDGE('',*,*,#2708,.T.);
#2708=EDGE_CURVE('NONE',#2701,#1868,#2709,.T.);
#2709=CIRCLE('',#2710,0.1);
#2710=AXIS2_PLACEMENT_3D('',#2711,#2712,#2713);
#2711=CARTESIAN_POINT('',(-1.2,2.0,-1.000000001));
#2712=DIRECTION('',(0.0,0.0,-1.0));
#2713=DIRECTION('',(1.0,0.0,0.0));
#2714=ORIENTED_EDGE('',*,*,#1867,.F.);
#2715=ORIENTED_EDGE('',*,*,#2663,.F.);
#2716=CYLINDRICAL_SURFACE('',#2717,0.1);
#2717=AXIS2_PLACEMENT_3D('',#2718,#2719,#2720);
#2718=CARTESIAN_POINT('',(-1.2,2.0,-2.4));
#2719=DIRECTION('',(0.0,0.0,1.0));
#2720=DIRECTION('',(1.0,0.0,0.0));
#2721=ADVANCED_FACE('NONE',(#2722),#2741,.F.);
#2722=FACE_BOUND('NONE',#2723,.T.);
#2723=EDGE_LOOP('',(#2724,#2733,#2740));
#2724=ORIENTED_EDGE('',*,*,#2725,.T.);
#2725=EDGE_CURVE('NONE',#2701,#2726,#2728,.T.);
#2726=VERTEX_POINT('NONE',#2727);
#2727=CARTESIAN_POINT('',(-1.2,2.0,-0.9));
#2728=CIRCLE('',#2729,0.1);
#2729=AXIS2_PLACEMENT_3D('',#2730,#2731,#2732);
#2730=CARTESIAN_POINT('',(-1.2,2.0,-1.0));
#2731=DIRECTION('',(0.0,1.0,0.0));
#2732=DIRECTION('',(0.0,0.0,-1.0));
#2733=ORIENTED_EDGE('',*,*,#2734,.T.);
#2734=EDGE_CURVE('NONE',#2726,#1868,#2735,.T.);
#2735=CIRCLE('',#2736,0.1);
#2736=AXIS2_PLACEMENT_3D('',#2737,#2738,#2739);
#2737=CARTESIAN_POINT('',(-1.2,2.0,-1.0));
#2738=DIRECTION('',(-1.0,0.0,0.0));
#2739=DIRECTION('',(0.0,0.0,-1.0));
#2740=ORIENTED_EDGE('',*,*,#2708,.F.);
#2741=(BOUNDED_SURFACE()B_SPLINE_SURFACE(3,3,((#2742,#2743,#2744,#2745),(#2746,#2747,#2748,#2749),(#2750,#2751,#2752,#2753),(#2754,#2755,#2756,#2757)),.UNSPECIFIED.,.F.,.F.,.U.)B_SPLINE_SURFACE_WITH_KNOTS((4,4),(4,4),(0.0,1.0),(0.0,1.0),.PIECEWISE_BEZIER_KNOTS.)GEOMETRIC_REPRESENTATION_ITEM()RATIONAL_B_SPLINE_SURFACE(((1.0,0.804737854,0.804737854,1.0),(0.804737852,0.647603012,0.647603012,0.804737852),(0.804737852,0.647603012,0.647603012,0.804737852),(1.0,0.804737854,0.804737854,1.0)))REPRESENTATION_ITEM('')SURFACE());
#2742=CARTESIAN_POINT('',(-1.2,2.1,-1.000000001));
#2743=CARTESIAN_POINT('',(-1.258578644,2.1,-1.000000001));
#2744=CARTESIAN_POINT('',(-1.3,2.058578644,-1.000000001));
#2745=CARTESIAN_POINT('',(-1.3,2.0,-1.000000001));
#2746=CARTESIAN_POINT('',(-1.2,2.100000001,-0.941421357));
#2747=CARTESIAN_POINT('',(-1.258578644,2.100000001,-0.941421357));
#2748=CARTESIAN_POINT('',(-1.300000001,2.058578644,-0.941421357));
#2749=CARTESIAN_POINT('',(-1.300000001,2.0,-0.941421357));
#2750=CARTESIAN_POINT('',(-1.2,2.058578644,-0.9));
#2751=CARTESIAN_POINT('',(-1.234314575,2.058578644,-0.9));
#2752=CARTESIAN_POINT('',(-1.258578644,2.034314575,-0.9));
#2753=CARTESIAN_POINT('',(-1.258578644,2.0,-0.9));
#2754=CARTESIAN_POINT('',(-1.2,2.0,-0.9));
#2755=CARTESIAN_POINT('',(-1.2,2.0,-0.9));
#2756=CARTESIAN_POINT('',(-1.2,2.0,-0.9));
#2757=CARTESIAN_POINT('',(-1.2,2.0,-0.9));
#2758=ADVANCED_FACE('NONE',(#2759),#2782,.T.);
#2759=FACE_BOUND('NONE',#2760,.T.);
#2760=EDGE_LOOP('',(#2761,#2769,#2780,#2781));
#2761=ORIENTED_EDGE('',*,*,#2762,.T.);
#2762=EDGE_CURVE('NONE',#2726,#2763,#2765,.F.);
#2763=VERTEX_POINT('NONE',#2764);
#2764=CARTESIAN_POINT('',(-0.6,2.0,-0.9));
#2765=LINE('',#2766,#2767);
#2766=CARTESIAN_POINT('',(-0.9,2.0,-0.9));
#2767=VECTOR('',#2768,1.0);
#2768=DIRECTION('',(-1.0,0.0,0.0));
#2769=ORIENTED_EDGE('',*,*,#2770,.T.);
#2770=EDGE_CURVE('NONE',#2763,#1876,#2771,.F.);
#2771=B_SPLINE_CURVE_WITH_KNOTS('',3,(#2772,#2773,#2774,#2775,#2776,#2777,#2778,#2779),.UNSPECIFIED.,.F.,.U.,(4,2,2,4),(0.0,0.25,0.5,1.0),.UNSPECIFIED.);
#2772=CARTESIAN_POINT('',(-0.565685425,2.1,-1.0));
#2773=CARTESIAN_POINT('',(-0.569915358,2.1,-0.988027056));
#2774=CARTESIAN_POINT('',(-0.574929372,2.097346767,-0.974112655));
#2775=CARTESIAN_POINT('',(-0.582578995,2.088146221,-0.95110532));
#2776=CARTESIAN_POINT('',(-0.586479816,2.081265787,-0.940131402));
#2777=CARTESIAN_POINT('',(-0.596490329,2.052562904,-0.910609566));
#2778=CARTESIAN_POINT('',(-0.6,2.024509489,-0.9));
#2779=CARTESIAN_POINT('',(-0.6,2.0,-0.9));
#2780=ORIENTED_EDGE('',*,*,#1875,.F.);
#2781=ORIENTED_EDGE('',*,*,#2734,.F.);
#2782=CYLINDRICAL_SURFACE('',#2783,0.1);
#2783=AXIS2_PLACEMENT_3D('',#2784,#2785,#2786);
#2784=CARTESIAN_POINT('',(-1.2,2.0,-1.0));
#2785=DIRECTION('',(1.0,0.0,0.0));
#2786=DIRECTION('',(0.0,0.0,-1.0));
#2787=ADVANCED_FACE('NONE',(#2788),#2816,.T.);
#2788=FACE_BOUND('NONE',#2789,.T.);
#2789=EDGE_LOOP('',(#2790,#2807,#2808,#2809));
#2790=ORIENTED_EDGE('',*,*,#2791,.T.);
#2791=EDGE_CURVE('NONE',#2792,#1884,#2794,.T.);
#2792=VERTEX_POINT('NONE',#2793);
#2793=CARTESIAN_POINT('',(0.6,2.0,-0.9));
#2794=B_SPLINE_CURVE_WITH_KNOTS('',3,(#2795,#2796,#2797,#2798,#2799,#2800,#2801,#2802,#2803,#2804,#2805,#2806),.UNSPECIFIED.,.F.,.U.,(4,2,2,2,2,4),(0.0,0.25,0.375,0.5,0.75,1.0),.UNSPECIFIED.);
#2795=CARTESIAN_POINT('',(0.6,2.0,-0.9));
#2796=CARTESIAN_POINT('',(0.6,2.012254745,-0.9));
#2797=CARTESIAN_POINT('',(0.599296571,2.025366933,-0.902388636));
#2798=CARTESIAN_POINT('',(0.596733323,2.044102938,-0.910053712));
#2799=CARTESIAN_POINT('',(0.595636238,2.05018062,-0.913275066));
#2800=CARTESIAN_POINT('',(0.593011805,2.061587727,-0.92093402));
#2801=CARTESIAN_POINT('',(0.591200346,2.067730735,-0.926210167));
#2802=CARTESIAN_POINT('',(0.587049269,2.079633008,-0.938452037));
#2803=CARTESIAN_POINT('',(0.583070168,2.087711329,-0.950119518));
#2804=CARTESIAN_POINT('',(0.574438199,2.09778166,-0.975098458));
#2805=CARTESIAN_POINT('',(0.56979256,2.1,-0.987929252));
#2806=CARTESIAN_POINT('',(0.565685425,2.1,-1.0));
#2807=ORIENTED_EDGE('',*,*,#1883,.F.);
#2808=ORIENTED_EDGE('',*,*,#2770,.F.);
#2809=ORIENTED_EDGE('',*,*,#2810,.T.);
#2810=EDGE_CURVE('NONE',#2763,#2792,#2811,.T.);
#2811=CIRCLE('',#2812,1.0);
#2812=AXIS2_PLACEMENT_3D('',#2813,#2814,#2815);
#2813=CARTESIAN_POINT('',(0.0,2.0,-1.7));
#2814=DIRECTION('',(0.0,1.0,0.0));
#2815=DIRECTION('',(1.776356839E-15,0.0,-1.0));
#2816=(BOUNDED_SURFACE()B_SPLINE_SURFACE(3,3,((#2817,#2818,#2819,#2820),(#2821,#2822,#2823,#2824),(#2825,#2826,#2827,#2828),(#2829,#2830,#2831,#2832)),.UNSPECIFIED.,.F.,.F.,.U.)B_SPLINE_SURFACE_WITH_KNOTS((4,4),(4,4),(0.0,1.0),(0.0,1.0),.PIECEWISE_BEZIER_KNOTS.)GEOMETRIC_REPRESENTATION_ITEM()RATIONAL_B_SPLINE_SURFACE(((1.0,0.848417029,0.848417029,1.0),(0.755320871,0.64082709,0.64082709,0.755320871),(0.755320871,0.64082709,0.64082709,0.755320871),(1.0,0.848417029,0.848417029,1.0)))REPRESENTATION_ITEM('')SURFACE());
#2817=CARTESIAN_POINT('',(0.634544841,1.990016658,-0.927760447));
#2818=CARTESIAN_POINT('',(0.2493054,1.990016658,-0.611211393));
#2819=CARTESIAN_POINT('',(-0.2493054,1.990016658,-0.611211393));
#2820=CARTESIAN_POINT('',(-0.634544841,1.990016658,-0.927760447));
#2821=CARTESIAN_POINT('',(0.638875632,2.058005377,-0.922489884));
#2822=CARTESIAN_POINT('',(0.251006918,2.058005377,-0.603780372));
#2823=CARTESIAN_POINT('',(-0.251006918,2.058005377,-0.603780372));
#2824=CARTESIAN_POINT('',(-0.638875632,2.058005377,-0.922489884));
#2825=CARTESIAN_POINT('',(0.608201216,2.106322042,-0.959820575));
#2826=CARTESIAN_POINT('',(0.238955292,2.106322042,-0.656413302));
#2827=CARTESIAN_POINT('',(-0.238955292,2.106322042,-0.656413302));
#2828=CARTESIAN_POINT('',(-0.608201216,2.106322042,-0.959820575));
#2829=CARTESIAN_POINT('',(0.565037762,2.099500417,-1.012350395));
#2830=CARTESIAN_POINT('',(0.221996865,2.099500417,-0.730475644));
#2831=CARTESIAN_POINT('',(-0.221996865,2.099500417,-0.730475644));
#2832=CARTESIAN_POINT('',(-0.565037762,2.099500417,-1.012350395));
#2833=ADVANCED_FACE('NONE',(#2834),#2853,.T.);
#2834=FACE_BOUND('NONE',#2835,.T.);
#2835=EDGE_LOOP('',(#2836,#2844,#2851,#2852));
#2836=ORIENTED_EDGE('',*,*,#2837,.T.);
#2837=EDGE_CURVE('NONE',#2792,#2838,#2840,.F.);
#2838=VERTEX_POINT('NONE',#2839);
#2839=CARTESIAN_POINT('',(1.2,2.0,-0.9));
#2840=LINE('',#2841,#2842);
#2841=CARTESIAN_POINT('',(0.9,2.0,-0.9));
#2842=VECTOR('',#2843,1.0);
#2843=DIRECTION('',(-1.0,0.0,0.0));
#2844=ORIENTED_EDGE('',*,*,#2845,.T.);
#2845=EDGE_CURVE('NONE',#2838,#1824,#2846,.T.);
#2846=CIRCLE('',#2847,0.1);
#2847=AXIS2_PLACEMENT_3D('',#2848,#2849,#2850);
#2848=CARTESIAN_POINT('',(1.2,2.0,-1.0));
#2849=DIRECTION('',(-1.0,-2.051032065E-10,-6.123031769E-17));
#2850=DIRECTION('',(6.123031502E-17,1.301042607E-14,-1.0));
#2851=ORIENTED_EDGE('',*,*,#1892,.F.);
#2852=ORIENTED_EDGE('',*,*,#2791,.F.);
#2853=CYLINDRICAL_SURFACE('',#2854,0.1);
#2854=AXIS2_PLACEMENT_3D('',#2855,#2856,#2857);
#2855=CARTESIAN_POINT('',(0.561879537,2.0,-1.0));
#2856=DIRECTION('',(1.0,0.0,0.0));
#2857=DIRECTION('',(0.0,0.0,-1.0));
#2858=ADVANCED_FACE('NONE',(#2859),#2878,.F.);
#2859=FACE_BOUND('NONE',#2860,.T.);
#2860=EDGE_LOOP('',(#2861,#2870,#2877));
#2861=ORIENTED_EDGE('',*,*,#2862,.T.);
#2862=EDGE_CURVE('NONE',#2838,#2863,#2865,.T.);
#2863=VERTEX_POINT('NONE',#2864);
#2864=CARTESIAN_POINT('',(1.3,2.0,-1.0));
#2865=CIRCLE('',#2866,0.1);
#2866=AXIS2_PLACEMENT_3D('',#2867,#2868,#2869);
#2867=CARTESIAN_POINT('',(1.2,2.0,-1.0));
#2868=DIRECTION('',(0.0,1.0,0.0));
#2869=DIRECTION('',(0.0,0.0,-1.0));
#2870=ORIENTED_EDGE('',*,*,#2871,.T.);
#2871=EDGE_CURVE('NONE',#2863,#1824,#2872,.T.);
#2872=CIRCLE('',#2873,0.1);
#2873=AXIS2_PLACEMENT_3D('',#2874,#2875,#2876);
#2874=CARTESIAN_POINT('',(1.2,2.0,-1.0));
#2875=DIRECTION('',(0.0,0.0,1.0));
#2876=DIRECTION('',(-1.0,0.0,0.0));
#2877=ORIENTED_EDGE('',*,*,#2845,.F.);
#2878=(BOUNDED_SURFACE()B_SPLINE_SURFACE(3,3,((#2879,#2880,#2881,#2882),(#2883,#2884,#2885,#2886),(#2887,#2888,#2889,#2890),(#2891,#2892,#2893,#2894)),.UNSPECIFIED.,.F.,.F.,.U.)B_SPLINE_SURFACE_WITH_KNOTS((4,4),(4,4),(0.0,1.0),(0.0,1.0),.PIECEWISE_BEZIER_KNOTS.)GEOMETRIC_REPRESENTATION_ITEM()RATIONAL_B_SPLINE_SURFACE(((1.0,0.804737854,0.804737854,1.0),(0.804737852,0.647603012,0.647603012,0.804737852),(0.804737852,0.647603012,0.647603012,0.804737852),(1.0,0.804737854,0.804737854,1.0)))REPRESENTATION_ITEM('')SURFACE());
#2879=CARTESIAN_POINT('',(1.3,2.0,-1.000000001));
#2880=CARTESIAN_POINT('',(1.3,2.058578644,-1.000000001));
#2881=CARTESIAN_POINT('',(1.258578644,2.1,-1.000000001));
#2882=CARTESIAN_POINT('',(1.2,2.1,-1.000000001));
#2883=CARTESIAN_POINT('',(1.300000001,2.0,-0.941421357));
#2884=CARTESIAN_POINT('',(1.300000001,2.058578644,-0.941421357));
#2885=CARTESIAN_POINT('',(1.258578644,2.100000001,-0.941421357));
#2886=CARTESIAN_POINT('',(1.2,2.100000001,-0.941421357));
#2887=CARTESIAN_POINT('',(1.258578644,2.0,-0.9));
#2888=CARTESIAN_POINT('',(1.258578644,2.034314575,-0.9));
#2889=CARTESIAN_POINT('',(1.234314575,2.058578644,-0.9));
#2890=CARTESIAN_POINT('',(1.2,2.058578644,-0.9));
#2891=CARTESIAN_POINT('',(1.2,2.0,-0.9));
#2892=CARTESIAN_POINT('',(1.2,2.0,-0.9));
#2893=CARTESIAN_POINT('',(1.2,2.0,-0.9));
#2894=CARTESIAN_POINT('',(1.2,2.0,-0.9));
#2895=ADVANCED_FACE('NONE',(#2896),#2915,.T.);
#2896=FACE_BOUND('NONE',#2897,.T.);
#2897=EDGE_LOOP('',(#2898,#2899,#2900,#2908));
#2898=ORIENTED_EDGE('',*,*,#1823,.F.);
#2899=ORIENTED_EDGE('',*,*,#2871,.F.);
#2900=ORIENTED_EDGE('',*,*,#2901,.T.);
#2901=EDGE_CURVE('NONE',#2863,#2902,#2904,.F.);
#2902=VERTEX_POINT('NONE',#2903);
#2903=CARTESIAN_POINT('',(1.3,2.0,-2.4));
#2904=LINE('',#2905,#2906);
#2905=CARTESIAN_POINT('',(1.3,2.0,-1.7));
#2906=VECTOR('',#2907,1.0);
#2907=DIRECTION('',(0.0,0.0,1.0));
#2908=ORIENTED_EDGE('',*,*,#2909,.T.);
#2909=EDGE_CURVE('NONE',#2902,#1826,#2910,.T.);
#2910=CIRCLE('',#2911,0.1);
#2911=AXIS2_PLACEMENT_3D('',#2912,#2913,#2914);
#2912=CARTESIAN_POINT('',(1.2,2.0,-2.400000001));
#2913=DIRECTION('',(0.0,0.0,1.0));
#2914=DIRECTION('',(1.0,0.0,0.0));
#2915=CYLINDRICAL_SURFACE('',#2916,0.1);
#2916=AXIS2_PLACEMENT_3D('',#2917,#2918,#2919);
#2917=CARTESIAN_POINT('',(1.2,2.0,-1.0));
#2918=DIRECTION('',(0.0,0.0,-1.0));
#2919=DIRECTION('',(-1.0,0.0,0.0));
#2920=ADVANCED_FACE('NONE',(#2921),#2940,.F.);
#2921=FACE_BOUND('NONE',#2922,.T.);
#2922=EDGE_LOOP('',(#2923,#2932,#2933));
#2923=ORIENTED_EDGE('',*,*,#2924,.T.);
#2924=EDGE_CURVE('NONE',#2925,#1826,#2927,.T.);
#2925=VERTEX_POINT('NONE',#2926);
#2926=CARTESIAN_POINT('',(1.2,2.0,-2.5));
#2927=CIRCLE('',#2928,0.1);
#2928=AXIS2_PLACEMENT_3D('',#2929,#2930,#2931);
#2929=CARTESIAN_POINT('',(1.2,2.0,-2.4));
#2930=DIRECTION('',(1.0,0.0,0.0));
#2931=DIRECTION('',(0.0,0.0,1.0));
#2932=ORIENTED_EDGE('',*,*,#2909,.F.);
#2933=ORIENTED_EDGE('',*,*,#2934,.T.);
#2934=EDGE_CURVE('NONE',#2902,#2925,#2935,.T.);
#2935=CIRCLE('',#2936,0.1);
#2936=AXIS2_PLACEMENT_3D('',#2937,#2938,#2939);
#2937=CARTESIAN_POINT('',(1.2,2.0,-2.4));
#2938=DIRECTION('',(0.0,1.0,0.0));
#2939=DIRECTION('',(0.0,0.0,-1.0));
#2940=(BOUNDED_SURFACE()B_SPLINE_SURFACE(3,3,((#2941,#2942,#2943,#2944),(#2945,#2946,#2947,#2948),(#2949,#2950,#2951,#2952),(#2953,#2954,#2955,#2956)),.UNSPECIFIED.,.F.,.F.,.U.)B_SPLINE_SURFACE_WITH_KNOTS((4,4),(4,4),(0.0,1.0),(0.0,1.0),.PIECEWISE_BEZIER_KNOTS.)GEOMETRIC_REPRESENTATION_ITEM()RATIONAL_B_SPLINE_SURFACE(((1.0,0.804737854,0.804737854,1.0),(0.802511187,0.64581113,0.64581113,0.802511187),(0.802511187,0.64581113,0.64581113,0.802511187),(1.0,0.804737854,0.804737854,1.0)))REPRESENTATION_ITEM('')SURFACE());
#2941=CARTESIAN_POINT('',(1.2,2.0,-2.5));
#2942=CARTESIAN_POINT('',(1.2,2.0,-2.5));
#2943=CARTESIAN_POINT('',(1.2,2.0,-2.5));
#2944=CARTESIAN_POINT('',(1.2,2.0,-2.5));
#2945=CARTESIAN_POINT('',(1.259017336,2.0,-2.5));
#2946=CARTESIAN_POINT('',(1.259017336,2.034571555,-2.5));
#2947=CARTESIAN_POINT('',(1.234571555,2.059017336,-2.5));
#2948=CARTESIAN_POINT('',(1.2,2.059017336,-2.5));
#2949=CARTESIAN_POINT('',(1.300551776,2.0,-2.458072251));
#2950=CARTESIAN_POINT('',(1.300551776,2.058901867,-2.458072251));
#2951=CARTESIAN_POINT('',(1.258901867,2.100551776,-2.458072251));
#2952=CARTESIAN_POINT('',(1.2,2.100551776,-2.458072251));
#2953=CARTESIAN_POINT('',(1.299995559,2.0,-2.399057536));
#2954=CARTESIAN_POINT('',(1.299995559,2.058576042,-2.399057536));
#2955=CARTESIAN_POINT('',(1.258576042,2.099995559,-2.399057536));
#2956=CARTESIAN_POINT('',(1.2,2.099995559,-2.399057536));
#2957=ADVANCED_FACE('NONE',(#2958),#2969,.T.);
#2958=FACE_BOUND('NONE',#2959,.T.);
#2959=EDGE_LOOP('',(#2960,#2961,#2962,#2968));
#2960=ORIENTED_EDGE('',*,*,#1833,.F.);
#2961=ORIENTED_EDGE('',*,*,#2924,.F.);
#2962=ORIENTED_EDGE('',*,*,#2963,.T.);
#2963=EDGE_CURVE('NONE',#2925,#2553,#2964,.F.);
#2964=LINE('',#2965,#2966);
#2965=CARTESIAN_POINT('',(0.9,2.0,-2.5));
#2966=VECTOR('',#2967,1.0);
#2967=DIRECTION('',(1.0,0.0,0.0));
#2968=ORIENTED_EDGE('',*,*,#2552,.F.);
#2969=CYLINDRICAL_SURFACE('',#2970,0.1);
#2970=AXIS2_PLACEMENT_3D('',#2971,#2972,#2973);
#2971=CARTESIAN_POINT('',(1.2,2.0,-2.4));
#2972=DIRECTION('',(-1.0,0.0,0.0));
#2973=DIRECTION('',(0.0,0.0,1.0));
#2974=ADVANCED_FACE('NONE',(#2975),#3000,.F.);
#2975=FACE_BOUND('NONE',#2976,.T.);
#2976=EDGE_LOOP('',(#2977,#2987,#2993,#2994));
#2977=ORIENTED_EDGE('',*,*,#2978,.T.);
#2978=EDGE_CURVE('NONE',#2979,#2981,#2983,.T.);
#2979=VERTEX_POINT('NONE',#2980);
#2980=CARTESIAN_POINT('',(-2.561710937,0.655716762,-3.420951473));
#2981=VERTEX_POINT('NONE',#2982);
#2982=CARTESIAN_POINT('',(-2.446599101,0.659686136,-3.324533332));
#2983=LINE('',#2984,#2985);
#2984=CARTESIAN_POINT('',(-2.561710937,0.655716762,-3.420951473));
#2985=VECTOR('',#2986,1.0);
#2986=DIRECTION('',(0.766340985,0.026425551,0.641890321));
#2987=ORIENTED_EDGE('',*,*,#2988,.T.);
#2988=EDGE_CURVE('NONE',#2981,#1927,#2989,.T.);
#2989=LINE('',#2990,#2991);
#2990=CARTESIAN_POINT('',(-2.446599101,0.659686136,-3.324533332));
#2991=VECTOR('',#2992,1.0);
#2992=DIRECTION('',(-0.034462275,-0.999405999,-2.325731078E-11));
#2993=ORIENTED_EDGE('',*,*,#1926,.F.);
#2994=ORIENTED_EDGE('',*,*,#2995,.T.);
#2995=EDGE_CURVE('NONE',#1919,#2979,#2996,.T.);
#2996=LINE('',#2997,#2998);
#2997=CARTESIAN_POINT('',(-2.583034066,0.037346003,-3.420951474));
#2998=VECTOR('',#2999,1.0);
#2999=DIRECTION('',(0.034462275,0.999405999,5.464727681E-11));
#3000=PLANE('',#3001);
#3001=AXIS2_PLACEMENT_3D('',#3002,#3003,#3004);
#3002=CARTESIAN_POINT('',(-2.583909395,0.029628257,-3.421462349));
#3003=DIRECTION('',(-0.642405795,0.022151924,0.766044442));
#3004=DIRECTION('',(0.766232463,-3.469446952E-18,0.642563469));
#3005=ADVANCED_FACE('NONE',(#3006),#3017,.F.);
#3006=FACE_BOUND('NONE',#3007,.T.);
#3007=EDGE_LOOP('',(#3008,#3014,#3015,#3016));
#3008=ORIENTED_EDGE('',*,*,#3009,.T.);
#3009=EDGE_CURVE('NONE',#2981,#912,#3010,.T.);
#3010=LINE('',#3011,#3012);
#3011=CARTESIAN_POINT('',(-2.4465991,0.659686136,-3.324533333));
#3012=VECTOR('',#3013,1.0);
#3013=DIRECTION('',(-0.643302039,-0.022182829,0.765291061));
#3014=ORIENTED_EDGE('',*,*,#911,.F.);
#3015=ORIENTED_EDGE('',*,*,#1934,.F.);
#3016=ORIENTED_EDGE('',*,*,#2988,.F.);
#3017=PLANE('',#3018);
#3018=AXIS2_PLACEMENT_3D('',#3019,#3020,#3021);
#3019=CARTESIAN_POINT('',(-2.45639584,0.029628257,-3.338741786));
#3020=DIRECTION('',(-0.765589412,0.026399634,-0.64278761));
#3021=DIRECTION('',(-0.643011719,0.0,0.765856337));
#3022=ADVANCED_FACE('NONE',(#3023),#3042,.T.);
#3023=FACE_BOUND('NONE',#3024,.T.);
#3024=EDGE_LOOP('',(#3025,#3033,#3034,#3035));
#3025=ORIENTED_EDGE('',*,*,#3026,.T.);
#3026=EDGE_CURVE('NONE',#3027,#1910,#3029,.T.);
#3027=VERTEX_POINT('NONE',#3028);
#3028=CARTESIAN_POINT('',(-3.044662435,0.639063263,-2.846418142));
#3029=LINE('',#3030,#3031);
#3030=CARTESIAN_POINT('',(-3.064838412,0.053959945,-2.846418142));
#3031=VECTOR('',#3032,1.0);
#3032=DIRECTION('',(-0.034462276,-0.999405999,-2.257412823E-17));
#3033=ORIENTED_EDGE('',*,*,#1909,.F.);
#3034=ORIENTED_EDGE('',*,*,#983,.F.);
#3035=ORIENTED_EDGE('',*,*,#3036,.T.);
#3036=EDGE_CURVE('NONE',#976,#3027,#3037,.T.);
#3037=(BOUNDED_CURVE()B_SPLINE_CURVE(3,(#3038,#3039,#3040,#3041),.UNSPECIFIED.,.F.,.U.)B_SPLINE_CURVE_WITH_KNOTS((4,4),(3.141592654,3.839724355),.PIECEWISE_BEZIER_KNOTS.)CURVE()GEOMETRIC_REPRESENTATION_ITEM()RATIONAL_B_SPLINE_CURVE((1.0,0.95979508,0.95979508,1.0))REPRESENTATION_ITEM(''));
#3038=CARTESIAN_POINT('',(-3.07981843,0.637850987,-2.75));
#3039=CARTESIAN_POINT('',(-3.07981843,0.637850987,-2.785634705));
#3040=CARTESIAN_POINT('',(-3.067608881,0.638272006,-2.819120374));
#3041=CARTESIAN_POINT('',(-3.044662435,0.639063263,-2.846418142));
#3042=CYLINDRICAL_SURFACE('',#3043,0.15);
#3043=AXIS2_PLACEMENT_3D('',#3044,#3045,#3046);
#3044=CARTESIAN_POINT('',(-2.95,0.05,-2.75));
#3045=DIRECTION('',(0.034462276,0.999405999,2.257412823E-17));
#3046=DIRECTION('',(-0.999405999,0.034462276,1.155557967E-33));
#3047=ADVANCED_FACE('NONE',(#3048),#3059,.F.);
#3048=FACE_BOUND('NONE',#3049,.T.);
#3049=EDGE_LOOP('',(#3050,#3051,#3057,#3058));
#3050=ORIENTED_EDGE('',*,*,#3026,.F.);
#3051=ORIENTED_EDGE('',*,*,#3052,.T.);
#3052=EDGE_CURVE('NONE',#3027,#2979,#3053,.T.);
#3053=LINE('',#3054,#3055);
#3054=CARTESIAN_POINT('',(-3.044662435,0.639063263,-2.846418141));
#3055=VECTOR('',#3056,1.0);
#3056=DIRECTION('',(0.64330204,0.022182829,-0.765291061));
#3057=ORIENTED_EDGE('',*,*,#2995,.F.);
#3058=ORIENTED_EDGE('',*,*,#1918,.F.);
#3059=PLANE('',#3060);
#3060=AXIS2_PLACEMENT_3D('',#3061,#3062,#3063);
#3061=CARTESIAN_POINT('',(-3.068195216,0.033635778,-2.843254759));
#3062=DIRECTION('',(0.765589412,-0.026399636,0.64278761));
#3063=DIRECTION('',(0.64301172,3.469446952E-18,-0.765856337));
#3064=ADVANCED_FACE('NONE',(#3065),#3083,.F.);
#3065=FACE_BOUND('NONE',#3066,.T.);
#3066=EDGE_LOOP('',(#3067,#3068,#3076,#3082));
#3067=ORIENTED_EDGE('',*,*,#2506,.F.);
#3068=ORIENTED_EDGE('',*,*,#3069,.T.);
#3069=EDGE_CURVE('NONE',#2499,#3070,#3072,.T.);
#3070=VERTEX_POINT('NONE',#3071);
#3071=CARTESIAN_POINT('',(-1.25,1.5,0.0));
#3072=LINE('',#3073,#3074);
#3073=CARTESIAN_POINT('',(-1.25,1.5,-0.331223542));
#3074=VECTOR('',#3075,1.0);
#3075=DIRECTION('',(0.0,0.0,1.0));
#3076=ORIENTED_EDGE('',*,*,#3077,.T.);
#3077=EDGE_CURVE('NONE',#3070,#1787,#3078,.T.);
#3078=LINE('',#3079,#3080);
#3079=CARTESIAN_POINT('',(-1.25,0.841666667,0.0));
#3080=VECTOR('',#3081,1.0);
#3081=DIRECTION('',(0.0,-1.0,0.0));
#3082=ORIENTED_EDGE('',*,*,#1786,.F.);
#3083=PLANE('',#3084);
#3084=AXIS2_PLACEMENT_3D('',#3085,#3086,#3087);
#3085=CARTESIAN_POINT('',(-1.25,0.88,-0.1));
#3086=DIRECTION('',(-1.0,0.0,0.0));
#3087=DIRECTION('',(0.0,0.0,1.0));
#3088=ADVANCED_FACE('NONE',(#3089),#3111,.F.);
#3089=FACE_BOUND('NONE',#3090,.T.);
#3090=EDGE_LOOP('',(#3091,#3092,#3100,#3106,#3107,#3108,#3109,#3110));
#3091=ORIENTED_EDGE('',*,*,#3077,.F.);
#3092=ORIENTED_EDGE('',*,*,#3093,.T.);
#3093=EDGE_CURVE('NONE',#3070,#3094,#3096,.T.);
#3094=VERTEX_POINT('NONE',#3095);
#3095=CARTESIAN_POINT('',(-2.125,1.5,0.0));
#3096=LINE('',#3097,#3098);
#3097=CARTESIAN_POINT('',(-1.7,1.5,0.0));
#3098=VECTOR('',#3099,1.0);
#3099=DIRECTION('',(-1.0,0.0,0.0));
#3100=ORIENTED_EDGE('',*,*,#3101,.T.);
#3101=EDGE_CURVE('NONE',#3094,#2022,#3102,.T.);
#3102=LINE('',#3103,#3104);
#3103=CARTESIAN_POINT('',(-2.125,1.080178572,0.0));
#3104=VECTOR('',#3105,1.0);
#3105=DIRECTION('',(0.0,-1.0,0.0));
#3106=ORIENTED_EDGE('',*,*,#2021,.F.);
#3107=ORIENTED_EDGE('',*,*,#1966,.F.);
#3108=ORIENTED_EDGE('',*,*,#1367,.F.);
#3109=ORIENTED_EDGE('',*,*,#1948,.F.);
#3110=ORIENTED_EDGE('',*,*,#1794,.F.);
#3111=PLANE('',#3112);
#3112=AXIS2_PLACEMENT_3D('',#3113,#3114,#3115);
#3113=CARTESIAN_POINT('',(-1.0,0.183333333,0.0));
#3114=DIRECTION('',(0.0,0.0,-1.0));
#3115=DIRECTION('',(-1.0,0.0,0.0));
#3116=ADVANCED_FACE('NONE',(#3117),#3136,.F.);
#3117=FACE_BOUND('NONE',#3118,.T.);
#3118=EDGE_LOOP('',(#3119,#3120,#3128,#3134,#3135));
#3119=ORIENTED_EDGE('',*,*,#3101,.F.);
#3120=ORIENTED_EDGE('',*,*,#3121,.T.);
#3121=EDGE_CURVE('NONE',#3094,#3122,#3124,.T.);
#3122=VERTEX_POINT('NONE',#3123);
#3123=CARTESIAN_POINT('',(-2.2,1.5,-0.122727273));
#3124=LINE('',#3125,#3126);
#3125=CARTESIAN_POINT('',(-2.125,1.5,0.0));
#3126=VECTOR('',#3127,1.0);
#3127=DIRECTION('',(-0.521450009,0.0,-0.853281834));
#3128=ORIENTED_EDGE('',*,*,#3129,.T.);
#3129=EDGE_CURVE('NONE',#3122,#2061,#3130,.F.);
#3130=LINE('',#3131,#3132);
#3131=CARTESIAN_POINT('',(-2.4,1.2,-0.45));
#3132=VECTOR('',#3133,1.0);
#3133=DIRECTION('',(0.410730928,0.616096392,0.672105156));
#3134=ORIENTED_EDGE('',*,*,#2060,.F.);
#3135=ORIENTED_EDGE('',*,*,#2029,.F.);
#3136=PLANE('',#3137);
#3137=AXIS2_PLACEMENT_3D('',#3138,#3139,#3140);
#3138=CARTESIAN_POINT('',(-2.125,0.660357143,0.0));
#3139=DIRECTION('',(0.853281834,0.0,-0.521450009));
#3140=DIRECTION('',(-0.521450009,0.0,-0.853281834));
#3141=ADVANCED_FACE('NONE',(#3142),#3153,.T.);
#3142=FACE_BOUND('NONE',#3143,.T.);
#3143=EDGE_LOOP('',(#3144,#3145,#3146,#3147));
#3144=ORIENTED_EDGE('',*,*,#2168,.F.);
#3145=ORIENTED_EDGE('',*,*,#2068,.F.);
#3146=ORIENTED_EDGE('',*,*,#3129,.F.);
#3147=ORIENTED_EDGE('',*,*,#3148,.T.);
#3148=EDGE_CURVE('NONE',#3122,#2169,#3149,.T.);
#3149=LINE('',#3150,#3151);
#3150=CARTESIAN_POINT('',(-2.2,1.5,-0.331223542));
#3151=VECTOR('',#3152,1.0);
#3152=DIRECTION('',(0.0,0.0,-1.0));
#3153=PLANE('',#3154);
#3154=AXIS2_PLACEMENT_3D('',#3155,#3156,#3157);
#3155=CARTESIAN_POINT('',(-2.2,1.5,-0.65));
#3156=DIRECTION('',(-0.832050294,0.554700196,0.0));
#3157=DIRECTION('',(-0.554700196,-0.832050294,0.0));
#3158=ADVANCED_FACE('NONE',(#3159),#3193,.T.);
#3159=FACE_BOUND('NONE',#3160,.T.);
#3160=EDGE_LOOP('',(#3161,#3171,#3179,#3187));
#3161=ORIENTED_EDGE('',*,*,#3162,.T.);
#3162=EDGE_CURVE('NONE',#3163,#3165,#3167,.F.);
#3163=VERTEX_POINT('NONE',#3164);
#3164=CARTESIAN_POINT('',(-2.388308613,1.0,-1.05));
#3165=VERTEX_POINT('NONE',#3166);
#3166=CARTESIAN_POINT('',(-2.388308613,1.0,-1.58));
#3167=LINE('',#3168,#3169);
#3168=CARTESIAN_POINT('',(-2.388308613,1.0,-0.865));
#3169=VECTOR('',#3170,1.0);
#3170=DIRECTION('',(0.0,0.0,1.0));
#3171=ORIENTED_EDGE('',*,*,#3172,.T.);
#3172=EDGE_CURVE('NONE',#3165,#3173,#3175,.T.);
#3173=VERTEX_POINT('NONE',#3174);
#3174=CARTESIAN_POINT('',(-2.23873721,0.988668833,-1.58));
#3175=LINE('',#3176,#3177);
#3176=CARTESIAN_POINT('',(-2.313522912,0.994334417,-1.58));
#3177=VECTOR('',#3178,1.0);
#3178=DIRECTION('',(0.997142688,-0.075541113,0.0));
#3179=ORIENTED_EDGE('',*,*,#3180,.T.);
#3180=EDGE_CURVE('NONE',#3173,#3181,#3183,.F.);
#3181=VERTEX_POINT('NONE',#3182);
#3182=CARTESIAN_POINT('',(-2.23873721,0.988668833,-1.05));
#3183=LINE('',#3184,#3185);
#3184=CARTESIAN_POINT('',(-2.23873721,0.988668833,-0.865));
#3185=VECTOR('',#3186,1.0);
#3186=DIRECTION('',(0.0,0.0,-1.0));
#3187=ORIENTED_EDGE('',*,*,#3188,.T.);
#3188=EDGE_CURVE('NONE',#3181,#3163,#3189,.T.);
#3189=LINE('',#3190,#3191);
#3190=CARTESIAN_POINT('',(-2.388308613,1.0,-1.05));
#3191=VECTOR('',#3192,1.0);
#3192=DIRECTION('',(-0.997142688,0.075541113,0.0));
#3193=PLANE('',#3194);
#3194=AXIS2_PLACEMENT_3D('',#3195,#3196,#3197);
#3195=CARTESIAN_POINT('',(-2.388308613,1.0,-1.58));
#3196=DIRECTION('',(-0.075541113,-0.997142688,0.0));
#3197=DIRECTION('',(0.997142688,-0.075541113,0.0));
#3198=ADVANCED_FACE('NONE',(#3199),#3215,.F.);
#3199=FACE_BOUND('NONE',#3200,.T.);
#3200=EDGE_LOOP('',(#3201,#3202,#3208,#3209));
#3201=ORIENTED_EDGE('',*,*,#169,.F.);
#3202=ORIENTED_EDGE('',*,*,#3203,.T.);
#3203=EDGE_CURVE('NONE',#161,#3163,#3204,.F.);
#3204=LINE('',#3205,#3206);
#3205=CARTESIAN_POINT('',(-2.405092495,0.778452757,-1.050000001));
#3206=VECTOR('',#3207,1.0);
#3207=DIRECTION('',(-0.075541113,-0.997142688,0.0));
#3208=ORIENTED_EDGE('',*,*,#3188,.F.);
#3209=ORIENTED_EDGE('',*,*,#3210,.T.);
#3210=EDGE_CURVE('NONE',#3181,#142,#3211,.F.);
#3211=LINE('',#3212,#3213);
#3212=CARTESIAN_POINT('',(-2.255521092,0.76712159,-1.050000001));
#3213=VECTOR('',#3214,1.0);
#3214=DIRECTION('',(0.075541113,0.997142688,0.0));
#3215=PLANE('',#3216);
#3216=AXIS2_PLACEMENT_3D('',#3217,#3218,#3219);
#3217=CARTESIAN_POINT('',(-2.435628208,0.37582825,-1.05));
#3218=DIRECTION('',(0.0,0.0,1.0));
#3219=DIRECTION('',(1.0,0.0,0.0));
#3220=ADVANCED_FACE('NONE',(#3221),#3248,.T.);
#3221=FACE_BOUND('NONE',#3222,.T.);
#3222=EDGE_LOOP('',(#3223,#3224,#3233,#3241));
#3223=ORIENTED_EDGE('',*,*,#152,.F.);
#3224=ORIENTED_EDGE('',*,*,#3225,.T.);
#3225=EDGE_CURVE('NONE',#144,#3226,#3228,.F.);
#3226=VERTEX_POINT('NONE',#3227);
#3227=CARTESIAN_POINT('',(-2.29987879,0.181599973,-0.824586094));
#3228=CIRCLE('',#3229,0.200122758);
#3229=AXIS2_PLACEMENT_3D('',#3230,#3231,#3232);
#3230=CARTESIAN_POINT('',(-2.284882504,0.379550944,-0.849877242));
#3231=DIRECTION('',(0.997142688,-0.075541113,0.0));
#3232=DIRECTION('',(-0.075541113,-0.997142688,1.625305666E-15));
#3233=ORIENTED_EDGE('',*,*,#3234,.T.);
#3234=EDGE_CURVE('NONE',#3226,#3235,#3237,.T.);
#3235=VERTEX_POINT('NONE',#3236);
#3236=CARTESIAN_POINT('',(-2.449450193,0.192931139,-0.824586094));
#3237=LINE('',#3238,#3239);
#3238=CARTESIAN_POINT('',(-2.29987879,0.181599972,-0.824586094));
#3239=VECTOR('',#3240,1.0);
#3240=DIRECTION('',(-0.997142688,0.075541113,0.0));
#3241=ORIENTED_EDGE('',*,*,#3242,.T.);
#3242=EDGE_CURVE('NONE',#3235,#153,#3243,.F.);
#3243=CIRCLE('',#3244,0.200122758);
#3244=AXIS2_PLACEMENT_3D('',#3245,#3246,#3247);
#3245=CARTESIAN_POINT('',(-2.434453907,0.390882111,-0.849877242));
#3246=DIRECTION('',(-0.997142688,0.075541113,0.0));
#3247=DIRECTION('',(-0.075541113,-0.997142688,0.0));
#3248=CYLINDRICAL_SURFACE('',#3249,0.200122758);
#3249=AXIS2_PLACEMENT_3D('',#3250,#3251,#3252);
#3250=CARTESIAN_POINT('',(-2.284882504,0.379550944,-0.849877242));
#3251=DIRECTION('',(-0.997142688,0.075541113,0.0));
#3252=DIRECTION('',(-0.075541113,-0.997142688,0.0));
#3253=ADVANCED_FACE('NONE',(#3254),#3279,.F.);
#3254=FACE_BOUND('NONE',#3255,.T.);
#3255=EDGE_LOOP('',(#3256,#3266,#3272,#3273));
#3256=ORIENTED_EDGE('',*,*,#3257,.T.);
#3257=EDGE_CURVE('NONE',#3258,#3260,#3262,.T.);
#3258=VERTEX_POINT('NONE',#3259);
#3259=CARTESIAN_POINT('',(-2.292424243,0.28,-0.05));
#3260=VERTEX_POINT('NONE',#3261);
#3261=CARTESIAN_POINT('',(-2.441995646,0.291331167,-0.05));
#3262=LINE('',#3263,#3264);
#3263=CARTESIAN_POINT('',(-2.292424242,0.28,-0.05));
#3264=VECTOR('',#3265,1.0);
#3265=DIRECTION('',(-0.997142688,0.075541115,-2.439472967E-10));
#3266=ORIENTED_EDGE('',*,*,#3267,.T.);
#3267=EDGE_CURVE('NONE',#3260,#3235,#3268,.F.);
#3268=LINE('',#3269,#3270);
#3269=CARTESIAN_POINT('',(-2.449450193,0.19293114,-0.824586095));
#3270=VECTOR('',#3271,1.0);
#3271=DIRECTION('',(0.009546748,0.126017068,0.991982136));
#3272=ORIENTED_EDGE('',*,*,#3234,.F.);
#3273=ORIENTED_EDGE('',*,*,#3274,.T.);
#3274=EDGE_CURVE('NONE',#3226,#3258,#3275,.F.);
#3275=LINE('',#3276,#3277);
#3276=CARTESIAN_POINT('',(-2.292424243,0.279999999,-0.05));
#3277=VECTOR('',#3278,1.0);
#3278=DIRECTION('',(-0.009546748,-0.126017068,-0.991982136));
#3279=PLANE('',#3280);
#3280=AXIS2_PLACEMENT_3D('',#3281,#3282,#3283);
#3281=CARTESIAN_POINT('',(-2.450392349,0.192224545,-0.830675175));
#3282=DIRECTION('',(0.074935436,0.989147733,-0.126378171));
#3283=DIRECTION('',(-3.469446952E-18,0.1267345,0.991936675));
#3284=ADVANCED_FACE('NONE',(#3285),#3310,.F.);
#3285=FACE_BOUND('NONE',#3286,.T.);
#3286=EDGE_LOOP('',(#3287,#3297,#3303,#3304));
#3287=ORIENTED_EDGE('',*,*,#3288,.T.);
#3288=EDGE_CURVE('NONE',#3289,#3291,#3293,.T.);
#3289=VERTEX_POINT('NONE',#3290);
#3290=CARTESIAN_POINT('',(-2.266767513,0.618668833,-0.05));
#3291=VERTEX_POINT('NONE',#3292);
#3292=CARTESIAN_POINT('',(-2.416338916,0.63,-0.05));
#3293=LINE('',#3294,#3295);
#3294=CARTESIAN_POINT('',(-2.341553214,0.624334417,-0.05));
#3295=VECTOR('',#3296,1.0);
#3296=DIRECTION('',(-0.997142688,0.075541113,0.0));
#3297=ORIENTED_EDGE('',*,*,#3298,.T.);
#3298=EDGE_CURVE('NONE',#3291,#3260,#3299,.F.);
#3299=LINE('',#3300,#3301);
#3300=CARTESIAN_POINT('',(-2.405092495,0.778452757,-0.05));
#3301=VECTOR('',#3302,1.0);
#3302=DIRECTION('',(0.075541113,0.997142688,0.0));
#3303=ORIENTED_EDGE('',*,*,#3257,.F.);
#3304=ORIENTED_EDGE('',*,*,#3305,.T.);
#3305=EDGE_CURVE('NONE',#3258,#3289,#3306,.F.);
#3306=LINE('',#3307,#3308);
#3307=CARTESIAN_POINT('',(-2.255521092,0.76712159,-0.05));
#3308=VECTOR('',#3309,1.0);
#3309=DIRECTION('',(-0.075541113,-0.997142688,0.0));
#3310=PLANE('',#3311);
#3311=AXIS2_PLACEMENT_3D('',#3312,#3313,#3314);
#3312=CARTESIAN_POINT('',(-2.443047014,0.2779,-0.05));
#3313=DIRECTION('',(0.0,0.0,-1.0));
#3314=DIRECTION('',(0.0,1.0,0.0));
#3315=ADVANCED_FACE('NONE',(#3316),#3341,.F.);
#3316=FACE_BOUND('NONE',#3317,.T.);
#3317=EDGE_LOOP('',(#3318,#3328,#3334,#3335));
#3318=ORIENTED_EDGE('',*,*,#3319,.T.);
#3319=EDGE_CURVE('NONE',#3320,#3322,#3324,.T.);
#3320=VERTEX_POINT('NONE',#3321);
#3321=CARTESIAN_POINT('',(-2.266767513,0.618668833,-0.7));
#3322=VERTEX_POINT('NONE',#3323);
#3323=CARTESIAN_POINT('',(-2.416338916,0.63,-0.7));
#3324=LINE('',#3325,#3326);
#3325=CARTESIAN_POINT('',(-2.416338916,0.63,-0.7));
#3326=VECTOR('',#3327,1.0);
#3327=DIRECTION('',(-0.997142688,0.075541113,0.0));
#3328=ORIENTED_EDGE('',*,*,#3329,.T.);
#3329=EDGE_CURVE('NONE',#3322,#3291,#3330,.F.);
#3330=LINE('',#3331,#3332);
#3331=CARTESIAN_POINT('',(-2.416338916,0.63,-0.865));
#3332=VECTOR('',#3333,1.0);
#3333=DIRECTION('',(0.0,0.0,-1.0));
#3334=ORIENTED_EDGE('',*,*,#3288,.F.);
#3335=ORIENTED_EDGE('',*,*,#3336,.T.);
#3336=EDGE_CURVE('NONE',#3289,#3320,#3337,.F.);
#3337=LINE('',#3338,#3339);
#3338=CARTESIAN_POINT('',(-2.266767513,0.618668833,-0.865));
#3339=VECTOR('',#3340,1.0);
#3340=DIRECTION('',(0.0,0.0,1.0));
#3341=PLANE('',#3342);
#3342=AXIS2_PLACEMENT_3D('',#3343,#3344,#3345);
#3343=CARTESIAN_POINT('',(-2.416338916,0.63,-0.7));
#3344=DIRECTION('',(-0.075541113,-0.997142688,0.0));
#3345=DIRECTION('',(0.997142688,-0.075541113,0.0));
#3346=ADVANCED_FACE('NONE',(#3347),#3372,.F.);
#3347=FACE_BOUND('NONE',#3348,.T.);
#3348=EDGE_LOOP('',(#3349,#3359,#3365,#3366));
#3349=ORIENTED_EDGE('',*,*,#3350,.T.);
#3350=EDGE_CURVE('NONE',#3351,#3353,#3355,.T.);
#3351=VERTEX_POINT('NONE',#3352);
#3352=CARTESIAN_POINT('',(-2.234949331,1.038668836,-0.7));
#3353=VERTEX_POINT('NONE',#3354);
#3354=CARTESIAN_POINT('',(-2.384520734,1.050000003,-0.7));
#3355=LINE('',#3356,#3357);
#3356=CARTESIAN_POINT('',(-2.234949331,1.038668833,-0.7));
#3357=VECTOR('',#3358,1.0);
#3358=DIRECTION('',(-0.997142688,0.075541115,0.0));
#3359=ORIENTED_EDGE('',*,*,#3360,.T.);
#3360=EDGE_CURVE('NONE',#3353,#3322,#3361,.F.);
#3361=LINE('',#3362,#3363);
#3362=CARTESIAN_POINT('',(-2.405092495,0.778452757,-0.7));
#3363=VECTOR('',#3364,1.0);
#3364=DIRECTION('',(0.075541113,0.997142688,0.0));
#3365=ORIENTED_EDGE('',*,*,#3319,.F.);
#3366=ORIENTED_EDGE('',*,*,#3367,.T.);
#3367=EDGE_CURVE('NONE',#3320,#3351,#3368,.F.);
#3368=LINE('',#3369,#3370);
#3369=CARTESIAN_POINT('',(-2.255521092,0.76712159,-0.7));
#3370=VECTOR('',#3371,1.0);
#3371=DIRECTION('',(-0.075541113,-0.997142688,0.0));
#3372=PLANE('',#3373);
#3373=AXIS2_PLACEMENT_3D('',#3374,#3375,#3376);
#3374=CARTESIAN_POINT('',(-2.233860993,0.616080846,-0.7));
#3375=DIRECTION('',(0.0,0.0,-1.0));
#3376=DIRECTION('',(-1.0,0.0,0.0));
#3377=ADVANCED_FACE('NONE',(#3378),#3405,.T.);
#3378=FACE_BOUND('NONE',#3379,.T.);
#3379=EDGE_LOOP('',(#3380,#3381,#3390,#3398));
#3380=ORIENTED_EDGE('',*,*,#3172,.F.);
#3381=ORIENTED_EDGE('',*,*,#3382,.T.);
#3382=EDGE_CURVE('NONE',#3165,#3383,#3385,.F.);
#3383=VERTEX_POINT('NONE',#3384);
#3384=CARTESIAN_POINT('',(-2.380754502,1.099714269,-1.68));
#3385=CIRCLE('',#3386,0.1);
#3386=AXIS2_PLACEMENT_3D('',#3387,#3388,#3389);
#3387=CARTESIAN_POINT('',(-2.380754502,1.099714269,-1.58));
#3388=DIRECTION('',(-0.997142688,0.075541113,0.0));
#3389=DIRECTION('',(-0.075541113,-0.997142688,0.0));
#3390=ORIENTED_EDGE('',*,*,#3391,.T.);
#3391=EDGE_CURVE('NONE',#3383,#3392,#3394,.T.);
#3392=VERTEX_POINT('NONE',#3393);
#3393=CARTESIAN_POINT('',(-2.231183099,1.088383102,-1.68));
#3394=LINE('',#3395,#3396);
#3395=CARTESIAN_POINT('',(-2.231183099,1.088383102,-1.68));
#3396=VECTOR('',#3397,1.0);
#3397=DIRECTION('',(0.997142688,-0.075541113,0.0));
#3398=ORIENTED_EDGE('',*,*,#3399,.T.);
#3399=EDGE_CURVE('NONE',#3392,#3173,#3400,.F.);
#3400=CIRCLE('',#3401,0.1);
#3401=AXIS2_PLACEMENT_3D('',#3402,#3403,#3404);
#3402=CARTESIAN_POINT('',(-2.231183099,1.088383102,-1.58));
#3403=DIRECTION('',(0.997142688,-0.075541113,0.0));
#3404=DIRECTION('',(-0.075541113,-0.997142688,0.0));
#3405=CYLINDRICAL_SURFACE('',#3406,0.1);
#3406=AXIS2_PLACEMENT_3D('',#3407,#3408,#3409);
#3407=CARTESIAN_POINT('',(-2.231183099,1.088383102,-1.58));
#3408=DIRECTION('',(-0.997142688,0.075541113,0.0));
#3409=DIRECTION('',(-0.075541113,-0.997142688,0.0));
#3410=ADVANCED_FACE('NONE',(#3411),#3444,.T.);
#3411=FACE_BOUND('NONE',#3412,.T.);
#3412=EDGE_LOOP('',(#3413,#3414,#3415,#3416,#3424,#3432,#3438,#3439,#3440,#3441,#3442,#3443));
#3413=ORIENTED_EDGE('',*,*,#3210,.F.);
#3414=ORIENTED_EDGE('',*,*,#3180,.F.);
#3415=ORIENTED_EDGE('',*,*,#3399,.F.);
#3416=ORIENTED_EDGE('',*,*,#3417,.T.);
#3417=EDGE_CURVE('NONE',#3392,#3418,#3420,.T.);
#3418=VERTEX_POINT('NONE',#3419);
#3419=CARTESIAN_POINT('',(-2.210505215,1.361331167,-1.68));
#3420=LINE('',#3421,#3422);
#3421=CARTESIAN_POINT('',(-2.300536969,0.172912013,-1.68));
#3422=VECTOR('',#3423,1.0);
#3423=DIRECTION('',(0.075541113,0.997142688,0.0));
#3424=ORIENTED_EDGE('',*,*,#3425,.T.);
#3425=EDGE_CURVE('NONE',#3418,#3426,#3428,.F.);
#3426=VERTEX_POINT('NONE',#3427);
#3427=CARTESIAN_POINT('',(-2.210505214,1.361331167,-0.673734895));
#3428=LINE('',#3429,#3430);
#3429=CARTESIAN_POINT('',(-2.210505214,1.361331167,-1.17198881));
#3430=VECTOR('',#3431,1.0);
#3431=DIRECTION('',(0.0,0.0,-1.0));
#3432=ORIENTED_EDGE('',*,*,#3433,.T.);
#3433=EDGE_CURVE('NONE',#3426,#3351,#3434,.T.);
#3434=LINE('',#3435,#3436);
#3435=CARTESIAN_POINT('',(-2.210505215,1.361331167,-0.673734895));
#3436=VECTOR('',#3437,1.0);
#3437=DIRECTION('',(-0.07529349,-0.99387407,-0.080902555));
#3438=ORIENTED_EDGE('',*,*,#3367,.F.);
#3439=ORIENTED_EDGE('',*,*,#3336,.F.);
#3440=ORIENTED_EDGE('',*,*,#3305,.F.);
#3441=ORIENTED_EDGE('',*,*,#3274,.F.);
#3442=ORIENTED_EDGE('',*,*,#3225,.F.);
#3443=ORIENTED_EDGE('',*,*,#141,.F.);
#3444=PLANE('',#3445);
#3445=AXIS2_PLACEMENT_3D('',#3446,#3447,#3448);
#3446=CARTESIAN_POINT('',(-2.300536969,0.172912013,-1.68));
#3447=DIRECTION('',(0.997142688,-0.075541113,0.0));
#3448=DIRECTION('',(0.075541113,0.997142688,0.0));
#3449=ADVANCED_FACE('NONE',(#3450),#3485,.F.);
#3450=FACE_BOUND('NONE',#3451,.T.);
#3451=EDGE_LOOP('',(#3452,#3453,#3454,#3462,#3470,#3478,#3484));
#3452=ORIENTED_EDGE('',*,*,#2135,.F.);
#3453=ORIENTED_EDGE('',*,*,#2108,.F.);
#3454=ORIENTED_EDGE('',*,*,#3455,.T.);
#3455=EDGE_CURVE('NONE',#2100,#3456,#3458,.T.);
#3456=VERTEX_POINT('NONE',#3457);
#3457=CARTESIAN_POINT('',(-2.35,0.88,-1.1));
#3458=LINE('',#3459,#3460);
#3459=CARTESIAN_POINT('',(-2.35,0.516004469,-1.1));
#3460=VECTOR('',#3461,1.0);
#3461=DIRECTION('',(0.0,1.0,0.0));
#3462=ORIENTED_EDGE('',*,*,#3463,.T.);
#3463=EDGE_CURVE('NONE',#3456,#3464,#3466,.F.);
#3464=VERTEX_POINT('NONE',#3465);
#3465=CARTESIAN_POINT('',(-2.35,0.88,-1.7));
#3466=LINE('',#3467,#3468);
#3467=CARTESIAN_POINT('',(-2.35,0.88,-1.3));
#3468=VECTOR('',#3469,1.0);
#3469=DIRECTION('',(0.0,0.0,1.0));
#3470=ORIENTED_EDGE('',*,*,#3471,.T.);
#3471=EDGE_CURVE('NONE',#3464,#3472,#3474,.T.);
#3472=VERTEX_POINT('NONE',#3473);
#3473=CARTESIAN_POINT('',(-2.35,1.5,-1.7));
#3474=LINE('',#3475,#3476);
#3475=CARTESIAN_POINT('',(-2.35,1.19,-1.7));
#3476=VECTOR('',#3477,1.0);
#3477=DIRECTION('',(0.0,1.0,0.0));
#3478=ORIENTED_EDGE('',*,*,#3479,.T.);
#3479=EDGE_CURVE('NONE',#3472,#1030,#3480,.T.);
#3480=LINE('',#3481,#3482);
#3481=CARTESIAN_POINT('',(-2.35,1.5,-1.9));
#3482=VECTOR('',#3483,1.0);
#3483=DIRECTION('',(0.0,0.0,-1.0));
#3484=ORIENTED_EDGE('',*,*,#1111,.F.);
#3485=PLANE('',#3486);
#3486=AXIS2_PLACEMENT_3D('',#3487,#3488,#3489);
#3487=CARTESIAN_POINT('',(-2.35,0.279566175,-1.1));
#3488=DIRECTION('',(1.0,0.0,0.0));
#3489=DIRECTION('',(0.0,0.0,-1.0));
#3490=ADVANCED_FACE('NONE',(#3491),#3509,.F.);
#3491=FACE_BOUND('NONE',#3492,.T.);
#3492=EDGE_LOOP('',(#3493,#3494,#3502,#3508));
#3493=ORIENTED_EDGE('',*,*,#2099,.F.);
#3494=ORIENTED_EDGE('',*,*,#3495,.T.);
#3495=EDGE_CURVE('NONE',#2092,#3496,#3498,.T.);
#3496=VERTEX_POINT('NONE',#3497);
#3497=CARTESIAN_POINT('',(-2.2,0.88,-1.1));
#3498=LINE('',#3499,#3500);
#3499=CARTESIAN_POINT('',(-2.2,0.828175417,-1.1));
#3500=VECTOR('',#3501,1.0);
#3501=DIRECTION('',(0.0,1.0,0.0));
#3502=ORIENTED_EDGE('',*,*,#3503,.T.);
#3503=EDGE_CURVE('NONE',#3496,#3456,#3504,.F.);
#3504=LINE('',#3505,#3506);
#3505=CARTESIAN_POINT('',(-2.225,0.88,-1.1));
#3506=VECTOR('',#3507,1.0);
#3507=DIRECTION('',(1.0,0.0,0.0));
#3508=ORIENTED_EDGE('',*,*,#3455,.F.);
#3509=PLANE('',#3510);
#3510=AXIS2_PLACEMENT_3D('',#3511,#3512,#3513);
#3511=CARTESIAN_POINT('',(-2.2,0.152008938,-1.1));
#3512=DIRECTION('',(0.0,0.0,-1.0));
#3513=DIRECTION('',(-1.0,0.0,0.0));
#3514=ADVANCED_FACE('NONE',(#3515),#3559,.F.);
#3515=FACE_BOUND('NONE',#3516,.T.);
#3516=EDGE_LOOP('',(#3517,#3527,#3535,#3541,#3542,#3543,#3544,#3545,#3553));
#3517=ORIENTED_EDGE('',*,*,#3518,.T.);
#3518=EDGE_CURVE('NONE',#3519,#3521,#3523,.F.);
#3519=VERTEX_POINT('NONE',#3520);
#3520=CARTESIAN_POINT('',(-2.2,1.406219171,-0.670037394));
#3521=VERTEX_POINT('NONE',#3522);
#3522=CARTESIAN_POINT('',(-2.2,1.406219171,-0.9));
#3523=LINE('',#3524,#3525);
#3524=CARTESIAN_POINT('',(-2.2,1.406219171,-1.17198881));
#3525=VECTOR('',#3526,1.0);
#3526=DIRECTION('',(0.0,0.0,1.0));
#3527=ORIENTED_EDGE('',*,*,#3528,.T.);
#3528=EDGE_CURVE('NONE',#3521,#3529,#3531,.T.);
#3529=VERTEX_POINT('NONE',#3530);
#3530=CARTESIAN_POINT('',(-2.2,0.88,-0.9));
#3531=LINE('',#3532,#3533);
#3532=CARTESIAN_POINT('',(-2.2,1.189256198,-0.9));
#3533=VECTOR('',#3534,1.0);
#3534=DIRECTION('',(0.0,-1.0,0.0));
#3535=ORIENTED_EDGE('',*,*,#3536,.T.);
#3536=EDGE_CURVE('NONE',#3529,#3496,#3537,.F.);
#3537=LINE('',#3538,#3539);
#3538=CARTESIAN_POINT('',(-2.2,0.88,-1.3));
#3539=VECTOR('',#3540,1.0);
#3540=DIRECTION('',(0.0,0.0,1.0));
#3541=ORIENTED_EDGE('',*,*,#3495,.F.);
#3542=ORIENTED_EDGE('',*,*,#2091,.F.);
#3543=ORIENTED_EDGE('',*,*,#2193,.F.);
#3544=ORIENTED_EDGE('',*,*,#2176,.F.);
#3545=ORIENTED_EDGE('',*,*,#3546,.T.);
#3546=EDGE_CURVE('NONE',#2169,#3547,#3549,.T.);
#3547=VERTEX_POINT('NONE',#3548);
#3548=CARTESIAN_POINT('',(-2.2,1.5,-0.662447084));
#3549=LINE('',#3550,#3551);
#3550=CARTESIAN_POINT('',(-2.2,1.5,-0.331223542));
#3551=VECTOR('',#3552,1.0);
#3552=DIRECTION('',(0.0,0.0,-1.0));
#3553=ORIENTED_EDGE('',*,*,#3554,.T.);
#3554=EDGE_CURVE('NONE',#3547,#3519,#3555,.T.);
#3555=LINE('',#3556,#3557);
#3556=CARTESIAN_POINT('',(-2.2,1.337575006,-0.675593227));
#3557=VECTOR('',#3558,1.0);
#3558=DIRECTION('',(0.0,-0.99674063,-0.080672898));
#3559=PLANE('',#3560);
#3560=AXIS2_PLACEMENT_3D('',#3561,#3562,#3563);
#3561=CARTESIAN_POINT('',(-2.2,0.156350833,-0.65));
#3562=DIRECTION('',(1.0,0.0,0.0));
#3563=DIRECTION('',(0.0,0.0,-1.0));
#3564=ADVANCED_FACE('NONE',(#3565),#3590,.F.);
#3565=FACE_BOUND('NONE',#3566,.T.);
#3566=EDGE_LOOP('',(#3567,#3568,#3576,#3584));
#3567=ORIENTED_EDGE('',*,*,#2248,.F.);
#3568=ORIENTED_EDGE('',*,*,#3569,.T.);
#3569=EDGE_CURVE('NONE',#2249,#3570,#3572,.T.);
#3570=VERTEX_POINT('NONE',#3571);
#3571=CARTESIAN_POINT('',(2.35,0.88,-1.1));
#3572=LINE('',#3573,#3574);
#3573=CARTESIAN_POINT('',(2.35,0.889783088,-1.1));
#3574=VECTOR('',#3575,1.0);
#3575=DIRECTION('',(0.0,1.0,0.0));
#3576=ORIENTED_EDGE('',*,*,#3577,.T.);
#3577=EDGE_CURVE('NONE',#3570,#3578,#3580,.F.);
#3578=VERTEX_POINT('NONE',#3579);
#3579=CARTESIAN_POINT('',(2.2,0.88,-1.1));
#3580=LINE('',#3581,#3582);
#3581=CARTESIAN_POINT('',(2.225,0.88,-1.1));
#3582=VECTOR('',#3583,1.0);
#3583=DIRECTION('',(1.0,0.0,0.0));
#3584=ORIENTED_EDGE('',*,*,#3585,.T.);
#3585=EDGE_CURVE('NONE',#3578,#2251,#3586,.T.);
#3586=LINE('',#3587,#3588);
#3587=CARTESIAN_POINT('',(2.2,0.828175417,-1.1));
#3588=VECTOR('',#3589,1.0);
#3589=DIRECTION('',(0.0,-1.0,0.0));
#3590=PLANE('',#3591);
#3591=AXIS2_PLACEMENT_3D('',#3592,#3593,#3594);
#3592=CARTESIAN_POINT('',(2.35,0.152008938,-1.1));
#3593=DIRECTION('',(0.0,0.0,-1.0));
#3594=DIRECTION('',(-1.0,0.0,0.0));
#3595=ADVANCED_FACE('NONE',(#3596),#3624,.F.);
#3596=FACE_BOUND('NONE',#3597,.T.);
#3597=EDGE_LOOP('',(#3598,#3599,#3600,#3608,#3616,#3622,#3623));
#3598=ORIENTED_EDGE('',*,*,#2215,.F.);
#3599=ORIENTED_EDGE('',*,*,#650,.F.);
#3600=ORIENTED_EDGE('',*,*,#3601,.T.);
#3601=EDGE_CURVE('NONE',#643,#3602,#3604,.T.);
#3602=VERTEX_POINT('NONE',#3603);
#3603=CARTESIAN_POINT('',(2.35,1.5,-1.7));
#3604=LINE('',#3605,#3606);
#3605=CARTESIAN_POINT('',(2.35,1.5,-1.9));
#3606=VECTOR('',#3607,1.0);
#3607=DIRECTION('',(0.0,0.0,1.0));
#3608=ORIENTED_EDGE('',*,*,#3609,.T.);
#3609=EDGE_CURVE('NONE',#3602,#3610,#3612,.T.);
#3610=VERTEX_POINT('NONE',#3611);
#3611=CARTESIAN_POINT('',(2.35,0.88,-1.7));
#3612=LINE('',#3613,#3614);
#3613=CARTESIAN_POINT('',(2.35,1.19,-1.7));
#3614=VECTOR('',#3615,1.0);
#3615=DIRECTION('',(0.0,-1.0,0.0));
#3616=ORIENTED_EDGE('',*,*,#3617,.T.);
#3617=EDGE_CURVE('NONE',#3610,#3570,#3618,.F.);
#3618=LINE('',#3619,#3620);
#3619=CARTESIAN_POINT('',(2.35,0.88,-1.3));
#3620=VECTOR('',#3621,1.0);
#3621=DIRECTION('',(0.0,0.0,-1.0));
#3622=ORIENTED_EDGE('',*,*,#3569,.F.);
#3623=ORIENTED_EDGE('',*,*,#2276,.F.);
#3624=PLANE('',#3625);
#3625=AXIS2_PLACEMENT_3D('',#3626,#3627,#3628);
#3626=CARTESIAN_POINT('',(2.35,0.279566175,-2.1));
#3627=DIRECTION('',(-1.0,0.0,0.0));
#3628=DIRECTION('',(0.0,0.0,1.0));
#3629=ADVANCED_FACE('NONE',(#3630),#3664,.T.);
#3630=FACE_BOUND('NONE',#3631,.T.);
#3631=EDGE_LOOP('',(#3632,#3642,#3650,#3658));
#3632=ORIENTED_EDGE('',*,*,#3633,.T.);
#3633=EDGE_CURVE('NONE',#3634,#3636,#3638,.F.);
#3634=VERTEX_POINT('NONE',#3635);
#3635=CARTESIAN_POINT('',(2.266767513,0.618668833,-0.05));
#3636=VERTEX_POINT('NONE',#3637);
#3637=CARTESIAN_POINT('',(2.416338916,0.63,-0.05));
#3638=LINE('',#3639,#3640);
#3639=CARTESIAN_POINT('',(2.416338916,0.63,-0.05));
#3640=VECTOR('',#3641,1.0);
#3641=DIRECTION('',(-0.997142688,-0.075541113,0.0));
#3642=ORIENTED_EDGE('',*,*,#3643,.T.);
#3643=EDGE_CURVE('NONE',#3636,#3644,#3646,.F.);
#3644=VERTEX_POINT('NONE',#3645);
#3645=CARTESIAN_POINT('',(2.416338916,0.63,-0.7));
#3646=LINE('',#3647,#3648);
#3647=CARTESIAN_POINT('',(2.416338916,0.63,-0.865));
#3648=VECTOR('',#3649,1.0);
#3649=DIRECTION('',(0.0,0.0,1.0));
#3650=ORIENTED_EDGE('',*,*,#3651,.T.);
#3651=EDGE_CURVE('NONE',#3644,#3652,#3654,.T.);
#3652=VERTEX_POINT('NONE',#3653);
#3653=CARTESIAN_POINT('',(2.266767513,0.618668833,-0.7));
#3654=LINE('',#3655,#3656);
#3655=CARTESIAN_POINT('',(2.416338916,0.63,-0.7));
#3656=VECTOR('',#3657,1.0);
#3657=DIRECTION('',(-0.997142688,-0.075541113,0.0));
#3658=ORIENTED_EDGE('',*,*,#3659,.T.);
#3659=EDGE_CURVE('NONE',#3652,#3634,#3660,.F.);
#3660=LINE('',#3661,#3662);
#3661=CARTESIAN_POINT('',(2.266767513,0.618668833,-0.865));
#3662=VECTOR('',#3663,1.0);
#3663=DIRECTION('',(0.0,0.0,-1.0));
#3664=PLANE('',#3665);
#3665=AXIS2_PLACEMENT_3D('',#3666,#3667,#3668);
#3666=CARTESIAN_POINT('',(2.416338916,0.63,-0.7));
#3667=DIRECTION('',(-0.075541113,0.997142688,0.0));
#3668=DIRECTION('',(-0.997142688,-0.075541113,0.0));
#3669=ADVANCED_FACE('NONE',(#3670),#3695,.T.);
#3670=FACE_BOUND('NONE',#3671,.T.);
#3671=EDGE_LOOP('',(#3672,#3682,#3688,#3689));
#3672=ORIENTED_EDGE('',*,*,#3673,.T.);
#3673=EDGE_CURVE('NONE',#3674,#3676,#3678,.F.);
#3674=VERTEX_POINT('NONE',#3675);
#3675=CARTESIAN_POINT('',(2.292424243,0.28,-0.05));
#3676=VERTEX_POINT('NONE',#3677);
#3677=CARTESIAN_POINT('',(2.441995646,0.291331167,-0.05));
#3678=LINE('',#3679,#3680);
#3679=CARTESIAN_POINT('',(2.441995645,0.291331167,-0.05));
#3680=VECTOR('',#3681,1.0);
#3681=DIRECTION('',(-0.997142688,-0.075541116,1.654347506E-10));
#3682=ORIENTED_EDGE('',*,*,#3683,.T.);
#3683=EDGE_CURVE('NONE',#3676,#3636,#3684,.F.);
#3684=LINE('',#3685,#3686);
#3685=CARTESIAN_POINT('',(2.405092495,0.778452757,-0.05));
#3686=VECTOR('',#3687,1.0);
#3687=DIRECTION('',(0.075541113,-0.997142688,0.0));
#3688=ORIENTED_EDGE('',*,*,#3633,.F.);
#3689=ORIENTED_EDGE('',*,*,#3690,.T.);
#3690=EDGE_CURVE('NONE',#3634,#3674,#3691,.F.);
#3691=LINE('',#3692,#3693);
#3692=CARTESIAN_POINT('',(2.255521092,0.76712159,-0.05));
#3693=VECTOR('',#3694,1.0);
#3694=DIRECTION('',(-0.075541113,0.997142688,0.0));
#3695=PLANE('',#3696);
#3696=AXIS2_PLACEMENT_3D('',#3697,#3698,#3699);
#3697=CARTESIAN_POINT('',(2.265716144,0.2779,-0.05));
#3698=DIRECTION('',(0.0,0.0,1.0));
#3699=DIRECTION('',(1.0,0.0,0.0));
#3700=ADVANCED_FACE('NONE',(#3701),#3726,.T.);
#3701=FACE_BOUND('NONE',#3702,.T.);
#3702=EDGE_LOOP('',(#3703,#3713,#3719,#3720));
#3703=ORIENTED_EDGE('',*,*,#3704,.T.);
#3704=EDGE_CURVE('NONE',#3705,#3707,#3709,.T.);
#3705=VERTEX_POINT('NONE',#3706);
#3706=CARTESIAN_POINT('',(2.299878905,0.181598459,-0.824728557));
#3707=VERTEX_POINT('NONE',#3708);
#3708=CARTESIAN_POINT('',(2.449450308,0.192929625,-0.824728557));
#3709=LINE('',#3710,#3711);
#3710=CARTESIAN_POINT('',(2.374664606,0.187264042,-0.824728557));
#3711=VECTOR('',#3712,1.0);
#3712=DIRECTION('',(0.997142688,0.075541112,8.901155287E-11));
#3713=ORIENTED_EDGE('',*,*,#3714,.T.);
#3714=EDGE_CURVE('NONE',#3707,#3676,#3715,.F.);
#3715=LINE('',#3716,#3717);
#3716=CARTESIAN_POINT('',(2.441995646,0.291331166,-0.05));
#3717=VECTOR('',#3718,1.0);
#3718=DIRECTION('',(0.009545165,-0.125996173,-0.991984805));
#3719=ORIENTED_EDGE('',*,*,#3673,.F.);
#3720=ORIENTED_EDGE('',*,*,#3721,.T.);
#3721=EDGE_CURVE('NONE',#3674,#3705,#3722,.F.);
#3722=LINE('',#3723,#3724);
#3723=CARTESIAN_POINT('',(2.299878905,0.181598459,-0.824728557));
#3724=VECTOR('',#3725,1.0);
#3725=DIRECTION('',(-0.009545165,0.125996173,0.991984805));
#3726=PLANE('',#3727);
#3727=AXIS2_PLACEMENT_3D('',#3728,#3729,#3730);
#3728=CARTESIAN_POINT('',(2.291482086,0.280706542,-0.0439103));
#3729=DIRECTION('',(0.074935639,-0.989150395,0.126357215));
#3730=DIRECTION('',(3.469446952E-18,-0.126713486,-0.991939359));
#3731=ADVANCED_FACE('NONE',(#3732),#3759,.T.);
#3732=FACE_BOUND('NONE',#3733,.T.);
#3733=EDGE_LOOP('',(#3734,#3743,#3751,#3758));
#3734=ORIENTED_EDGE('',*,*,#3735,.T.);
#3735=EDGE_CURVE('NONE',#3705,#3736,#3738,.F.);
#3736=VERTEX_POINT('NONE',#3737);
#3737=CARTESIAN_POINT('',(2.284891778,0.379428538,-1.05));
#3738=CIRCLE('',#3739,0.2);
#3739=AXIS2_PLACEMENT_3D('',#3740,#3741,#3742);
#3740=CARTESIAN_POINT('',(2.284891778,0.379428538,-0.85));
#3741=DIRECTION('',(-0.997142688,-0.075541113,0.0));
#3742=DIRECTION('',(-0.075541113,0.997142688,0.0));
#3743=ORIENTED_EDGE('',*,*,#3744,.T.);
#3744=EDGE_CURVE('NONE',#3736,#3745,#3747,.F.);
#3745=VERTEX_POINT('NONE',#3746);
#3746=CARTESIAN_POINT('',(2.434463181,0.390759704,-1.05));
#3747=LINE('',#3748,#3749);
#3748=CARTESIAN_POINT('',(2.43446318,0.390759705,-1.05));
#3749=VECTOR('',#3750,1.0);
#3750=DIRECTION('',(-0.997142688,-0.075541113,0.0));
#3751=ORIENTED_EDGE('',*,*,#3752,.T.);
#3752=EDGE_CURVE('NONE',#3745,#3707,#3753,.F.);
#3753=CIRCLE('',#3754,0.2);
#3754=AXIS2_PLACEMENT_3D('',#3755,#3756,#3757);
#3755=CARTESIAN_POINT('',(2.434463181,0.390759704,-0.85));
#3756=DIRECTION('',(0.997142688,0.075541113,0.0));
#3757=DIRECTION('',(-0.075541113,0.997142688,0.0));
#3758=ORIENTED_EDGE('',*,*,#3704,.F.);
#3759=CYLINDRICAL_SURFACE('',#3760,0.2);
#3760=AXIS2_PLACEMENT_3D('',#3761,#3762,#3763);
#3761=CARTESIAN_POINT('',(2.284891778,0.379428538,-0.85));
#3762=DIRECTION('',(0.997142688,0.075541113,0.0));
#3763=DIRECTION('',(-0.075541113,0.997142688,0.0));
#3764=ADVANCED_FACE('NONE',(#3765),#3790,.T.);
#3765=FACE_BOUND('NONE',#3766,.T.);
#3766=EDGE_LOOP('',(#3767,#3777,#3783,#3784));
#3767=ORIENTED_EDGE('',*,*,#3768,.T.);
#3768=EDGE_CURVE('NONE',#3769,#3771,#3773,.F.);
#3769=VERTEX_POINT('NONE',#3770);
#3770=CARTESIAN_POINT('',(2.23873721,0.988668833,-1.050000001));
#3771=VERTEX_POINT('NONE',#3772);
#3772=CARTESIAN_POINT('',(2.388308613,1.0,-1.050000001));
#3773=LINE('',#3774,#3775);
#3774=CARTESIAN_POINT('',(2.313522912,0.994334417,-1.05));
#3775=VECTOR('',#3776,1.0);
#3776=DIRECTION('',(-0.997142688,-0.075541113,0.0));
#3777=ORIENTED_EDGE('',*,*,#3778,.T.);
#3778=EDGE_CURVE('NONE',#3771,#3745,#3779,.F.);
#3779=LINE('',#3780,#3781);
#3780=CARTESIAN_POINT('',(2.405092495,0.778452757,-1.050000001));
#3781=VECTOR('',#3782,1.0);
#3782=DIRECTION('',(-0.075541113,0.997142688,0.0));
#3783=ORIENTED_EDGE('',*,*,#3744,.F.);
#3784=ORIENTED_EDGE('',*,*,#3785,.T.);
#3785=EDGE_CURVE('NONE',#3736,#3769,#3786,.F.);
#3786=LINE('',#3787,#3788);
#3787=CARTESIAN_POINT('',(2.255521092,0.76712159,-1.050000001));
#3788=VECTOR('',#3789,1.0);
#3789=DIRECTION('',(0.075541113,-0.997142688,0.0));
#3790=PLANE('',#3791);
#3791=AXIS2_PLACEMENT_3D('',#3792,#3793,#3794);
#3792=CARTESIAN_POINT('',(2.435637536,0.375705109,-1.05));
#3793=DIRECTION('',(0.0,0.0,-1.0));
#3794=DIRECTION('',(-1.0,0.0,0.0));
#3795=ADVANCED_FACE('NONE',(#3796),#3821,.T.);
#3796=FACE_BOUND('NONE',#3797,.T.);
#3797=EDGE_LOOP('',(#3798,#3808,#3814,#3815));
#3798=ORIENTED_EDGE('',*,*,#3799,.T.);
#3799=EDGE_CURVE('NONE',#3800,#3802,#3804,.T.);
#3800=VERTEX_POINT('NONE',#3801);
#3801=CARTESIAN_POINT('',(2.23873721,0.988668833,-1.58));
#3802=VERTEX_POINT('NONE',#3803);
#3803=CARTESIAN_POINT('',(2.388308613,1.0,-1.58));
#3804=LINE('',#3805,#3806);
#3805=CARTESIAN_POINT('',(2.313522911,0.994334417,-1.58));
#3806=VECTOR('',#3807,1.0);
#3807=DIRECTION('',(0.997142688,0.075541112,0.0));
#3808=ORIENTED_EDGE('',*,*,#3809,.T.);
#3809=EDGE_CURVE('NONE',#3802,#3771,#3810,.F.);
#3810=LINE('',#3811,#3812);
#3811=CARTESIAN_POINT('',(2.388308613,1.0,-0.865));
#3812=VECTOR('',#3813,1.0);
#3813=DIRECTION('',(0.0,0.0,-1.0));
#3814=ORIENTED_EDGE('',*,*,#3768,.F.);
#3815=ORIENTED_EDGE('',*,*,#3816,.T.);
#3816=EDGE_CURVE('NONE',#3769,#3800,#3817,.F.);
#3817=LINE('',#3818,#3819);
#3818=CARTESIAN_POINT('',(2.23873721,0.988668833,-0.865));
#3819=VECTOR('',#3820,1.0);
#3820=DIRECTION('',(0.0,0.0,1.0));
#3821=PLANE('',#3822);
#3822=AXIS2_PLACEMENT_3D('',#3823,#3824,#3825);
#3823=CARTESIAN_POINT('',(2.23873721,0.988668833,-1.58));
#3824=DIRECTION('',(0.075541113,-0.997142688,0.0));
#3825=DIRECTION('',(0.997142688,0.075541113,0.0));
#3826=ADVANCED_FACE('NONE',(#3827),#3854,.T.);
#3827=FACE_BOUND('NONE',#3828,.T.);
#3828=EDGE_LOOP('',(#3829,#3839,#3846,#3847));
#3829=ORIENTED_EDGE('',*,*,#3830,.T.);
#3830=EDGE_CURVE('NONE',#3831,#3833,#3835,.T.);
#3831=VERTEX_POINT('NONE',#3832);
#3832=CARTESIAN_POINT('',(2.231183099,1.088383102,-1.68));
#3833=VERTEX_POINT('NONE',#3834);
#3834=CARTESIAN_POINT('',(2.380754502,1.099714269,-1.68));
#3835=LINE('',#3836,#3837);
#3836=CARTESIAN_POINT('',(2.231183098,1.088383102,-1.68));
#3837=VECTOR('',#3838,1.0);
#3838=DIRECTION('',(0.997142688,0.075541113,0.0));
#3839=ORIENTED_EDGE('',*,*,#3840,.T.);
#3840=EDGE_CURVE('NONE',#3833,#3802,#3841,.F.);
#3841=CIRCLE('',#3842,0.1);
#3842=AXIS2_PLACEMENT_3D('',#3843,#3844,#3845);
#3843=CARTESIAN_POINT('',(2.380754501,1.099714269,-1.58));
#3844=DIRECTION('',(0.997142688,0.075541113,0.0));
#3845=DIRECTION('',(-0.075541113,0.997142688,0.0));
#3846=ORIENTED_EDGE('',*,*,#3799,.F.);
#3847=ORIENTED_EDGE('',*,*,#3848,.T.);
#3848=EDGE_CURVE('NONE',#3800,#3831,#3849,.F.);
#3849=CIRCLE('',#3850,0.1);
#3850=AXIS2_PLACEMENT_3D('',#3851,#3852,#3853);
#3851=CARTESIAN_POINT('',(2.231183098,1.088383102,-1.58));
#3852=DIRECTION('',(-0.997142688,-0.075541113,0.0));
#3853=DIRECTION('',(-0.075541113,0.997142688,-2.168404342E-15));
#3854=CYLINDRICAL_SURFACE('',#3855,0.1);
#3855=AXIS2_PLACEMENT_3D('',#3856,#3857,#3858);
#3856=CARTESIAN_POINT('',(2.231183098,1.088383102,-1.58));
#3857=DIRECTION('',(0.997142688,0.075541113,0.0));
#3858=DIRECTION('',(-0.075541113,0.997142688,0.0));
#3859=ADVANCED_FACE('NONE',(#3860),#3885,.F.);
#3860=FACE_BOUND('NONE',#3861,.T.);
#3861=EDGE_LOOP('',(#3862,#3863,#3871,#3879));
#3862=ORIENTED_EDGE('',*,*,#3651,.F.);
#3863=ORIENTED_EDGE('',*,*,#3864,.T.);
#3864=EDGE_CURVE('NONE',#3644,#3865,#3867,.F.);
#3865=VERTEX_POINT('NONE',#3866);
#3866=CARTESIAN_POINT('',(2.384520734,1.050000003,-0.7));
#3867=LINE('',#3868,#3869);
#3868=CARTESIAN_POINT('',(2.405092495,0.778452757,-0.7));
#3869=VECTOR('',#3870,1.0);
#3870=DIRECTION('',(0.075541113,-0.997142688,0.0));
#3871=ORIENTED_EDGE('',*,*,#3872,.T.);
#3872=EDGE_CURVE('NONE',#3865,#3873,#3875,.T.);
#3873=VERTEX_POINT('NONE',#3874);
#3874=CARTESIAN_POINT('',(2.234949331,1.038668836,-0.7));
#3875=LINE('',#3876,#3877);
#3876=CARTESIAN_POINT('',(2.384520734,1.050000001,-0.7));
#3877=VECTOR('',#3878,1.0);
#3878=DIRECTION('',(-0.997142688,-0.075541115,0.0));
#3879=ORIENTED_EDGE('',*,*,#3880,.T.);
#3880=EDGE_CURVE('NONE',#3873,#3652,#3881,.F.);
#3881=LINE('',#3882,#3883);
#3882=CARTESIAN_POINT('',(2.255521092,0.76712159,-0.7));
#3883=VECTOR('',#3884,1.0);
#3884=DIRECTION('',(-0.075541113,0.997142688,0.0));
#3885=PLANE('',#3886);
#3886=AXIS2_PLACEMENT_3D('',#3887,#3888,#3889);
#3887=CARTESIAN_POINT('',(2.417427253,0.616080846,-0.7));
#3888=DIRECTION('',(0.0,0.0,-1.0));
#3889=DIRECTION('',(-1.0,0.0,0.0));
#3890=ADVANCED_FACE('NONE',(#3891),#3923,.T.);
#3891=FACE_BOUND('NONE',#3892,.T.);
#3892=EDGE_LOOP('',(#3893,#3903,#3909,#3910,#3911,#3912,#3913,#3914,#3915,#3916,#3917));
#3893=ORIENTED_EDGE('',*,*,#3894,.T.);
#3894=EDGE_CURVE('NONE',#3895,#3897,#3899,.F.);
#3895=VERTEX_POINT('NONE',#3896);
#3896=CARTESIAN_POINT('',(2.210505214,1.361331167,-0.673734895));
#3897=VERTEX_POINT('NONE',#3898);
#3898=CARTESIAN_POINT('',(2.210505215,1.361331167,-1.68));
#3899=LINE('',#3900,#3901);
#3900=CARTESIAN_POINT('',(2.210505214,1.361331167,-1.17198881));
#3901=VECTOR('',#3902,1.0);
#3902=DIRECTION('',(0.0,0.0,1.0));
#3903=ORIENTED_EDGE('',*,*,#3904,.T.);
#3904=EDGE_CURVE('NONE',#3897,#3831,#3905,.T.);
#3905=LINE('',#3906,#3907);
#3906=CARTESIAN_POINT('',(2.210505215,1.361331167,-1.68));
#3907=VECTOR('',#3908,1.0);
#3908=DIRECTION('',(0.075541113,-0.997142688,0.0));
#3909=ORIENTED_EDGE('',*,*,#3848,.F.);
#3910=ORIENTED_EDGE('',*,*,#3816,.F.);
#3911=ORIENTED_EDGE('',*,*,#3785,.F.);
#3912=ORIENTED_EDGE('',*,*,#3735,.F.);
#3913=ORIENTED_EDGE('',*,*,#3721,.F.);
#3914=ORIENTED_EDGE('',*,*,#3690,.F.);
#3915=ORIENTED_EDGE('',*,*,#3659,.F.);
#3916=ORIENTED_EDGE('',*,*,#3880,.F.);
#3917=ORIENTED_EDGE('',*,*,#3918,.T.);
#3918=EDGE_CURVE('NONE',#3873,#3895,#3919,.T.);
#3919=LINE('',#3920,#3921);
#3920=CARTESIAN_POINT('',(2.234949331,1.038668833,-0.7));
#3921=VECTOR('',#3922,1.0);
#3922=DIRECTION('',(-0.07529349,0.99387407,0.080902555));
#3923=PLANE('',#3924);
#3924=AXIS2_PLACEMENT_3D('',#3925,#3926,#3927);
#3925=CARTESIAN_POINT('',(2.210505215,1.361331167,-1.68));
#3926=DIRECTION('',(-0.997142688,-0.075541113,0.0));
#3927=DIRECTION('',(0.075541113,-0.997142688,0.0));
#3928=ADVANCED_FACE('NONE',(#3929),#3973,.F.);
#3929=FACE_BOUND('NONE',#3930,.T.);
#3930=EDGE_LOOP('',(#3931,#3941,#3949,#3955,#3956,#3957,#3958,#3959,#3967));
#3931=ORIENTED_EDGE('',*,*,#3932,.T.);
#3932=EDGE_CURVE('NONE',#3933,#3935,#3937,.F.);
#3933=VERTEX_POINT('NONE',#3934);
#3934=CARTESIAN_POINT('',(2.2,1.406219171,-0.9));
#3935=VERTEX_POINT('NONE',#3936);
#3936=CARTESIAN_POINT('',(2.2,1.406219171,-0.670037394));
#3937=LINE('',#3938,#3939);
#3938=CARTESIAN_POINT('',(2.2,1.406219171,-1.17198881));
#3939=VECTOR('',#3940,1.0);
#3940=DIRECTION('',(0.0,0.0,-1.0));
#3941=ORIENTED_EDGE('',*,*,#3942,.T.);
#3942=EDGE_CURVE('NONE',#3935,#3943,#3945,.T.);
#3943=VERTEX_POINT('NONE',#3944);
#3944=CARTESIAN_POINT('',(2.2,1.5,-0.662447084));
#3945=LINE('',#3946,#3947);
#3946=CARTESIAN_POINT('',(2.2,1.337575006,-0.675593227));
#3947=VECTOR('',#3948,1.0);
#3948=DIRECTION('',(0.0,0.99674063,0.080672898));
#3949=ORIENTED_EDGE('',*,*,#3950,.T.);
#3950=EDGE_CURVE('NONE',#3943,#2349,#3951,.T.);
#3951=LINE('',#3952,#3953);
#3952=CARTESIAN_POINT('',(2.2,1.5,-0.331223542));
#3953=VECTOR('',#3954,1.0);
#3954=DIRECTION('',(0.0,0.0,1.0));
#3955=ORIENTED_EDGE('',*,*,#2348,.F.);
#3956=ORIENTED_EDGE('',*,*,#2308,.F.);
#3957=ORIENTED_EDGE('',*,*,#2259,.F.);
#3958=ORIENTED_EDGE('',*,*,#3585,.F.);
#3959=ORIENTED_EDGE('',*,*,#3960,.T.);
#3960=EDGE_CURVE('NONE',#3578,#3961,#3963,.F.);
#3961=VERTEX_POINT('NONE',#3962);
#3962=CARTESIAN_POINT('',(2.2,0.88,-0.9));
#3963=LINE('',#3964,#3965);
#3964=CARTESIAN_POINT('',(2.2,0.88,-1.3));
#3965=VECTOR('',#3966,1.0);
#3966=DIRECTION('',(0.0,0.0,-1.0));
#3967=ORIENTED_EDGE('',*,*,#3968,.T.);
#3968=EDGE_CURVE('NONE',#3961,#3933,#3969,.T.);
#3969=LINE('',#3970,#3971);
#3970=CARTESIAN_POINT('',(2.2,1.189256198,-0.9));
#3971=VECTOR('',#3972,1.0);
#3972=DIRECTION('',(0.0,1.0,0.0));
#3973=PLANE('',#3974);
#3974=AXIS2_PLACEMENT_3D('',#3975,#3976,#3977);
#3975=CARTESIAN_POINT('',(2.2,0.156350833,-1.1));
#3976=DIRECTION('',(-1.0,0.0,0.0));
#3977=DIRECTION('',(0.0,0.0,1.0));
#3978=ADVANCED_FACE('NONE',(#3979),#3997,.T.);
#3979=FACE_BOUND('NONE',#3980,.T.);
#3980=EDGE_LOOP('',(#3981,#3982,#3990,#3996));
#3981=ORIENTED_EDGE('',*,*,#2356,.F.);
#3982=ORIENTED_EDGE('',*,*,#3983,.T.);
#3983=EDGE_CURVE('NONE',#2349,#3984,#3986,.T.);
#3984=VERTEX_POINT('NONE',#3985);
#3985=CARTESIAN_POINT('',(2.2,1.5,-0.122727273));
#3986=LINE('',#3987,#3988);
#3987=CARTESIAN_POINT('',(2.2,1.5,-0.331223542));
#3988=VECTOR('',#3989,1.0);
#3989=DIRECTION('',(0.0,0.0,1.0));
#3990=ORIENTED_EDGE('',*,*,#3991,.T.);
#3991=EDGE_CURVE('NONE',#3984,#2372,#3992,.T.);
#3992=LINE('',#3993,#3994);
#3993=CARTESIAN_POINT('',(2.2,1.5,-0.122727273));
#3994=VECTOR('',#3995,1.0);
#3995=DIRECTION('',(0.410730928,-0.616096392,-0.672105155));
#3996=ORIENTED_EDGE('',*,*,#2371,.F.);
#3997=PLANE('',#3998);
#3998=AXIS2_PLACEMENT_3D('',#3999,#4000,#4001);
#3999=CARTESIAN_POINT('',(2.4,1.2,-0.65));
#4000=DIRECTION('',(0.832050294,0.554700196,0.0));
#4001=DIRECTION('',(-0.554700196,0.832050294,0.0));
#4002=ADVANCED_FACE('NONE',(#4003),#4022,.F.);
#4003=FACE_BOUND('NONE',#4004,.T.);
#4004=EDGE_LOOP('',(#4005,#4006,#4007,#4015,#4021));
#4005=ORIENTED_EDGE('',*,*,#2379,.F.);
#4006=ORIENTED_EDGE('',*,*,#3991,.F.);
#4007=ORIENTED_EDGE('',*,*,#4008,.T.);
#4008=EDGE_CURVE('NONE',#3984,#4009,#4011,.T.);
#4009=VERTEX_POINT('NONE',#4010);
#4010=CARTESIAN_POINT('',(2.125,1.5,0.0));
#4011=LINE('',#4012,#4013);
#4012=CARTESIAN_POINT('',(2.4,1.5,-0.45));
#4013=VECTOR('',#4014,1.0);
#4014=DIRECTION('',(-0.521450009,0.0,0.853281834));
#4015=ORIENTED_EDGE('',*,*,#4016,.T.);
#4016=EDGE_CURVE('NONE',#4009,#2416,#4017,.T.);
#4017=LINE('',#4018,#4019);
#4018=CARTESIAN_POINT('',(2.125,0.841666667,0.0));
#4019=VECTOR('',#4020,1.0);
#4020=DIRECTION('',(0.0,-1.0,0.0));
#4021=ORIENTED_EDGE('',*,*,#2415,.F.);
#4022=PLANE('',#4023);
#4023=AXIS2_PLACEMENT_3D('',#4024,#4025,#4026);
#4024=CARTESIAN_POINT('',(2.4,0.660357143,-0.45));
#4025=DIRECTION('',(-0.853281834,0.0,-0.521450009));
#4026=DIRECTION('',(-0.521450009,0.0,0.853281834));
#4027=ADVANCED_FACE('NONE',(#4028),#4050,.F.);
#4028=FACE_BOUND('NONE',#4029,.T.);
#4029=EDGE_LOOP('',(#4030,#4038,#4039,#4040,#4041,#4042,#4043,#4044));
#4030=ORIENTED_EDGE('',*,*,#4031,.T.);
#4031=EDGE_CURVE('NONE',#4032,#1763,#4034,.T.);
#4032=VERTEX_POINT('NONE',#4033);
#4033=CARTESIAN_POINT('',(1.25,1.5,0.0));
#4034=LINE('',#4035,#4036);
#4035=CARTESIAN_POINT('',(1.25,1.19,0.0));
#4036=VECTOR('',#4037,1.0);
#4037=DIRECTION('',(0.0,-1.0,0.0));
#4038=ORIENTED_EDGE('',*,*,#1760,.F.);
#4039=ORIENTED_EDGE('',*,*,#2456,.F.);
#4040=ORIENTED_EDGE('',*,*,#1335,.F.);
#4041=ORIENTED_EDGE('',*,*,#2440,.F.);
#4042=ORIENTED_EDGE('',*,*,#2423,.F.);
#4043=ORIENTED_EDGE('',*,*,#4016,.F.);
#4044=ORIENTED_EDGE('',*,*,#4045,.T.);
#4045=EDGE_CURVE('NONE',#4009,#4032,#4046,.T.);
#4046=LINE('',#4047,#4048);
#4047=CARTESIAN_POINT('',(1.7,1.5,0.0));
#4048=VECTOR('',#4049,1.0);
#4049=DIRECTION('',(-1.0,0.0,0.0));
#4050=PLANE('',#4051);
#4051=AXIS2_PLACEMENT_3D('',#4052,#4053,#4054);
#4052=CARTESIAN_POINT('',(2.125,0.183333333,0.0));
#4053=DIRECTION('',(0.0,0.0,-1.0));
#4054=DIRECTION('',(-1.0,0.0,0.0));
#4055=ADVANCED_FACE('NONE',(#4056),#4067,.F.);
#4056=FACE_BOUND('NONE',#4057,.T.);
#4057=EDGE_LOOP('',(#4058,#4059,#4060,#4061));
#4058=ORIENTED_EDGE('',*,*,#2513,.F.);
#4059=ORIENTED_EDGE('',*,*,#1770,.F.);
#4060=ORIENTED_EDGE('',*,*,#4031,.F.);
#4061=ORIENTED_EDGE('',*,*,#4062,.T.);
#4062=EDGE_CURVE('NONE',#4032,#2514,#4063,.T.);
#4063=LINE('',#4064,#4065);
#4064=CARTESIAN_POINT('',(1.25,1.5,-0.331223542));
#4065=VECTOR('',#4066,1.0);
#4066=DIRECTION('',(0.0,0.0,-1.0));
#4067=PLANE('',#4068);
#4068=AXIS2_PLACEMENT_3D('',#4069,#4070,#4071);
#4069=CARTESIAN_POINT('',(1.25,0.88,0.0));
#4070=DIRECTION('',(1.0,0.0,0.0));
#4071=DIRECTION('',(0.0,0.0,-1.0));
#4072=ADVANCED_FACE('NONE',(#4073),#4098,.T.);
#4073=FACE_BOUND('NONE',#4074,.T.);
#4074=EDGE_LOOP('',(#4075,#4076,#4084,#4092));
#4075=ORIENTED_EDGE('',*,*,#2471,.F.);
#4076=ORIENTED_EDGE('',*,*,#4077,.T.);
#4077=EDGE_CURVE('NONE',#2472,#4078,#4080,.T.);
#4078=VERTEX_POINT('NONE',#4079);
#4079=CARTESIAN_POINT('',(1.0,0.94,0.05));
#4080=LINE('',#4081,#4082);
#4081=CARTESIAN_POINT('',(1.0,0.94,-0.025));
#4082=VECTOR('',#4083,1.0);
#4083=DIRECTION('',(0.0,0.0,1.0));
#4084=ORIENTED_EDGE('',*,*,#4085,.T.);
#4085=EDGE_CURVE('NONE',#4078,#4086,#4088,.F.);
#4086=VERTEX_POINT('NONE',#4087);
#4087=CARTESIAN_POINT('',(-1.0,0.94,0.05));
#4088=LINE('',#4089,#4090);
#4089=CARTESIAN_POINT('',(0.0,0.94,0.05));
#4090=VECTOR('',#4091,1.0);
#4091=DIRECTION('',(1.0,0.0,0.0));
#4092=ORIENTED_EDGE('',*,*,#4093,.T.);
#4093=EDGE_CURVE('NONE',#4086,#2474,#4094,.T.);
#4094=LINE('',#4095,#4096);
#4095=CARTESIAN_POINT('',(-1.0,0.94,-0.025));
#4096=VECTOR('',#4097,1.0);
#4097=DIRECTION('',(0.0,0.0,-1.0));
#4098=PLANE('',#4099);
#4099=AXIS2_PLACEMENT_3D('',#4100,#4101,#4102);
#4100=CARTESIAN_POINT('',(-1.0,0.94,0.05));
#4101=DIRECTION('',(0.0,-1.0,0.0));
#4102=DIRECTION('',(0.0,0.0,-1.0));
#4103=ADVANCED_FACE('NONE',(#4104),#4123,.T.);
#4104=FACE_BOUND('NONE',#4105,.T.);
#4105=EDGE_LOOP('',(#4106,#4115,#4116,#4117));
#4106=ORIENTED_EDGE('',*,*,#4107,.T.);
#4107=EDGE_CURVE('NONE',#4108,#4078,#4110,.F.);
#4108=VERTEX_POINT('NONE',#4109);
#4109=CARTESIAN_POINT('',(1.2,1.14,0.05));
#4110=CIRCLE('',#4111,0.2);
#4111=AXIS2_PLACEMENT_3D('',#4112,#4113,#4114);
#4112=CARTESIAN_POINT('',(1.0,1.14,0.05));
#4113=DIRECTION('',(0.0,0.0,1.0));
#4114=DIRECTION('',(1.0,0.0,0.0));
#4115=ORIENTED_EDGE('',*,*,#4077,.F.);
#4116=ORIENTED_EDGE('',*,*,#2537,.F.);
#4117=ORIENTED_EDGE('',*,*,#4118,.T.);
#4118=EDGE_CURVE('NONE',#2530,#4108,#4119,.T.);
#4119=LINE('',#4120,#4121);
#4120=CARTESIAN_POINT('',(1.2,1.14,-0.075));
#4121=VECTOR('',#4122,1.0);
#4122=DIRECTION('',(0.0,0.0,1.0));
#4123=CYLINDRICAL_SURFACE('',#4124,0.2);
#4124=AXIS2_PLACEMENT_3D('',#4125,#4126,#4127);
#4125=CARTESIAN_POINT('',(1.0,1.14,-0.1));
#4126=DIRECTION('',(0.0,0.0,1.0));
#4127=DIRECTION('',(1.0,0.0,0.0));
#4128=ADVANCED_FACE('NONE',(#4129),#4148,.T.);
#4129=FACE_BOUND('NONE',#4130,.T.);
#4130=EDGE_LOOP('',(#4131,#4140,#4146,#4147));
#4131=ORIENTED_EDGE('',*,*,#4132,.T.);
#4132=EDGE_CURVE('NONE',#4086,#4133,#4135,.F.);
#4133=VERTEX_POINT('NONE',#4134);
#4134=CARTESIAN_POINT('',(-1.2,1.14,0.05));
#4135=CIRCLE('',#4136,0.2);
#4136=AXIS2_PLACEMENT_3D('',#4137,#4138,#4139);
#4137=CARTESIAN_POINT('',(-1.0,1.14,0.05));
#4138=DIRECTION('',(0.0,0.0,1.0));
#4139=DIRECTION('',(1.0,0.0,0.0));
#4140=ORIENTED_EDGE('',*,*,#4141,.T.);
#4141=EDGE_CURVE('NONE',#4133,#2482,#4142,.T.);
#4142=LINE('',#4143,#4144);
#4143=CARTESIAN_POINT('',(-1.2,1.14,-0.075));
#4144=VECTOR('',#4145,1.0);
#4145=DIRECTION('',(0.0,0.0,-1.0));
#4146=ORIENTED_EDGE('',*,*,#2481,.F.);
#4147=ORIENTED_EDGE('',*,*,#4093,.F.);
#4148=CYLINDRICAL_SURFACE('',#4149,0.2);
#4149=AXIS2_PLACEMENT_3D('',#4150,#4151,#4152);
#4150=CARTESIAN_POINT('',(-1.0,1.14,-0.1));
#4151=DIRECTION('',(0.0,0.0,1.0));
#4152=DIRECTION('',(1.0,0.0,0.0));
#4153=ADVANCED_FACE('NONE',(#4154),#4173,.T.);
#4154=FACE_BOUND('NONE',#4155,.T.);
#4155=EDGE_LOOP('',(#4156,#4157,#4158,#4166));
#4156=ORIENTED_EDGE('',*,*,#110,.F.);
#4157=ORIENTED_EDGE('',*,*,#2565,.F.);
#4158=ORIENTED_EDGE('',*,*,#4159,.T.);
#4159=EDGE_CURVE('NONE',#2553,#4160,#4162,.F.);
#4160=VERTEX_POINT('NONE',#4161);
#4161=CARTESIAN_POINT('',(0.6,1.5,-2.5));
#4162=LINE('',#4163,#4164);
#4163=CARTESIAN_POINT('',(0.6,1.75,-2.5));
#4164=VECTOR('',#4165,1.0);
#4165=DIRECTION('',(0.0,1.0,0.0));
#4166=ORIENTED_EDGE('',*,*,#4167,.T.);
#4167=EDGE_CURVE('NONE',#4160,#111,#4168,.T.);
#4168=CIRCLE('',#4169,1.0);
#4169=AXIS2_PLACEMENT_3D('',#4170,#4171,#4172);
#4170=CARTESIAN_POINT('',(0.0,1.5,-1.7));
#4171=DIRECTION('',(0.0,1.0,0.0));
#4172=DIRECTION('',(-1.776356839E-15,0.0,-1.0));
#4173=CYLINDRICAL_SURFACE('',#4174,1.0);
#4174=AXIS2_PLACEMENT_3D('',#4175,#4176,#4177);
#4175=CARTESIAN_POINT('',(0.0,2.0,-1.7));
#4176=DIRECTION('',(0.0,-1.0,0.0));
#4177=DIRECTION('',(0.0,0.0,-1.0));
#4178=ADVANCED_FACE('NONE',(#4179),#4197,.T.);
#4179=FACE_BOUND('NONE',#4180,.T.);
#4180=EDGE_LOOP('',(#4181,#4182,#4190,#4196));
#4181=ORIENTED_EDGE('',*,*,#127,.F.);
#4182=ORIENTED_EDGE('',*,*,#4183,.T.);
#4183=EDGE_CURVE('NONE',#119,#4184,#4186,.T.);
#4184=VERTEX_POINT('NONE',#4185);
#4185=CARTESIAN_POINT('',(-1.2,1.5,-2.5));
#4186=LINE('',#4187,#4188);
#4187=CARTESIAN_POINT('',(0.0,1.5,-2.5));
#4188=VECTOR('',#4189,1.0);
#4189=DIRECTION('',(-1.0,0.0,0.0));
#4190=ORIENTED_EDGE('',*,*,#4191,.T.);
#4191=EDGE_CURVE('NONE',#4184,#2641,#4192,.T.);
#4192=LINE('',#4193,#4194);
#4193=CARTESIAN_POINT('',(-1.2,1.75,-2.5));
#4194=VECTOR('',#4195,1.0);
#4195=DIRECTION('',(0.0,1.0,0.0));
#4196=ORIENTED_EDGE('',*,*,#2640,.F.);
#4197=PLANE('',#4198);
#4198=AXIS2_PLACEMENT_3D('',#4199,#4200,#4201);
#4199=CARTESIAN_POINT('',(-0.6,1.5,-2.5));
#4200=DIRECTION('',(0.0,0.0,-1.0));
#4201=DIRECTION('',(-1.0,0.0,0.0));
#4202=ADVANCED_FACE('NONE',(#4203),#4222,.T.);
#4203=FACE_BOUND('NONE',#4204,.T.);
#4204=EDGE_LOOP('',(#4205,#4206,#4207,#4216));
#4205=ORIENTED_EDGE('',*,*,#2673,.F.);
#4206=ORIENTED_EDGE('',*,*,#4191,.F.);
#4207=ORIENTED_EDGE('',*,*,#4208,.T.);
#4208=EDGE_CURVE('NONE',#4184,#4209,#4211,.T.);
#4209=VERTEX_POINT('NONE',#4210);
#4210=CARTESIAN_POINT('',(-1.3,1.5,-2.4));
#4211=CIRCLE('',#4212,0.1);
#4212=AXIS2_PLACEMENT_3D('',#4213,#4214,#4215);
#4213=CARTESIAN_POINT('',(-1.2,1.5,-2.4));
#4214=DIRECTION('',(0.0,1.0,0.0));
#4215=DIRECTION('',(0.0,0.0,-1.0));
#4216=ORIENTED_EDGE('',*,*,#4217,.T.);
#4217=EDGE_CURVE('NONE',#4209,#2664,#4218,.F.);
#4218=LINE('',#4219,#4220);
#4219=CARTESIAN_POINT('',(-1.3,1.75,-2.4));
#4220=VECTOR('',#4221,1.0);
#4221=DIRECTION('',(0.0,-1.0,0.0));
#4222=CYLINDRICAL_SURFACE('',#4223,0.1);
#4223=AXIS2_PLACEMENT_3D('',#4224,#4225,#4226);
#4224=CARTESIAN_POINT('',(-1.2,2.0,-2.4));
#4225=DIRECTION('',(0.0,-1.0,0.0));
#4226=DIRECTION('',(0.0,0.0,-1.0));
#4227=ADVANCED_FACE('NONE',(#4228),#4246,.T.);
#4228=FACE_BOUND('NONE',#4229,.T.);
#4229=EDGE_LOOP('',(#4230,#4231,#4239,#4245));
#4230=ORIENTED_EDGE('',*,*,#4217,.F.);
#4231=ORIENTED_EDGE('',*,*,#4232,.T.);
#4232=EDGE_CURVE('NONE',#4209,#4233,#4235,.T.);
#4233=VERTEX_POINT('NONE',#4234);
#4234=CARTESIAN_POINT('',(-1.3,1.5,-1.0));
#4235=LINE('',#4236,#4237);
#4236=CARTESIAN_POINT('',(-1.299999999,1.5,-1.7));
#4237=VECTOR('',#4238,1.0);
#4238=DIRECTION('',(0.0,0.0,1.0));
#4239=ORIENTED_EDGE('',*,*,#4240,.T.);
#4240=EDGE_CURVE('NONE',#4233,#2701,#4241,.T.);
#4241=LINE('',#4242,#4243);
#4242=CARTESIAN_POINT('',(-1.3,1.75,-1.0));
#4243=VECTOR('',#4244,1.0);
#4244=DIRECTION('',(0.0,1.0,0.0));
#4245=ORIENTED_EDGE('',*,*,#2700,.F.);
#4246=PLANE('',#4247);
#4247=AXIS2_PLACEMENT_3D('',#4248,#4249,#4250);
#4248=CARTESIAN_POINT('',(-1.3,1.5,-2.4));
#4249=DIRECTION('',(-1.0,0.0,0.0));
#4250=DIRECTION('',(0.0,0.0,1.0));
#4251=ADVANCED_FACE('NONE',(#4252),#4271,.T.);
#4252=FACE_BOUND('NONE',#4253,.T.);
#4253=EDGE_LOOP('',(#4254,#4255,#4256,#4265));
#4254=ORIENTED_EDGE('',*,*,#2725,.F.);
#4255=ORIENTED_EDGE('',*,*,#4240,.F.);
#4256=ORIENTED_EDGE('',*,*,#4257,.T.);
#4257=EDGE_CURVE('NONE',#4233,#4258,#4260,.T.);
#4258=VERTEX_POINT('NONE',#4259);
#4259=CARTESIAN_POINT('',(-1.2,1.5,-0.9));
#4260=CIRCLE('',#4261,0.1);
#4261=AXIS2_PLACEMENT_3D('',#4262,#4263,#4264);
#4262=CARTESIAN_POINT('',(-1.2,1.5,-1.0));
#4263=DIRECTION('',(0.0,1.0,0.0));
#4264=DIRECTION('',(0.0,0.0,-1.0));
#4265=ORIENTED_EDGE('',*,*,#4266,.T.);
#4266=EDGE_CURVE('NONE',#4258,#2726,#4267,.F.);
#4267=LINE('',#4268,#4269);
#4268=CARTESIAN_POINT('',(-1.2,1.75,-0.9));
#4269=VECTOR('',#4270,1.0);
#4270=DIRECTION('',(0.0,-1.0,0.0));
#4271=CYLINDRICAL_SURFACE('',#4272,0.1);
#4272=AXIS2_PLACEMENT_3D('',#4273,#4274,#4275);
#4273=CARTESIAN_POINT('',(-1.2,2.0,-1.0));
#4274=DIRECTION('',(0.0,-1.0,0.0));
#4275=DIRECTION('',(0.0,0.0,-1.0));
#4276=ADVANCED_FACE('NONE',(#4277),#4295,.T.);
#4277=FACE_BOUND('NONE',#4278,.T.);
#4278=EDGE_LOOP('',(#4279,#4280,#4288,#4294));
#4279=ORIENTED_EDGE('',*,*,#4266,.F.);
#4280=ORIENTED_EDGE('',*,*,#4281,.T.);
#4281=EDGE_CURVE('NONE',#4258,#4282,#4284,.T.);
#4282=VERTEX_POINT('NONE',#4283);
#4283=CARTESIAN_POINT('',(-0.6,1.5,-0.9));
#4284=LINE('',#4285,#4286);
#4285=CARTESIAN_POINT('',(0.0,1.5,-0.9));
#4286=VECTOR('',#4287,1.0);
#4287=DIRECTION('',(1.0,0.0,0.0));
#4288=ORIENTED_EDGE('',*,*,#4289,.T.);
#4289=EDGE_CURVE('NONE',#4282,#2763,#4290,.T.);
#4290=LINE('',#4291,#4292);
#4291=CARTESIAN_POINT('',(-0.6,1.75,-0.9));
#4292=VECTOR('',#4293,1.0);
#4293=DIRECTION('',(0.0,1.0,0.0));
#4294=ORIENTED_EDGE('',*,*,#2762,.F.);
#4295=PLANE('',#4296);
#4296=AXIS2_PLACEMENT_3D('',#4297,#4298,#4299);
#4297=CARTESIAN_POINT('',(-1.2,1.5,-0.9));
#4298=DIRECTION('',(0.0,0.0,1.0));
#4299=DIRECTION('',(1.0,0.0,0.0));
#4300=ADVANCED_FACE('NONE',(#4301),#4320,.T.);
#4301=FACE_BOUND('NONE',#4302,.T.);
#4302=EDGE_LOOP('',(#4303,#4304,#4305,#4314));
#4303=ORIENTED_EDGE('',*,*,#2810,.F.);
#4304=ORIENTED_EDGE('',*,*,#4289,.F.);
#4305=ORIENTED_EDGE('',*,*,#4306,.T.);
#4306=EDGE_CURVE('NONE',#4282,#4307,#4309,.T.);
#4307=VERTEX_POINT('NONE',#4308);
#4308=CARTESIAN_POINT('',(0.6,1.5,-0.9));
#4309=CIRCLE('',#4310,1.0);
#4310=AXIS2_PLACEMENT_3D('',#4311,#4312,#4313);
#4311=CARTESIAN_POINT('',(0.0,1.5,-1.7));
#4312=DIRECTION('',(0.0,1.0,0.0));
#4313=DIRECTION('',(1.776356839E-15,0.0,-1.0));
#4314=ORIENTED_EDGE('',*,*,#4315,.T.);
#4315=EDGE_CURVE('NONE',#4307,#2792,#4316,.F.);
#4316=LINE('',#4317,#4318);
#4317=CARTESIAN_POINT('',(0.6,1.75,-0.9));
#4318=VECTOR('',#4319,1.0);
#4319=DIRECTION('',(0.0,-1.0,0.0));
#4320=CYLINDRICAL_SURFACE('',#4321,1.0);
#4321=AXIS2_PLACEMENT_3D('',#4322,#4323,#4324);
#4322=CARTESIAN_POINT('',(0.0,2.0,-1.7));
#4323=DIRECTION('',(0.0,-1.0,0.0));
#4324=DIRECTION('',(0.0,0.0,-1.0));
#4325=ADVANCED_FACE('NONE',(#4326),#4344,.T.);
#4326=FACE_BOUND('NONE',#4327,.T.);
#4327=EDGE_LOOP('',(#4328,#4329,#4337,#4343));
#4328=ORIENTED_EDGE('',*,*,#4315,.F.);
#4329=ORIENTED_EDGE('',*,*,#4330,.T.);
#4330=EDGE_CURVE('NONE',#4307,#4331,#4333,.T.);
#4331=VERTEX_POINT('NONE',#4332);
#4332=CARTESIAN_POINT('',(1.2,1.5,-0.9));
#4333=LINE('',#4334,#4335);
#4334=CARTESIAN_POINT('',(0.0,1.5,-0.9));
#4335=VECTOR('',#4336,1.0);
#4336=DIRECTION('',(1.0,0.0,0.0));
#4337=ORIENTED_EDGE('',*,*,#4338,.T.);
#4338=EDGE_CURVE('NONE',#4331,#2838,#4339,.T.);
#4339=LINE('',#4340,#4341);
#4340=CARTESIAN_POINT('',(1.2,1.75,-0.9));
#4341=VECTOR('',#4342,1.0);
#4342=DIRECTION('',(0.0,1.0,0.0));
#4343=ORIENTED_EDGE('',*,*,#2837,.F.);
#4344=PLANE('',#4345);
#4345=AXIS2_PLACEMENT_3D('',#4346,#4347,#4348);
#4346=CARTESIAN_POINT('',(0.6,1.5,-0.9));
#4347=DIRECTION('',(0.0,0.0,1.0));
#4348=DIRECTION('',(1.0,0.0,0.0));
#4349=ADVANCED_FACE('NONE',(#4350),#4369,.T.);
#4350=FACE_BOUND('NONE',#4351,.T.);
#4351=EDGE_LOOP('',(#4352,#4353,#4354,#4363));
#4352=ORIENTED_EDGE('',*,*,#2862,.F.);
#4353=ORIENTED_EDGE('',*,*,#4338,.F.);
#4354=ORIENTED_EDGE('',*,*,#4355,.T.);
#4355=EDGE_CURVE('NONE',#4331,#4356,#4358,.T.);
#4356=VERTEX_POINT('NONE',#4357);
#4357=CARTESIAN_POINT('',(1.3,1.5,-1.0));
#4358=CIRCLE('',#4359,0.1);
#4359=AXIS2_PLACEMENT_3D('',#4360,#4361,#4362);
#4360=CARTESIAN_POINT('',(1.2,1.5,-1.0));
#4361=DIRECTION('',(0.0,1.0,0.0));
#4362=DIRECTION('',(0.0,0.0,-1.0));
#4363=ORIENTED_EDGE('',*,*,#4364,.T.);
#4364=EDGE_CURVE('NONE',#4356,#2863,#4365,.F.);
#4365=LINE('',#4366,#4367);
#4366=CARTESIAN_POINT('',(1.3,1.75,-1.0));
#4367=VECTOR('',#4368,1.0);
#4368=DIRECTION('',(0.0,-1.0,0.0));
#4369=CYLINDRICAL_SURFACE('',#4370,0.1);
#4370=AXIS2_PLACEMENT_3D('',#4371,#4372,#4373);
#4371=CARTESIAN_POINT('',(1.2,2.0,-1.0));
#4372=DIRECTION('',(0.0,-1.0,0.0));
#4373=DIRECTION('',(0.0,0.0,-1.0));
#4374=ADVANCED_FACE('NONE',(#4375),#4393,.T.);
#4375=FACE_BOUND('NONE',#4376,.T.);
#4376=EDGE_LOOP('',(#4377,#4378,#4386,#4392));
#4377=ORIENTED_EDGE('',*,*,#4364,.F.);
#4378=ORIENTED_EDGE('',*,*,#4379,.T.);
#4379=EDGE_CURVE('NONE',#4356,#4380,#4382,.T.);
#4380=VERTEX_POINT('NONE',#4381);
#4381=CARTESIAN_POINT('',(1.3,1.5,-2.4));
#4382=LINE('',#4383,#4384);
#4383=CARTESIAN_POINT('',(1.299999999,1.5,-1.7));
#4384=VECTOR('',#4385,1.0);
#4385=DIRECTION('',(0.0,0.0,-1.0));
#4386=ORIENTED_EDGE('',*,*,#4387,.T.);
#4387=EDGE_CURVE('NONE',#4380,#2902,#4388,.T.);
#4388=LINE('',#4389,#4390);
#4389=CARTESIAN_POINT('',(1.3,1.75,-2.4));
#4390=VECTOR('',#4391,1.0);
#4391=DIRECTION('',(0.0,1.0,0.0));
#4392=ORIENTED_EDGE('',*,*,#2901,.F.);
#4393=PLANE('',#4394);
#4394=AXIS2_PLACEMENT_3D('',#4395,#4396,#4397);
#4395=CARTESIAN_POINT('',(1.3,1.5,-1.0));
#4396=DIRECTION('',(1.0,0.0,0.0));
#4397=DIRECTION('',(0.0,0.0,-1.0));
#4398=ADVANCED_FACE('NONE',(#4399),#4418,.T.);
#4399=FACE_BOUND('NONE',#4400,.T.);
#4400=EDGE_LOOP('',(#4401,#4402,#4403,#4412));
#4401=ORIENTED_EDGE('',*,*,#2934,.F.);
#4402=ORIENTED_EDGE('',*,*,#4387,.F.);
#4403=ORIENTED_EDGE('',*,*,#4404,.T.);
#4404=EDGE_CURVE('NONE',#4380,#4405,#4407,.T.);
#4405=VERTEX_POINT('NONE',#4406);
#4406=CARTESIAN_POINT('',(1.2,1.5,-2.5));
#4407=CIRCLE('',#4408,0.1);
#4408=AXIS2_PLACEMENT_3D('',#4409,#4410,#4411);
#4409=CARTESIAN_POINT('',(1.2,1.5,-2.4));
#4410=DIRECTION('',(0.0,1.0,0.0));
#4411=DIRECTION('',(0.0,0.0,-1.0));
#4412=ORIENTED_EDGE('',*,*,#4413,.T.);
#4413=EDGE_CURVE('NONE',#4405,#2925,#4414,.F.);
#4414=LINE('',#4415,#4416);
#4415=CARTESIAN_POINT('',(1.2,1.75,-2.5));
#4416=VECTOR('',#4417,1.0);
#4417=DIRECTION('',(0.0,-1.0,0.0));
#4418=CYLINDRICAL_SURFACE('',#4419,0.1);
#4419=AXIS2_PLACEMENT_3D('',#4420,#4421,#4422);
#4420=CARTESIAN_POINT('',(1.2,2.0,-2.4));
#4421=DIRECTION('',(0.0,-1.0,0.0));
#4422=DIRECTION('',(0.0,0.0,-1.0));
#4423=ADVANCED_FACE('NONE',(#4424),#4435,.T.);
#4424=FACE_BOUND('NONE',#4425,.T.);
#4425=EDGE_LOOP('',(#4426,#4427,#4433,#4434));
#4426=ORIENTED_EDGE('',*,*,#4413,.F.);
#4427=ORIENTED_EDGE('',*,*,#4428,.T.);
#4428=EDGE_CURVE('NONE',#4405,#4160,#4429,.T.);
#4429=LINE('',#4430,#4431);
#4430=CARTESIAN_POINT('',(0.0,1.5,-2.5));
#4431=VECTOR('',#4432,1.0);
#4432=DIRECTION('',(-1.0,0.0,0.0));
#4433=ORIENTED_EDGE('',*,*,#4159,.F.);
#4434=ORIENTED_EDGE('',*,*,#2963,.F.);
#4435=PLANE('',#4436);
#4436=AXIS2_PLACEMENT_3D('',#4437,#4438,#4439);
#4437=CARTESIAN_POINT('',(1.2,1.5,-2.5));
#4438=DIRECTION('',(0.0,0.0,-1.0));
#4439=DIRECTION('',(-1.0,0.0,0.0));
#4440=ADVANCED_FACE('NONE',(#4441),#4453,.F.);
#4441=FACE_BOUND('NONE',#4442,.T.);
#4442=EDGE_LOOP('',(#4443,#4444,#4450,#4451,#4452));
#4443=ORIENTED_EDGE('',*,*,#3036,.F.);
#4444=ORIENTED_EDGE('',*,*,#4445,.T.);
#4445=EDGE_CURVE('NONE',#976,#912,#4446,.F.);
#4446=LINE('',#4447,#4448);
#4447=CARTESIAN_POINT('',(-2.929550599,0.643032636,-2.75));
#4448=VECTOR('',#4449,1.0);
#4449=DIRECTION('',(-0.999405999,-0.034462276,0.0));
#4450=ORIENTED_EDGE('',*,*,#3009,.F.);
#4451=ORIENTED_EDGE('',*,*,#2978,.F.);
#4452=ORIENTED_EDGE('',*,*,#3052,.F.);
#4453=PLANE('',#4454);
#4454=AXIS2_PLACEMENT_3D('',#4455,#4456,#4457);
#4455=CARTESIAN_POINT('',(-3.083617745,0.637719976,-3.424977183));
#4456=DIRECTION('',(0.034462276,-0.999405999,0.0));
#4457=DIRECTION('',(0.999405999,0.034462276,0.0));
#4458=ADVANCED_FACE('NONE',(#4459),#4529,.F.);
#4459=FACE_BOUND('NONE',#4460,.T.);
#4460=EDGE_LOOP('',(#4461,#4471,#4479,#4487,#4495,#4503,#4511,#4517,#4518,#4519,#4520,#4521,#4522,#4523));
#4461=ORIENTED_EDGE('',*,*,#4462,.T.);
#4462=EDGE_CURVE('NONE',#4463,#4465,#4467,.T.);
#4463=VERTEX_POINT('NONE',#4464);
#4464=CARTESIAN_POINT('',(-1.2,1.5,-0.2));
#4465=VERTEX_POINT('NONE',#4466);
#4466=CARTESIAN_POINT('',(-1.575,1.5,-0.2));
#4467=LINE('',#4468,#4469);
#4468=CARTESIAN_POINT('',(-1.3875,1.5,-0.2));
#4469=VECTOR('',#4470,1.0);
#4470=DIRECTION('',(-1.0,0.0,0.0));
#4471=ORIENTED_EDGE('',*,*,#4472,.T.);
#4472=EDGE_CURVE('NONE',#4465,#4473,#4475,.T.);
#4473=VERTEX_POINT('NONE',#4474);
#4474=CARTESIAN_POINT('',(-1.575,1.5,-0.1));
#4475=LINE('',#4476,#4477);
#4476=CARTESIAN_POINT('',(-1.575,1.5,-0.15));
#4477=VECTOR('',#4478,1.0);
#4478=DIRECTION('',(0.0,0.0,1.0));
#4479=ORIENTED_EDGE('',*,*,#4480,.T.);
#4480=EDGE_CURVE('NONE',#4473,#4481,#4483,.T.);
#4481=VERTEX_POINT('NONE',#4482);
#4482=CARTESIAN_POINT('',(-1.975,1.5,-0.1));
#4483=LINE('',#4484,#4485);
#4484=CARTESIAN_POINT('',(-1.775,1.5,-0.1));
#4485=VECTOR('',#4486,1.0);
#4486=DIRECTION('',(-1.0,0.0,0.0));
#4487=ORIENTED_EDGE('',*,*,#4488,.T.);
#4488=EDGE_CURVE('NONE',#4481,#4489,#4491,.T.);
#4489=VERTEX_POINT('NONE',#4490);
#4490=CARTESIAN_POINT('',(-1.975,1.5,-0.2));
#4491=LINE('',#4492,#4493);
#4492=CARTESIAN_POINT('',(-1.975,1.5,-0.15));
#4493=VECTOR('',#4494,1.0);
#4494=DIRECTION('',(0.0,0.0,-1.0));
#4495=ORIENTED_EDGE('',*,*,#4496,.T.);
#4496=EDGE_CURVE('NONE',#4489,#4497,#4499,.T.);
#4497=VERTEX_POINT('NONE',#4498);
#4498=CARTESIAN_POINT('',(-2.15,1.5,-0.2));
#4499=LINE('',#4500,#4501);
#4500=CARTESIAN_POINT('',(-2.0625,1.5,-0.2));
#4501=VECTOR('',#4502,1.0);
#4502=DIRECTION('',(-1.0,0.0,0.0));
#4503=ORIENTED_EDGE('',*,*,#4504,.T.);
#4504=EDGE_CURVE('NONE',#4497,#4505,#4507,.T.);
#4505=VERTEX_POINT('NONE',#4506);
#4506=CARTESIAN_POINT('',(-2.15,1.5,-0.662140505));
#4507=LINE('',#4508,#4509);
#4508=CARTESIAN_POINT('',(-2.15,1.5,-0.431070253));
#4509=VECTOR('',#4510,1.0);
#4510=DIRECTION('',(0.0,0.0,-1.0));
#4511=ORIENTED_EDGE('',*,*,#4512,.T.);
#4512=EDGE_CURVE('NONE',#4505,#3547,#4513,.T.);
#4513=LINE('',#4514,#4515);
#4514=CARTESIAN_POINT('',(-2.15,1.5,-0.662140505));
#4515=VECTOR('',#4516,1.0);
#4516=DIRECTION('',(-0.999981202,0.0,-0.006131452));
#4517=ORIENTED_EDGE('',*,*,#3546,.F.);
#4518=ORIENTED_EDGE('',*,*,#3148,.F.);
#4519=ORIENTED_EDGE('',*,*,#3121,.F.);
#4520=ORIENTED_EDGE('',*,*,#3093,.F.);
#4521=ORIENTED_EDGE('',*,*,#3069,.F.);
#4522=ORIENTED_EDGE('',*,*,#2498,.F.);
#4523=ORIENTED_EDGE('',*,*,#4524,.T.);
#4524=EDGE_CURVE('NONE',#2491,#4463,#4525,.T.);
#4525=LINE('',#4526,#4527);
#4526=CARTESIAN_POINT('',(-1.2,1.5,-0.075));
#4527=VECTOR('',#4528,1.0);
#4528=DIRECTION('',(0.0,0.0,-1.0));
#4529=PLANE('',#4530);
#4530=AXIS2_PLACEMENT_3D('',#4531,#4532,#4533);
#4531=CARTESIAN_POINT('',(-2.2,1.5,0.0));
#4532=DIRECTION('',(0.0,-1.0,0.0));
#4533=DIRECTION('',(0.0,0.0,-1.0));
#4534=ADVANCED_FACE('NONE',(#4535),#4568,.T.);
#4535=FACE_BOUND('NONE',#4536,.T.);
#4536=EDGE_LOOP('',(#4537,#4538,#4546,#4554,#4560,#4561,#4562,#4563,#4564,#4565,#4566,#4567));
#4537=ORIENTED_EDGE('',*,*,#3360,.F.);
#4538=ORIENTED_EDGE('',*,*,#4539,.T.);
#4539=EDGE_CURVE('NONE',#3353,#4540,#4542,.T.);
#4540=VERTEX_POINT('NONE',#4541);
#4541=CARTESIAN_POINT('',(-2.360076618,1.372662334,-0.673734895));
#4542=LINE('',#4543,#4544);
#4543=CARTESIAN_POINT('',(-2.384520734,1.050000001,-0.7));
#4544=VECTOR('',#4545,1.0);
#4545=DIRECTION('',(0.07529349,0.99387407,0.080902555));
#4546=ORIENTED_EDGE('',*,*,#4547,.T.);
#4547=EDGE_CURVE('NONE',#4540,#4548,#4550,.T.);
#4548=VERTEX_POINT('NONE',#4549);
#4549=CARTESIAN_POINT('',(-2.360076618,1.372662334,-1.68));
#4550=LINE('',#4551,#4552);
#4551=CARTESIAN_POINT('',(-2.360076617,1.372662334,-1.161635304));
#4552=VECTOR('',#4553,1.0);
#4553=DIRECTION('',(0.0,0.0,-1.0));
#4554=ORIENTED_EDGE('',*,*,#4555,.T.);
#4555=EDGE_CURVE('NONE',#4548,#3383,#4556,.T.);
#4556=LINE('',#4557,#4558);
#4557=CARTESIAN_POINT('',(-2.360076618,1.372662334,-1.68));
#4558=VECTOR('',#4559,1.0);
#4559=DIRECTION('',(-0.075541113,-0.997142688,0.0));
#4560=ORIENTED_EDGE('',*,*,#3382,.F.);
#4561=ORIENTED_EDGE('',*,*,#3162,.F.);
#4562=ORIENTED_EDGE('',*,*,#3203,.F.);
#4563=ORIENTED_EDGE('',*,*,#160,.F.);
#4564=ORIENTED_EDGE('',*,*,#3242,.F.);
#4565=ORIENTED_EDGE('',*,*,#3267,.F.);
#4566=ORIENTED_EDGE('',*,*,#3298,.F.);
#4567=ORIENTED_EDGE('',*,*,#3329,.F.);
#4568=PLANE('',#4569);
#4569=AXIS2_PLACEMENT_3D('',#4570,#4571,#4572);
#4570=CARTESIAN_POINT('',(-2.360076618,1.372662334,-1.68));
#4571=DIRECTION('',(-0.997142688,0.075541113,0.0));
#4572=DIRECTION('',(-0.075541113,-0.997142688,0.0));
#4573=ADVANCED_FACE('NONE',(#4574),#4603,.F.);
#4574=FACE_BOUND('NONE',#4575,.T.);
#4575=EDGE_LOOP('',(#4576,#4577,#4578,#4586,#4593,#4594,#4595,#4596));
#4576=ORIENTED_EDGE('',*,*,#3554,.F.);
#4577=ORIENTED_EDGE('',*,*,#4512,.F.);
#4578=ORIENTED_EDGE('',*,*,#4579,.T.);
#4579=EDGE_CURVE('NONE',#4505,#4580,#4582,.T.);
#4580=VERTEX_POINT('NONE',#4581);
#4581=CARTESIAN_POINT('',(-2.15,1.636473758,-0.651094769));
#4582=LINE('',#4583,#4584);
#4583=CARTESIAN_POINT('',(-2.15,1.035039869,-0.699772844));
#4584=VECTOR('',#4585,1.0);
#4585=DIRECTION('',(0.0,0.99674063,0.080672898));
#4586=ORIENTED_EDGE('',*,*,#4587,.T.);
#4587=EDGE_CURVE('NONE',#4580,#4540,#4588,.T.);
#4588=(BOUNDED_CURVE()B_SPLINE_CURVE(3,(#4589,#4590,#4591,#4592),.UNSPECIFIED.,.F.,.U.)B_SPLINE_CURVE_WITH_KNOTS((4,4),(3.518637116,4.712388979),.PIECEWISE_BEZIER_KNOTS.)CURVE()GEOMETRIC_REPRESENTATION_ITEM()RATIONAL_B_SPLINE_CURVE((1.0,0.884730378,0.884730378,1.0))REPRESENTATION_ITEM(''));
#4589=CARTESIAN_POINT('',(-2.15,1.636473758,-0.651094769));
#4590=CARTESIAN_POINT('',(-2.271329482,1.598751788,-0.654891801));
#4591=CARTESIAN_POINT('',(-2.350478498,1.499357505,-0.663421754));
#4592=CARTESIAN_POINT('',(-2.360076618,1.372662334,-0.673734895));
#4593=ORIENTED_EDGE('',*,*,#4539,.F.);
#4594=ORIENTED_EDGE('',*,*,#3350,.F.);
#4595=ORIENTED_EDGE('',*,*,#3433,.F.);
#4596=ORIENTED_EDGE('',*,*,#4597,.T.);
#4597=EDGE_CURVE('NONE',#3426,#3519,#4598,.F.);
#4598=(BOUNDED_CURVE()B_SPLINE_CURVE(3,(#4599,#4600,#4601,#4602),.UNSPECIFIED.,.F.,.U.)B_SPLINE_CURVE_WITH_KNOTS((4,4),(4.403827045,4.712388979),.PIECEWISE_BEZIER_KNOTS.)CURVE()GEOMETRIC_REPRESENTATION_ITEM()RATIONAL_B_SPLINE_CURVE((1.0,0.99208152,0.99208152,1.0))REPRESENTATION_ITEM(''));
#4599=CARTESIAN_POINT('',(-2.2,1.406219171,-0.670037394));
#4600=CARTESIAN_POINT('',(-2.205805423,1.391858622,-0.671235286));
#4601=CARTESIAN_POINT('',(-2.209335111,1.376776527,-0.672477624));
#4602=CARTESIAN_POINT('',(-2.210505214,1.361331167,-0.673734895));
#4603=PLANE('',#4604);
#4604=AXIS2_PLACEMENT_3D('',#4605,#4606,#4607);
#4605=CARTESIAN_POINT('',(-2.385927858,1.035156191,-0.701210037));
#4606=DIRECTION('',(0.006111469,0.080671391,-0.996722016));
#4607=DIRECTION('',(1.084202172E-19,0.99674063,0.080672898));
#4608=ADVANCED_FACE('NONE',(#4609),#4638,.F.);
#4609=FACE_BOUND('NONE',#4610,.T.);
#4610=EDGE_LOOP('',(#4611,#4621,#4628,#4629,#4630,#4631));
#4611=ORIENTED_EDGE('',*,*,#4612,.T.);
#4612=EDGE_CURVE('NONE',#4613,#4615,#4617,.F.);
#4613=VERTEX_POINT('NONE',#4614);
#4614=CARTESIAN_POINT('',(-2.1,1.494823454,-1.68));
#4615=VERTEX_POINT('NONE',#4616);
#4616=CARTESIAN_POINT('',(-2.1,1.494823454,-0.9));
#4617=LINE('',#4618,#4619);
#4618=CARTESIAN_POINT('',(-2.1,1.494823455,-1.5));
#4619=VECTOR('',#4620,1.0);
#4620=DIRECTION('',(0.0,0.0,-1.0));
#4621=ORIENTED_EDGE('',*,*,#4622,.T.);
#4622=EDGE_CURVE('NONE',#4615,#3521,#4623,.T.);
#4623=CIRCLE('',#4624,0.15);
#4624=AXIS2_PLACEMENT_3D('',#4625,#4626,#4627);
#4625=CARTESIAN_POINT('',(-2.060933811,1.35,-0.9));
#4626=DIRECTION('',(0.0,0.0,1.0));
#4627=DIRECTION('',(-1.0,4.33680869E-15,0.0));
#4628=ORIENTED_EDGE('',*,*,#3518,.F.);
#4629=ORIENTED_EDGE('',*,*,#4597,.F.);
#4630=ORIENTED_EDGE('',*,*,#3425,.F.);
#4631=ORIENTED_EDGE('',*,*,#4632,.T.);
#4632=EDGE_CURVE('NONE',#3418,#4613,#4633,.T.);
#4633=CIRCLE('',#4634,0.15);
#4634=AXIS2_PLACEMENT_3D('',#4635,#4636,#4637);
#4635=CARTESIAN_POINT('',(-2.060933811,1.35,-1.68));
#4636=DIRECTION('',(0.0,0.0,-1.0));
#4637=DIRECTION('',(-1.0,0.0,0.0));
#4638=CYLINDRICAL_SURFACE('',#4639,0.15);
#4639=AXIS2_PLACEMENT_3D('',#4640,#4641,#4642);
#4640=CARTESIAN_POINT('',(-2.060933811,1.35,-0.663977619));
#4641=DIRECTION('',(0.0,0.0,-1.0));
#4642=DIRECTION('',(-1.0,0.0,0.0));
#4643=ADVANCED_FACE('NONE',(#4644),#4665,.F.);
#4644=FACE_BOUND('NONE',#4645,.T.);
#4645=EDGE_LOOP('',(#4646,#4647,#4648,#4649,#4650,#4659));
#4646=ORIENTED_EDGE('',*,*,#4632,.F.);
#4647=ORIENTED_EDGE('',*,*,#3417,.F.);
#4648=ORIENTED_EDGE('',*,*,#3391,.F.);
#4649=ORIENTED_EDGE('',*,*,#4555,.F.);
#4650=ORIENTED_EDGE('',*,*,#4651,.T.);
#4651=EDGE_CURVE('NONE',#4548,#4652,#4654,.T.);
#4652=VERTEX_POINT('NONE',#4653);
#4653=CARTESIAN_POINT('',(-2.1,1.647445513,-1.68));
#4654=CIRCLE('',#4655,0.3);
#4655=AXIS2_PLACEMENT_3D('',#4656,#4657,#4658);
#4656=CARTESIAN_POINT('',(-2.060933811,1.35,-1.68));
#4657=DIRECTION('',(0.0,1.807003621E-16,-1.0));
#4658=DIRECTION('',(0.0,1.0,1.807003621E-16));
#4659=ORIENTED_EDGE('',*,*,#4660,.T.);
#4660=EDGE_CURVE('NONE',#4652,#4613,#4661,.F.);
#4661=LINE('',#4662,#4663);
#4662=CARTESIAN_POINT('',(-2.1,1.265,-1.68));
#4663=VECTOR('',#4664,1.0);
#4664=DIRECTION('',(0.0,1.0,0.0));
#4665=PLANE('',#4666);
#4666=AXIS2_PLACEMENT_3D('',#4667,#4668,#4669);
#4667=CARTESIAN_POINT('',(-2.382439029,1.085028727,-1.68));
#4668=DIRECTION('',(0.0,0.0,1.0));
#4669=DIRECTION('',(1.0,0.0,0.0));
#4670=ADVANCED_FACE('NONE',(#4671),#4689,.F.);
#4671=FACE_BOUND('NONE',#4672,.T.);
#4672=EDGE_LOOP('',(#4673,#4674,#4682,#4688));
#4673=ORIENTED_EDGE('',*,*,#3479,.F.);
#4674=ORIENTED_EDGE('',*,*,#4675,.T.);
#4675=EDGE_CURVE('NONE',#3472,#4676,#4678,.T.);
#4676=VERTEX_POINT('NONE',#4677);
#4677=CARTESIAN_POINT('',(-2.1,1.5,-1.7));
#4678=LINE('',#4679,#4680);
#4679=CARTESIAN_POINT('',(-2.225,1.5,-1.7));
#4680=VECTOR('',#4681,1.0);
#4681=DIRECTION('',(1.0,0.0,0.0));
#4682=ORIENTED_EDGE('',*,*,#4683,.T.);
#4683=EDGE_CURVE('NONE',#4676,#1032,#4684,.F.);
#4684=LINE('',#4685,#4686);
#4685=CARTESIAN_POINT('',(-2.1,1.5,-1.5));
#4686=VECTOR('',#4687,1.0);
#4687=DIRECTION('',(0.0,0.0,1.0));
#4688=ORIENTED_EDGE('',*,*,#1029,.F.);
#4689=PLANE('',#4690);
#4690=AXIS2_PLACEMENT_3D('',#4691,#4692,#4693);
#4691=CARTESIAN_POINT('',(-2.35,1.5,-1.7));
#4692=DIRECTION('',(0.0,-1.0,0.0));
#4693=DIRECTION('',(0.0,0.0,-1.0));
#4694=ADVANCED_FACE('NONE',(#4695),#4713,.F.);
#4695=FACE_BOUND('NONE',#4696,.T.);
#4696=EDGE_LOOP('',(#4697,#4698,#4706,#4712));
#4697=ORIENTED_EDGE('',*,*,#3471,.F.);
#4698=ORIENTED_EDGE('',*,*,#4699,.T.);
#4699=EDGE_CURVE('NONE',#3464,#4700,#4702,.F.);
#4700=VERTEX_POINT('NONE',#4701);
#4701=CARTESIAN_POINT('',(-2.1,0.88,-1.7));
#4702=LINE('',#4703,#4704);
#4703=CARTESIAN_POINT('',(-2.225,0.88,-1.7));
#4704=VECTOR('',#4705,1.0);
#4705=DIRECTION('',(-1.0,0.0,0.0));
#4706=ORIENTED_EDGE('',*,*,#4707,.T.);
#4707=EDGE_CURVE('NONE',#4700,#4676,#4708,.F.);
#4708=LINE('',#4709,#4710);
#4709=CARTESIAN_POINT('',(-2.1,1.265,-1.7));
#4710=VECTOR('',#4711,1.0);
#4711=DIRECTION('',(0.0,-1.0,0.0));
#4712=ORIENTED_EDGE('',*,*,#4675,.F.);
#4713=PLANE('',#4714);
#4714=AXIS2_PLACEMENT_3D('',#4715,#4716,#4717);
#4715=CARTESIAN_POINT('',(-2.1,0.88,-1.7));
#4716=DIRECTION('',(0.0,0.0,-1.0));
#4717=DIRECTION('',(-1.0,0.0,0.0));
#4718=ADVANCED_FACE('NONE',(#4719),#4739,.T.);
#4719=FACE_BOUND('NONE',#4720,.T.);
#4720=EDGE_LOOP('',(#4721,#4722,#4730,#4736,#4737,#4738));
#4721=ORIENTED_EDGE('',*,*,#3536,.F.);
#4722=ORIENTED_EDGE('',*,*,#4723,.T.);
#4723=EDGE_CURVE('NONE',#3529,#4724,#4726,.T.);
#4724=VERTEX_POINT('NONE',#4725);
#4725=CARTESIAN_POINT('',(-2.1,0.88,-0.9));
#4726=LINE('',#4727,#4728);
#4727=CARTESIAN_POINT('',(-2.15,0.88,-0.9));
#4728=VECTOR('',#4729,1.0);
#4729=DIRECTION('',(1.0,0.0,0.0));
#4730=ORIENTED_EDGE('',*,*,#4731,.T.);
#4731=EDGE_CURVE('NONE',#4724,#4700,#4732,.F.);
#4732=LINE('',#4733,#4734);
#4733=CARTESIAN_POINT('',(-2.1,0.88,-1.5));
#4734=VECTOR('',#4735,1.0);
#4735=DIRECTION('',(0.0,0.0,1.0));
#4736=ORIENTED_EDGE('',*,*,#4699,.F.);
#4737=ORIENTED_EDGE('',*,*,#3463,.F.);
#4738=ORIENTED_EDGE('',*,*,#3503,.F.);
#4739=PLANE('',#4740);
#4740=AXIS2_PLACEMENT_3D('',#4741,#4742,#4743);
#4741=CARTESIAN_POINT('',(-2.35,0.88,-1.7));
#4742=DIRECTION('',(0.0,1.0,0.0));
#4743=DIRECTION('',(0.0,0.0,1.0));
#4744=ADVANCED_FACE('NONE',(#4745),#4756,.F.);
#4745=FACE_BOUND('NONE',#4746,.T.);
#4746=EDGE_LOOP('',(#4747,#4748,#4754,#4755));
#4747=ORIENTED_EDGE('',*,*,#4622,.F.);
#4748=ORIENTED_EDGE('',*,*,#4749,.T.);
#4749=EDGE_CURVE('NONE',#4615,#4724,#4750,.F.);
#4750=LINE('',#4751,#4752);
#4751=CARTESIAN_POINT('',(-2.1,1.265,-0.9));
#4752=VECTOR('',#4753,1.0);
#4753=DIRECTION('',(0.0,1.0,0.0));
#4754=ORIENTED_EDGE('',*,*,#4723,.F.);
#4755=ORIENTED_EDGE('',*,*,#3528,.F.);
#4756=PLANE('',#4757);
#4757=AXIS2_PLACEMENT_3D('',#4758,#4759,#4760);
#4758=CARTESIAN_POINT('',(-2.2,0.88,-0.9));
#4759=DIRECTION('',(0.0,0.0,1.0));
#4760=DIRECTION('',(1.0,0.0,0.0));
#4761=ADVANCED_FACE('NONE',(#4762),#4797,.F.);
#4762=FACE_BOUND('NONE',#4763,.T.);
#4763=EDGE_LOOP('',(#4764,#4765,#4772,#4773,#4782,#4790));
#4764=ORIENTED_EDGE('',*,*,#3894,.F.);
#4765=ORIENTED_EDGE('',*,*,#4766,.T.);
#4766=EDGE_CURVE('NONE',#3895,#3935,#4767,.T.);
#4767=(BOUNDED_CURVE()B_SPLINE_CURVE(3,(#4768,#4769,#4770,#4771),.UNSPECIFIED.,.F.,.U.)B_SPLINE_CURVE_WITH_KNOTS((4,4),(1.570796329,1.879358262),.PIECEWISE_BEZIER_KNOTS.)CURVE()GEOMETRIC_REPRESENTATION_ITEM()RATIONAL_B_SPLINE_CURVE((1.0,0.99208152,0.99208152,1.0))REPRESENTATION_ITEM(''));
#4768=CARTESIAN_POINT('',(2.210505214,1.361331167,-0.673734895));
#4769=CARTESIAN_POINT('',(2.209335111,1.376776527,-0.672477624));
#4770=CARTESIAN_POINT('',(2.205805423,1.391858622,-0.671235286));
#4771=CARTESIAN_POINT('',(2.2,1.406219171,-0.670037394));
#4772=ORIENTED_EDGE('',*,*,#3932,.F.);
#4773=ORIENTED_EDGE('',*,*,#4774,.T.);
#4774=EDGE_CURVE('NONE',#3933,#4775,#4777,.T.);
#4775=VERTEX_POINT('NONE',#4776);
#4776=CARTESIAN_POINT('',(2.1,1.494823454,-0.9));
#4777=CIRCLE('',#4778,0.15);
#4778=AXIS2_PLACEMENT_3D('',#4779,#4780,#4781);
#4779=CARTESIAN_POINT('',(2.060933811,1.35,-0.9));
#4780=DIRECTION('',(0.0,0.0,1.0));
#4781=DIRECTION('',(-1.0,-1.445602897E-15,0.0));
#4782=ORIENTED_EDGE('',*,*,#4783,.T.);
#4783=EDGE_CURVE('NONE',#4775,#4784,#4786,.F.);
#4784=VERTEX_POINT('NONE',#4785);
#4785=CARTESIAN_POINT('',(2.1,1.494823454,-1.68));
#4786=LINE('',#4787,#4788);
#4787=CARTESIAN_POINT('',(2.1,1.494823455,-1.5));
#4788=VECTOR('',#4789,1.0);
#4789=DIRECTION('',(0.0,0.0,1.0));
#4790=ORIENTED_EDGE('',*,*,#4791,.T.);
#4791=EDGE_CURVE('NONE',#4784,#3897,#4792,.T.);
#4792=CIRCLE('',#4793,0.15);
#4793=AXIS2_PLACEMENT_3D('',#4794,#4795,#4796);
#4794=CARTESIAN_POINT('',(2.060933811,1.35,-1.68));
#4795=DIRECTION('',(0.0,0.0,-1.0));
#4796=DIRECTION('',(-1.0,0.0,0.0));
#4797=CYLINDRICAL_SURFACE('',#4798,0.15);
#4798=AXIS2_PLACEMENT_3D('',#4799,#4800,#4801);
#4799=CARTESIAN_POINT('',(2.060933811,1.35,-0.663977619));
#4800=DIRECTION('',(0.0,0.0,-1.0));
#4801=DIRECTION('',(-1.0,0.0,0.0));
#4802=ADVANCED_FACE('NONE',(#4803),#4821,.F.);
#4803=FACE_BOUND('NONE',#4804,.T.);
#4804=EDGE_LOOP('',(#4805,#4806,#4807,#4815));
#4805=ORIENTED_EDGE('',*,*,#4774,.F.);
#4806=ORIENTED_EDGE('',*,*,#3968,.F.);
#4807=ORIENTED_EDGE('',*,*,#4808,.T.);
#4808=EDGE_CURVE('NONE',#3961,#4809,#4811,.F.);
#4809=VERTEX_POINT('NONE',#4810);
#4810=CARTESIAN_POINT('',(2.1,0.88,-0.9));
#4811=LINE('',#4812,#4813);
#4812=CARTESIAN_POINT('',(2.225,0.88,-0.9));
#4813=VECTOR('',#4814,1.0);
#4814=DIRECTION('',(1.0,0.0,0.0));
#4815=ORIENTED_EDGE('',*,*,#4816,.T.);
#4816=EDGE_CURVE('NONE',#4809,#4775,#4817,.F.);
#4817=LINE('',#4818,#4819);
#4818=CARTESIAN_POINT('',(2.1,1.265,-0.9));
#4819=VECTOR('',#4820,1.0);
#4820=DIRECTION('',(0.0,-1.0,0.0));
#4821=PLANE('',#4822);
#4822=AXIS2_PLACEMENT_3D('',#4823,#4824,#4825);
#4823=CARTESIAN_POINT('',(2.1,0.88,-0.9));
#4824=DIRECTION('',(0.0,0.0,1.0));
#4825=DIRECTION('',(1.0,0.0,0.0));
#4826=ADVANCED_FACE('NONE',(#4827),#4847,.T.);
#4827=FACE_BOUND('NONE',#4828,.T.);
#4828=EDGE_LOOP('',(#4829,#4830,#4838,#4844,#4845,#4846));
#4829=ORIENTED_EDGE('',*,*,#3617,.F.);
#4830=ORIENTED_EDGE('',*,*,#4831,.T.);
#4831=EDGE_CURVE('NONE',#3610,#4832,#4834,.T.);
#4832=VERTEX_POINT('NONE',#4833);
#4833=CARTESIAN_POINT('',(2.1,0.88,-1.7));
#4834=LINE('',#4835,#4836);
#4835=CARTESIAN_POINT('',(2.225,0.88,-1.7));
#4836=VECTOR('',#4837,1.0);
#4837=DIRECTION('',(-1.0,0.0,0.0));
#4838=ORIENTED_EDGE('',*,*,#4839,.T.);
#4839=EDGE_CURVE('NONE',#4832,#4809,#4840,.F.);
#4840=LINE('',#4841,#4842);
#4841=CARTESIAN_POINT('',(2.1,0.88,-1.5));
#4842=VECTOR('',#4843,1.0);
#4843=DIRECTION('',(0.0,0.0,-1.0));
#4844=ORIENTED_EDGE('',*,*,#4808,.F.);
#4845=ORIENTED_EDGE('',*,*,#3960,.F.);
#4846=ORIENTED_EDGE('',*,*,#3577,.F.);
#4847=PLANE('',#4848);
#4848=AXIS2_PLACEMENT_3D('',#4849,#4850,#4851);
#4849=CARTESIAN_POINT('',(2.1,0.88,-1.7));
#4850=DIRECTION('',(0.0,1.0,0.0));
#4851=DIRECTION('',(0.0,0.0,1.0));
#4852=ADVANCED_FACE('NONE',(#4853),#4871,.F.);
#4853=FACE_BOUND('NONE',#4854,.T.);
#4854=EDGE_LOOP('',(#4855,#4863,#4864,#4865));
#4855=ORIENTED_EDGE('',*,*,#4856,.T.);
#4856=EDGE_CURVE('NONE',#4857,#4832,#4859,.F.);
#4857=VERTEX_POINT('NONE',#4858);
#4858=CARTESIAN_POINT('',(2.1,1.5,-1.7));
#4859=LINE('',#4860,#4861);
#4860=CARTESIAN_POINT('',(2.1,1.265,-1.7));
#4861=VECTOR('',#4862,1.0);
#4862=DIRECTION('',(0.0,1.0,0.0));
#4863=ORIENTED_EDGE('',*,*,#4831,.F.);
#4864=ORIENTED_EDGE('',*,*,#3609,.F.);
#4865=ORIENTED_EDGE('',*,*,#4866,.T.);
#4866=EDGE_CURVE('NONE',#3602,#4857,#4867,.T.);
#4867=LINE('',#4868,#4869);
#4868=CARTESIAN_POINT('',(2.225,1.5,-1.7));
#4869=VECTOR('',#4870,1.0);
#4870=DIRECTION('',(-1.0,0.0,0.0));
#4871=PLANE('',#4872);
#4872=AXIS2_PLACEMENT_3D('',#4873,#4874,#4875);
#4873=CARTESIAN_POINT('',(2.35,0.88,-1.7));
#4874=DIRECTION('',(0.0,0.0,-1.0));
#4875=DIRECTION('',(-1.0,0.0,0.0));
#4876=ADVANCED_FACE('NONE',(#4877),#4888,.F.);
#4877=FACE_BOUND('NONE',#4878,.T.);
#4878=EDGE_LOOP('',(#4879,#4880,#4881,#4882));
#4879=ORIENTED_EDGE('',*,*,#4866,.F.);
#4880=ORIENTED_EDGE('',*,*,#3601,.F.);
#4881=ORIENTED_EDGE('',*,*,#642,.F.);
#4882=ORIENTED_EDGE('',*,*,#4883,.T.);
#4883=EDGE_CURVE('NONE',#635,#4857,#4884,.F.);
#4884=LINE('',#4885,#4886);
#4885=CARTESIAN_POINT('',(2.1,1.5,-1.5));
#4886=VECTOR('',#4887,1.0);
#4887=DIRECTION('',(0.0,0.0,-1.0));
#4888=PLANE('',#4889);
#4889=AXIS2_PLACEMENT_3D('',#4890,#4891,#4892);
#4890=CARTESIAN_POINT('',(2.1,1.5,-1.7));
#4891=DIRECTION('',(0.0,-1.0,0.0));
#4892=DIRECTION('',(0.0,0.0,-1.0));
#4893=ADVANCED_FACE('NONE',(#4894),#4922,.F.);
#4894=FACE_BOUND('NONE',#4895,.T.);
#4895=EDGE_LOOP('',(#4896,#4907,#4913,#4914,#4915,#4916));
#4896=ORIENTED_EDGE('',*,*,#4897,.T.);
#4897=EDGE_CURVE('NONE',#4898,#4900,#4902,.T.);
#4898=VERTEX_POINT('NONE',#4899);
#4899=CARTESIAN_POINT('',(2.1,1.647445513,-1.68));
#4900=VERTEX_POINT('NONE',#4901);
#4901=CARTESIAN_POINT('',(2.360076618,1.372662334,-1.68));
#4902=CIRCLE('',#4903,0.3);
#4903=AXIS2_PLACEMENT_3D('',#4904,#4905,#4906);
#4904=CARTESIAN_POINT('',(2.060933811,1.35,-1.68));
#4905=DIRECTION('',(0.0,0.0,-1.0));
#4906=DIRECTION('',(-1.0,0.0,0.0));
#4907=ORIENTED_EDGE('',*,*,#4908,.T.);
#4908=EDGE_CURVE('NONE',#4900,#3833,#4909,.F.);
#4909=LINE('',#4910,#4911);
#4910=CARTESIAN_POINT('',(2.405092495,0.778452757,-1.68));
#4911=VECTOR('',#4912,1.0);
#4912=DIRECTION('',(-0.075541113,0.997142688,0.0));
#4913=ORIENTED_EDGE('',*,*,#3830,.F.);
#4914=ORIENTED_EDGE('',*,*,#3904,.F.);
#4915=ORIENTED_EDGE('',*,*,#4791,.F.);
#4916=ORIENTED_EDGE('',*,*,#4917,.T.);
#4917=EDGE_CURVE('NONE',#4784,#4898,#4918,.F.);
#4918=LINE('',#4919,#4920);
#4919=CARTESIAN_POINT('',(2.1,1.265,-1.68));
#4920=VECTOR('',#4921,1.0);
#4921=DIRECTION('',(0.0,-1.0,0.0));
#4922=PLANE('',#4923);
#4923=AXIS2_PLACEMENT_3D('',#4924,#4925,#4926);
#4924=CARTESIAN_POINT('',(2.1,1.085028727,-1.68));
#4925=DIRECTION('',(0.0,0.0,1.0));
#4926=DIRECTION('',(1.0,0.0,0.0));
#4927=ADVANCED_FACE('NONE',(#4928),#4953,.T.);
#4928=FACE_BOUND('NONE',#4929,.T.);
#4929=EDGE_LOOP('',(#4930,#4931,#4932,#4933,#4941,#4947,#4948,#4949,#4950,#4951,#4952));
#4930=ORIENTED_EDGE('',*,*,#3809,.F.);
#4931=ORIENTED_EDGE('',*,*,#3840,.F.);
#4932=ORIENTED_EDGE('',*,*,#4908,.F.);
#4933=ORIENTED_EDGE('',*,*,#4934,.T.);
#4934=EDGE_CURVE('NONE',#4900,#4935,#4937,.T.);
#4935=VERTEX_POINT('NONE',#4936);
#4936=CARTESIAN_POINT('',(2.360076618,1.372662334,-0.673734895));
#4937=LINE('',#4938,#4939);
#4938=CARTESIAN_POINT('',(2.360076617,1.372662334,-1.14888773));
#4939=VECTOR('',#4940,1.0);
#4940=DIRECTION('',(0.0,0.0,1.0));
#4941=ORIENTED_EDGE('',*,*,#4942,.T.);
#4942=EDGE_CURVE('NONE',#4935,#3865,#4943,.T.);
#4943=LINE('',#4944,#4945);
#4944=CARTESIAN_POINT('',(2.360076618,1.372662334,-0.673734895));
#4945=VECTOR('',#4946,1.0);
#4946=DIRECTION('',(0.07529349,-0.99387407,-0.080902555));
#4947=ORIENTED_EDGE('',*,*,#3864,.F.);
#4948=ORIENTED_EDGE('',*,*,#3643,.F.);
#4949=ORIENTED_EDGE('',*,*,#3683,.F.);
#4950=ORIENTED_EDGE('',*,*,#3714,.F.);
#4951=ORIENTED_EDGE('',*,*,#3752,.F.);
#4952=ORIENTED_EDGE('',*,*,#3778,.F.);
#4953=PLANE('',#4954);
#4954=AXIS2_PLACEMENT_3D('',#4955,#4956,#4957);
#4955=CARTESIAN_POINT('',(2.450108372,0.18424318,-1.68));
#4956=DIRECTION('',(0.997142688,0.075541113,0.0));
#4957=DIRECTION('',(-0.075541113,0.997142688,0.0));
#4958=ADVANCED_FACE('NONE',(#4959),#4989,.F.);
#4959=FACE_BOUND('NONE',#4960,.T.);
#4960=EDGE_LOOP('',(#4961,#4962,#4963,#4964,#4965,#4966,#4975,#4983));
#4961=ORIENTED_EDGE('',*,*,#3942,.F.);
#4962=ORIENTED_EDGE('',*,*,#4766,.F.);
#4963=ORIENTED_EDGE('',*,*,#3918,.F.);
#4964=ORIENTED_EDGE('',*,*,#3872,.F.);
#4965=ORIENTED_EDGE('',*,*,#4942,.F.);
#4966=ORIENTED_EDGE('',*,*,#4967,.T.);
#4967=EDGE_CURVE('NONE',#4935,#4968,#4970,.T.);
#4968=VERTEX_POINT('NONE',#4969);
#4969=CARTESIAN_POINT('',(2.15,1.636473758,-0.651094769));
#4970=(BOUNDED_CURVE()B_SPLINE_CURVE(3,(#4971,#4972,#4973,#4974),.UNSPECIFIED.,.F.,.U.)B_SPLINE_CURVE_WITH_KNOTS((4,4),(1.570796329,2.764548191),.PIECEWISE_BEZIER_KNOTS.)CURVE()GEOMETRIC_REPRESENTATION_ITEM()RATIONAL_B_SPLINE_CURVE((1.0,0.884730378,0.884730378,1.0))REPRESENTATION_ITEM(''));
#4971=CARTESIAN_POINT('',(2.360076618,1.372662334,-0.673734895));
#4972=CARTESIAN_POINT('',(2.350478498,1.499357505,-0.663421754));
#4973=CARTESIAN_POINT('',(2.271329482,1.598751788,-0.654891801));
#4974=CARTESIAN_POINT('',(2.15,1.636473758,-0.651094769));
#4975=ORIENTED_EDGE('',*,*,#4976,.T.);
#4976=EDGE_CURVE('NONE',#4968,#4977,#4979,.T.);
#4977=VERTEX_POINT('NONE',#4978);
#4978=CARTESIAN_POINT('',(2.15,1.5,-0.662140505));
#4979=LINE('',#4980,#4981);
#4980=CARTESIAN_POINT('',(2.15,1.035039869,-0.699772844));
#4981=VECTOR('',#4982,1.0);
#4982=DIRECTION('',(0.0,-0.99674063,-0.080672898));
#4983=ORIENTED_EDGE('',*,*,#4984,.T.);
#4984=EDGE_CURVE('NONE',#4977,#3943,#4985,.T.);
#4985=LINE('',#4986,#4987);
#4986=CARTESIAN_POINT('',(2.15,1.5,-0.662140505));
#4987=VECTOR('',#4988,1.0);
#4988=DIRECTION('',(0.999981202,-1.923468601E-10,-0.006131453));
#4989=PLANE('',#4990);
#4990=AXIS2_PLACEMENT_3D('',#4991,#4992,#4993);
#4991=CARTESIAN_POINT('',(2.15,1.035039869,-0.699772844));
#4992=DIRECTION('',(-0.006111469,0.080671391,-0.996722016));
#4993=DIRECTION('',(1.084202172E-19,0.99674063,0.080672898));
#4994=ADVANCED_FACE('NONE',(#4995),#5058,.F.);
#4995=FACE_BOUND('NONE',#4996,.T.);
#4996=EDGE_LOOP('',(#4997,#5007,#5013,#5014,#5015,#5016,#5017,#5018,#5019,#5020,#5028,#5036,#5044,#5052));
#4997=ORIENTED_EDGE('',*,*,#4998,.T.);
#4998=EDGE_CURVE('NONE',#4999,#5001,#5003,.T.);
#4999=VERTEX_POINT('NONE',#5000);
#5000=CARTESIAN_POINT('',(1.575,1.5,-0.2));
#5001=VERTEX_POINT('NONE',#5002);
#5002=CARTESIAN_POINT('',(1.2,1.5,-0.2));
#5003=LINE('',#5004,#5005);
#5004=CARTESIAN_POINT('',(1.3875,1.5,-0.2));
#5005=VECTOR('',#5006,1.0);
#5006=DIRECTION('',(-1.0,0.0,0.0));
#5007=ORIENTED_EDGE('',*,*,#5008,.T.);
#5008=EDGE_CURVE('NONE',#5001,#2522,#5009,.T.);
#5009=LINE('',#5010,#5011);
#5010=CARTESIAN_POINT('',(1.2,1.5,-0.075));
#5011=VECTOR('',#5012,1.0);
#5012=DIRECTION('',(0.0,0.0,1.0));
#5013=ORIENTED_EDGE('',*,*,#2521,.F.);
#5014=ORIENTED_EDGE('',*,*,#4062,.F.);
#5015=ORIENTED_EDGE('',*,*,#4045,.F.);
#5016=ORIENTED_EDGE('',*,*,#4008,.F.);
#5017=ORIENTED_EDGE('',*,*,#3983,.F.);
#5018=ORIENTED_EDGE('',*,*,#3950,.F.);
#5019=ORIENTED_EDGE('',*,*,#4984,.F.);
#5020=ORIENTED_EDGE('',*,*,#5021,.T.);
#5021=EDGE_CURVE('NONE',#4977,#5022,#5024,.T.);
#5022=VERTEX_POINT('NONE',#5023);
#5023=CARTESIAN_POINT('',(2.15,1.5,-0.2));
#5024=LINE('',#5025,#5026);
#5025=CARTESIAN_POINT('',(2.15,1.5,-0.431070253));
#5026=VECTOR('',#5027,1.0);
#5027=DIRECTION('',(0.0,0.0,1.0));
#5028=ORIENTED_EDGE('',*,*,#5029,.T.);
#5029=EDGE_CURVE('NONE',#5022,#5030,#5032,.T.);
#5030=VERTEX_POINT('NONE',#5031);
#5031=CARTESIAN_POINT('',(1.975,1.5,-0.2));
#5032=LINE('',#5033,#5034);
#5033=CARTESIAN_POINT('',(2.0625,1.5,-0.2));
#5034=VECTOR('',#5035,1.0);
#5035=DIRECTION('',(-1.0,0.0,0.0));
#5036=ORIENTED_EDGE('',*,*,#5037,.T.);
#5037=EDGE_CURVE('NONE',#5030,#5038,#5040,.T.);
#5038=VERTEX_POINT('NONE',#5039);
#5039=CARTESIAN_POINT('',(1.975,1.5,-0.1));
#5040=LINE('',#5041,#5042);
#5041=CARTESIAN_POINT('',(1.975,1.5,-0.15));
#5042=VECTOR('',#5043,1.0);
#5043=DIRECTION('',(0.0,0.0,1.0));
#5044=ORIENTED_EDGE('',*,*,#5045,.T.);
#5045=EDGE_CURVE('NONE',#5038,#5046,#5048,.T.);
#5046=VERTEX_POINT('NONE',#5047);
#5047=CARTESIAN_POINT('',(1.575,1.5,-0.1));
#5048=LINE('',#5049,#5050);
#5049=CARTESIAN_POINT('',(1.775,1.5,-0.1));
#5050=VECTOR('',#5051,1.0);
#5051=DIRECTION('',(-1.0,0.0,0.0));
#5052=ORIENTED_EDGE('',*,*,#5053,.T.);
#5053=EDGE_CURVE('NONE',#5046,#4999,#5054,.T.);
#5054=LINE('',#5055,#5056);
#5055=CARTESIAN_POINT('',(1.575,1.5,-0.15));
#5056=VECTOR('',#5057,1.0);
#5057=DIRECTION('',(0.0,0.0,-1.0));
#5058=PLANE('',#5059);
#5059=AXIS2_PLACEMENT_3D('',#5060,#5061,#5062);
#5060=CARTESIAN_POINT('',(1.2,1.5,0.0));
#5061=DIRECTION('',(0.0,-1.0,0.0));
#5062=DIRECTION('',(0.0,0.0,-1.0));
#5063=ADVANCED_FACE('NONE',(#5064),#5092,.F.);
#5064=FACE_BOUND('NONE',#5065,.T.);
#5065=EDGE_LOOP('',(#5066,#5067,#5075,#5084,#5090,#5091));
#5066=ORIENTED_EDGE('',*,*,#5008,.F.);
#5067=ORIENTED_EDGE('',*,*,#5068,.T.);
#5068=EDGE_CURVE('NONE',#5001,#5069,#5071,.T.);
#5069=VERTEX_POINT('NONE',#5070);
#5070=CARTESIAN_POINT('',(1.2,1.65,-0.200000001));
#5071=LINE('',#5072,#5073);
#5072=CARTESIAN_POINT('',(1.2,1.575,-0.2));
#5073=VECTOR('',#5074,1.0);
#5074=DIRECTION('',(0.0,1.0,0.0));
#5075=ORIENTED_EDGE('',*,*,#5076,.T.);
#5076=EDGE_CURVE('NONE',#5069,#5077,#5079,.T.);
#5077=VERTEX_POINT('NONE',#5078);
#5078=CARTESIAN_POINT('',(1.2,1.4,0.05));
#5079=CIRCLE('',#5080,0.25);
#5080=AXIS2_PLACEMENT_3D('',#5081,#5082,#5083);
#5081=CARTESIAN_POINT('',(1.2,1.4,-0.2));
#5082=DIRECTION('',(1.0,0.0,0.0));
#5083=DIRECTION('',(0.0,0.0,-1.0));
#5084=ORIENTED_EDGE('',*,*,#5085,.T.);
#5085=EDGE_CURVE('NONE',#5077,#4108,#5086,.F.);
#5086=LINE('',#5087,#5088);
#5087=CARTESIAN_POINT('',(1.2,1.17,0.05));
#5088=VECTOR('',#5089,1.0);
#5089=DIRECTION('',(0.0,1.0,0.0));
#5090=ORIENTED_EDGE('',*,*,#4118,.F.);
#5091=ORIENTED_EDGE('',*,*,#2529,.F.);
#5092=PLANE('',#5093);
#5093=AXIS2_PLACEMENT_3D('',#5094,#5095,#5096);
#5094=CARTESIAN_POINT('',(1.2,1.14,-0.2));
#5095=DIRECTION('',(-1.0,0.0,0.0));
#5096=DIRECTION('',(0.0,0.0,1.0));
#5097=ADVANCED_FACE('NONE',(#5098),#5118,.T.);
#5098=FACE_BOUND('NONE',#5099,.T.);
#5099=EDGE_LOOP('',(#5100,#5101,#5102,#5103,#5111,#5117));
#5100=ORIENTED_EDGE('',*,*,#4085,.F.);
#5101=ORIENTED_EDGE('',*,*,#4107,.F.);
#5102=ORIENTED_EDGE('',*,*,#5085,.F.);
#5103=ORIENTED_EDGE('',*,*,#5104,.T.);
#5104=EDGE_CURVE('NONE',#5077,#5105,#5107,.T.);
#5105=VERTEX_POINT('NONE',#5106);
#5106=CARTESIAN_POINT('',(-1.2,1.4,0.05));
#5107=LINE('',#5108,#5109);
#5108=CARTESIAN_POINT('',(0.0,1.4,0.05));
#5109=VECTOR('',#5110,1.0);
#5110=DIRECTION('',(-1.0,0.0,0.0));
#5111=ORIENTED_EDGE('',*,*,#5112,.T.);
#5112=EDGE_CURVE('NONE',#5105,#4133,#5113,.T.);
#5113=LINE('',#5114,#5115);
#5114=CARTESIAN_POINT('',(-1.2,1.39653,0.05));
#5115=VECTOR('',#5116,1.0);
#5116=DIRECTION('',(0.0,-1.0,0.0));
#5117=ORIENTED_EDGE('',*,*,#4132,.F.);
#5118=PLANE('',#5119);
#5119=AXIS2_PLACEMENT_3D('',#5120,#5121,#5122);
#5120=CARTESIAN_POINT('',(-1.2,0.94,0.05));
#5121=DIRECTION('',(0.0,0.0,1.0));
#5122=DIRECTION('',(1.0,0.0,0.0));
#5123=ADVANCED_FACE('NONE',(#5124),#5145,.F.);
#5124=FACE_BOUND('NONE',#5125,.T.);
#5125=EDGE_LOOP('',(#5126,#5127,#5128,#5129,#5130,#5139));
#5126=ORIENTED_EDGE('',*,*,#4524,.F.);
#5127=ORIENTED_EDGE('',*,*,#2490,.F.);
#5128=ORIENTED_EDGE('',*,*,#4141,.F.);
#5129=ORIENTED_EDGE('',*,*,#5112,.F.);
#5130=ORIENTED_EDGE('',*,*,#5131,.T.);
#5131=EDGE_CURVE('NONE',#5105,#5132,#5134,.T.);
#5132=VERTEX_POINT('NONE',#5133);
#5133=CARTESIAN_POINT('',(-1.2,1.65,-0.200000001));
#5134=CIRCLE('',#5135,0.25);
#5135=AXIS2_PLACEMENT_3D('',#5136,#5137,#5138);
#5136=CARTESIAN_POINT('',(-1.2,1.4,-0.2));
#5137=DIRECTION('',(-1.0,0.0,0.0));
#5138=DIRECTION('',(0.0,0.0,-1.0));
#5139=ORIENTED_EDGE('',*,*,#5140,.T.);
#5140=EDGE_CURVE('NONE',#5132,#4463,#5141,.T.);
#5141=LINE('',#5142,#5143);
#5142=CARTESIAN_POINT('',(-1.2,1.575,-0.2));
#5143=VECTOR('',#5144,1.0);
#5144=DIRECTION('',(0.0,-1.0,0.0));
#5145=PLANE('',#5146);
#5146=AXIS2_PLACEMENT_3D('',#5147,#5148,#5149);
#5147=CARTESIAN_POINT('',(-1.2,1.14,0.05));
#5148=DIRECTION('',(1.0,0.0,0.0));
#5149=DIRECTION('',(0.0,0.0,-1.0));
#5150=ADVANCED_FACE('NONE',(#5151,#5166),#5269,.F.);
#5151=FACE_BOUND('NONE',#5152,.T.);
#5152=EDGE_LOOP('',(#5153,#5154,#5155,#5156,#5157,#5158,#5159,#5160,#5161,#5162,#5163,#5164,#5165));
#5153=ORIENTED_EDGE('',*,*,#4404,.F.);
#5154=ORIENTED_EDGE('',*,*,#4379,.F.);
#5155=ORIENTED_EDGE('',*,*,#4355,.F.);
#5156=ORIENTED_EDGE('',*,*,#4330,.F.);
#5157=ORIENTED_EDGE('',*,*,#4306,.F.);
#5158=ORIENTED_EDGE('',*,*,#4281,.F.);
#5159=ORIENTED_EDGE('',*,*,#4257,.F.);
#5160=ORIENTED_EDGE('',*,*,#4232,.F.);
#5161=ORIENTED_EDGE('',*,*,#4208,.F.);
#5162=ORIENTED_EDGE('',*,*,#4183,.F.);
#5163=ORIENTED_EDGE('',*,*,#118,.F.);
#5164=ORIENTED_EDGE('',*,*,#4167,.F.);
#5165=ORIENTED_EDGE('',*,*,#4428,.F.);
#5166=FACE_BOUND('NONE',#5167,.T.);
#5167=EDGE_LOOP('',(#5168,#5169,#5177,#5186,#5194,#5203,#5211,#5220,#5228,#5237,#5245,#5254,#5262));
#5168=ORIENTED_EDGE('',*,*,#57,.F.);
#5169=ORIENTED_EDGE('',*,*,#5170,.T.);
#5170=EDGE_CURVE('NONE',#58,#5171,#5173,.F.);
#5171=VERTEX_POINT('NONE',#5172);
#5172=CARTESIAN_POINT('',(1.3,1.5,-0.8));
#5173=LINE('',#5174,#5175);
#5174=CARTESIAN_POINT('',(0.0,1.5,-0.799999999));
#5175=VECTOR('',#5176,1.0);
#5176=DIRECTION('',(-1.0,0.0,0.0));
#5177=ORIENTED_EDGE('',*,*,#5178,.T.);
#5178=EDGE_CURVE('NONE',#5171,#5179,#5181,.F.);
#5179=VERTEX_POINT('NONE',#5180);
#5180=CARTESIAN_POINT('',(1.4,1.5,-0.9));
#5181=CIRCLE('',#5182,0.1);
#5182=AXIS2_PLACEMENT_3D('',#5183,#5184,#5185);
#5183=CARTESIAN_POINT('',(1.3,1.5,-0.9));
#5184=DIRECTION('',(0.0,-1.0,0.0));
#5185=DIRECTION('',(0.0,0.0,1.0));
#5186=ORIENTED_EDGE('',*,*,#5187,.T.);
#5187=EDGE_CURVE('NONE',#5179,#5188,#5190,.T.);
#5188=VERTEX_POINT('NONE',#5189);
#5189=CARTESIAN_POINT('',(1.4,1.5,-2.5));
#5190=LINE('',#5191,#5192);
#5191=CARTESIAN_POINT('',(1.4,1.5,-1.7));
#5192=VECTOR('',#5193,1.0);
#5193=DIRECTION('',(0.0,0.0,-1.0));
#5194=ORIENTED_EDGE('',*,*,#5195,.T.);
#5195=EDGE_CURVE('NONE',#5188,#5196,#5198,.F.);
#5196=VERTEX_POINT('NONE',#5197);
#5197=CARTESIAN_POINT('',(1.3,1.5,-2.6));
#5198=CIRCLE('',#5199,0.1);
#5199=AXIS2_PLACEMENT_3D('',#5200,#5201,#5202);
#5200=CARTESIAN_POINT('',(1.3,1.5,-2.5));
#5201=DIRECTION('',(0.0,-1.0,0.0));
#5202=DIRECTION('',(0.0,0.0,1.0));
#5203=ORIENTED_EDGE('',*,*,#5204,.T.);
#5204=EDGE_CURVE('NONE',#5196,#5205,#5207,.T.);
#5205=VERTEX_POINT('NONE',#5206);
#5206=CARTESIAN_POINT('',(0.793725393,1.5,-2.6));
#5207=LINE('',#5208,#5209);
#5208=CARTESIAN_POINT('',(1.046862697,1.5,-2.6));
#5209=VECTOR('',#5210,1.0);
#5210=DIRECTION('',(-1.0,0.0,0.0));
#5211=ORIENTED_EDGE('',*,*,#5212,.T.);
#5212=EDGE_CURVE('NONE',#5205,#5213,#5215,.F.);
#5213=VERTEX_POINT('NONE',#5214);
#5214=CARTESIAN_POINT('',(-0.793725393,1.5,-2.6));
#5215=CIRCLE('',#5216,1.2);
#5216=AXIS2_PLACEMENT_3D('',#5217,#5218,#5219);
#5217=CARTESIAN_POINT('',(0.0,1.5,-1.7));
#5218=DIRECTION('',(0.0,-1.0,0.0));
#5219=DIRECTION('',(1.776356839E-15,0.0,1.0));
#5220=ORIENTED_EDGE('',*,*,#5221,.T.);
#5221=EDGE_CURVE('NONE',#5213,#5222,#5224,.F.);
#5222=VERTEX_POINT('NONE',#5223);
#5223=CARTESIAN_POINT('',(-1.3,1.5,-2.6));
#5224=LINE('',#5225,#5226);
#5225=CARTESIAN_POINT('',(0.0,1.5,-2.600000001));
#5226=VECTOR('',#5227,1.0);
#5227=DIRECTION('',(1.0,0.0,0.0));
#5228=ORIENTED_EDGE('',*,*,#5229,.T.);
#5229=EDGE_CURVE('NONE',#5222,#5230,#5232,.F.);
#5230=VERTEX_POINT('NONE',#5231);
#5231=CARTESIAN_POINT('',(-1.4,1.5,-2.5));
#5232=CIRCLE('',#5233,0.1);
#5233=AXIS2_PLACEMENT_3D('',#5234,#5235,#5236);
#5234=CARTESIAN_POINT('',(-1.3,1.5,-2.5));
#5235=DIRECTION('',(0.0,-1.0,0.0));
#5236=DIRECTION('',(0.0,0.0,1.0));
#5237=ORIENTED_EDGE('',*,*,#5238,.T.);
#5238=EDGE_CURVE('NONE',#5230,#5239,#5241,.F.);
#5239=VERTEX_POINT('NONE',#5240);
#5240=CARTESIAN_POINT('',(-1.4,1.5,-0.9));
#5241=LINE('',#5242,#5243);
#5242=CARTESIAN_POINT('',(-1.4,1.5,-1.7));
#5243=VECTOR('',#5244,1.0);
#5244=DIRECTION('',(0.0,0.0,-1.0));
#5245=ORIENTED_EDGE('',*,*,#5246,.T.);
#5246=EDGE_CURVE('NONE',#5239,#5247,#5249,.F.);
#5247=VERTEX_POINT('NONE',#5248);
#5248=CARTESIAN_POINT('',(-1.3,1.5,-0.8));
#5249=CIRCLE('',#5250,0.1);
#5250=AXIS2_PLACEMENT_3D('',#5251,#5252,#5253);
#5251=CARTESIAN_POINT('',(-1.3,1.5,-0.9));
#5252=DIRECTION('',(0.0,-1.0,0.0));
#5253=DIRECTION('',(0.0,0.0,1.0));
#5254=ORIENTED_EDGE('',*,*,#5255,.T.);
#5255=EDGE_CURVE('NONE',#5247,#5256,#5258,.F.);
#5256=VERTEX_POINT('NONE',#5257);
#5257=CARTESIAN_POINT('',(-0.793725393,1.5,-0.8));
#5258=LINE('',#5259,#5260);
#5259=CARTESIAN_POINT('',(0.0,1.5,-0.799999999));
#5260=VECTOR('',#5261,1.0);
#5261=DIRECTION('',(-1.0,0.0,0.0));
#5262=ORIENTED_EDGE('',*,*,#5263,.T.);
#5263=EDGE_CURVE('NONE',#5256,#60,#5264,.F.);
#5264=CIRCLE('',#5265,1.2);
#5265=AXIS2_PLACEMENT_3D('',#5266,#5267,#5268);
#5266=CARTESIAN_POINT('',(0.0,1.5,-1.7));
#5267=DIRECTION('',(0.0,-1.0,0.0));
#5268=DIRECTION('',(0.0,0.0,1.0));
#5269=PLANE('',#5270);
#5270=AXIS2_PLACEMENT_3D('',#5271,#5272,#5273);
#5271=CARTESIAN_POINT('',(-1.4,1.5,-0.4856));
#5272=DIRECTION('',(0.0,-1.0,0.0));
#5273=DIRECTION('',(0.0,0.0,-1.0));
#5274=ADVANCED_FACE('NONE',(#5275),#5286,.T.);
#5275=FACE_BOUND('NONE',#5276,.T.);
#5276=EDGE_LOOP('',(#5277,#5278,#5284,#5285));
#5277=ORIENTED_EDGE('',*,*,#975,.F.);
#5278=ORIENTED_EDGE('',*,*,#5279,.T.);
#5279=EDGE_CURVE('NONE',#968,#920,#5280,.F.);
#5280=LINE('',#5281,#5282);
#5281=CARTESIAN_POINT('',(-2.997547496,0.84741533,-2.75));
#5282=VECTOR('',#5283,1.0);
#5283=DIRECTION('',(-0.999405999,0.034462273,0.0));
#5284=ORIENTED_EDGE('',*,*,#919,.F.);
#5285=ORIENTED_EDGE('',*,*,#4445,.F.);
#5286=PLANE('',#5287);
#5287=AXIS2_PLACEMENT_3D('',#5288,#5289,#5290);
#5288=CARTESIAN_POINT('',(-2.921648688,0.636578093,-2.75));
#5289=DIRECTION('',(0.0,0.0,-1.0));
#5290=DIRECTION('',(-1.0,0.0,0.0));
#5291=ADVANCED_FACE('NONE',(#5292),#5310,.F.);
#5292=FACE_BOUND('NONE',#5293,.T.);
#5293=EDGE_LOOP('',(#5294,#5295,#5303,#5309));
#5294=ORIENTED_EDGE('',*,*,#5140,.F.);
#5295=ORIENTED_EDGE('',*,*,#5296,.T.);
#5296=EDGE_CURVE('NONE',#5132,#5297,#5299,.T.);
#5297=VERTEX_POINT('NONE',#5298);
#5298=CARTESIAN_POINT('',(-1.575,1.65,-0.200000001));
#5299=LINE('',#5300,#5301);
#5300=CARTESIAN_POINT('',(0.0,1.65,-0.200000002));
#5301=VECTOR('',#5302,1.0);
#5302=DIRECTION('',(-1.0,0.0,0.0));
#5303=ORIENTED_EDGE('',*,*,#5304,.T.);
#5304=EDGE_CURVE('NONE',#5297,#4465,#5305,.T.);
#5305=LINE('',#5306,#5307);
#5306=CARTESIAN_POINT('',(-1.575,1.575,-0.2));
#5307=VECTOR('',#5308,1.0);
#5308=DIRECTION('',(0.0,-1.0,0.0));
#5309=ORIENTED_EDGE('',*,*,#4462,.F.);
#5310=PLANE('',#5311);
#5311=AXIS2_PLACEMENT_3D('',#5312,#5313,#5314);
#5312=CARTESIAN_POINT('',(-1.2,1.5,-0.2));
#5313=DIRECTION('',(0.0,0.0,-1.0));
#5314=DIRECTION('',(-1.0,0.0,0.0));
#5315=ADVANCED_FACE('NONE',(#5316),#5334,.F.);
#5316=FACE_BOUND('NONE',#5317,.T.);
#5317=EDGE_LOOP('',(#5318,#5319,#5327,#5333));
#5318=ORIENTED_EDGE('',*,*,#5304,.F.);
#5319=ORIENTED_EDGE('',*,*,#5320,.T.);
#5320=EDGE_CURVE('NONE',#5297,#5321,#5323,.T.);
#5321=VERTEX_POINT('NONE',#5322);
#5322=CARTESIAN_POINT('',(-1.575,1.65,-0.1));
#5323=LINE('',#5324,#5325);
#5324=CARTESIAN_POINT('',(-1.575,1.65,-1.65));
#5325=VECTOR('',#5326,1.0);
#5326=DIRECTION('',(0.0,0.0,1.0));
#5327=ORIENTED_EDGE('',*,*,#5328,.T.);
#5328=EDGE_CURVE('NONE',#5321,#4473,#5329,.T.);
#5329=LINE('',#5330,#5331);
#5330=CARTESIAN_POINT('',(-1.575,1.575,-0.1));
#5331=VECTOR('',#5332,1.0);
#5332=DIRECTION('',(0.0,-1.0,0.0));
#5333=ORIENTED_EDGE('',*,*,#4472,.F.);
#5334=PLANE('',#5335);
#5335=AXIS2_PLACEMENT_3D('',#5336,#5337,#5338);
#5336=CARTESIAN_POINT('',(-1.575,1.5,-0.2));
#5337=DIRECTION('',(-1.0,0.0,0.0));
#5338=DIRECTION('',(0.0,0.0,1.0));
#5339=ADVANCED_FACE('NONE',(#5340),#5358,.F.);
#5340=FACE_BOUND('NONE',#5341,.T.);
#5341=EDGE_LOOP('',(#5342,#5343,#5351,#5357));
#5342=ORIENTED_EDGE('',*,*,#5328,.F.);
#5343=ORIENTED_EDGE('',*,*,#5344,.T.);
#5344=EDGE_CURVE('NONE',#5321,#5345,#5347,.T.);
#5345=VERTEX_POINT('NONE',#5346);
#5346=CARTESIAN_POINT('',(-1.974999998,1.65,-0.1));
#5347=LINE('',#5348,#5349);
#5348=CARTESIAN_POINT('',(0.0,1.65,-0.1));
#5349=VECTOR('',#5350,1.0);
#5350=DIRECTION('',(-1.0,0.0,0.0));
#5351=ORIENTED_EDGE('',*,*,#5352,.T.);
#5352=EDGE_CURVE('NONE',#5345,#4481,#5353,.T.);
#5353=LINE('',#5354,#5355);
#5354=CARTESIAN_POINT('',(-1.975,1.575,-0.1));
#5355=VECTOR('',#5356,1.0);
#5356=DIRECTION('',(0.0,-1.0,0.0));
#5357=ORIENTED_EDGE('',*,*,#4480,.F.);
#5358=PLANE('',#5359);
#5359=AXIS2_PLACEMENT_3D('',#5360,#5361,#5362);
#5360=CARTESIAN_POINT('',(-1.575,1.5,-0.1));
#5361=DIRECTION('',(0.0,0.0,-1.0));
#5362=DIRECTION('',(-1.0,0.0,0.0));
#5363=ADVANCED_FACE('NONE',(#5364),#5382,.F.);
#5364=FACE_BOUND('NONE',#5365,.T.);
#5365=EDGE_LOOP('',(#5366,#5367,#5375,#5381));
#5366=ORIENTED_EDGE('',*,*,#5352,.F.);
#5367=ORIENTED_EDGE('',*,*,#5368,.T.);
#5368=EDGE_CURVE('NONE',#5345,#5369,#5371,.T.);
#5369=VERTEX_POINT('NONE',#5370);
#5370=CARTESIAN_POINT('',(-1.974999998,1.65,-0.200000001));
#5371=LINE('',#5372,#5373);
#5372=CARTESIAN_POINT('',(-1.974999998,1.65,-1.65));
#5373=VECTOR('',#5374,1.0);
#5374=DIRECTION('',(0.0,0.0,-1.0));
#5375=ORIENTED_EDGE('',*,*,#5376,.T.);
#5376=EDGE_CURVE('NONE',#5369,#4489,#5377,.T.);
#5377=LINE('',#5378,#5379);
#5378=CARTESIAN_POINT('',(-1.975,1.575,-0.2));
#5379=VECTOR('',#5380,1.0);
#5380=DIRECTION('',(0.0,-1.0,0.0));
#5381=ORIENTED_EDGE('',*,*,#4488,.F.);
#5382=PLANE('',#5383);
#5383=AXIS2_PLACEMENT_3D('',#5384,#5385,#5386);
#5384=CARTESIAN_POINT('',(-1.975,1.5,-0.1));
#5385=DIRECTION('',(1.0,0.0,0.0));
#5386=DIRECTION('',(0.0,0.0,-1.0));
#5387=ADVANCED_FACE('NONE',(#5388),#5406,.F.);
#5388=FACE_BOUND('NONE',#5389,.T.);
#5389=EDGE_LOOP('',(#5390,#5391,#5399,#5405));
#5390=ORIENTED_EDGE('',*,*,#5376,.F.);
#5391=ORIENTED_EDGE('',*,*,#5392,.T.);
#5392=EDGE_CURVE('NONE',#5369,#5393,#5395,.T.);
#5393=VERTEX_POINT('NONE',#5394);
#5394=CARTESIAN_POINT('',(-2.149999998,1.65,-0.200000001));
#5395=LINE('',#5396,#5397);
#5396=CARTESIAN_POINT('',(0.0,1.65,-0.200000002));
#5397=VECTOR('',#5398,1.0);
#5398=DIRECTION('',(-1.0,0.0,0.0));
#5399=ORIENTED_EDGE('',*,*,#5400,.T.);
#5400=EDGE_CURVE('NONE',#5393,#4497,#5401,.T.);
#5401=LINE('',#5402,#5403);
#5402=CARTESIAN_POINT('',(-2.15,1.575,-0.2));
#5403=VECTOR('',#5404,1.0);
#5404=DIRECTION('',(0.0,-1.0,0.0));
#5405=ORIENTED_EDGE('',*,*,#4496,.F.);
#5406=PLANE('',#5407);
#5407=AXIS2_PLACEMENT_3D('',#5408,#5409,#5410);
#5408=CARTESIAN_POINT('',(-1.975,1.5,-0.2));
#5409=DIRECTION('',(0.0,0.0,-1.0));
#5410=DIRECTION('',(-1.0,0.0,0.0));
#5411=ADVANCED_FACE('NONE',(#5412),#5431,.F.);
#5412=FACE_BOUND('NONE',#5413,.T.);
#5413=EDGE_LOOP('',(#5414,#5415,#5416,#5417,#5425));
#5414=ORIENTED_EDGE('',*,*,#4579,.F.);
#5415=ORIENTED_EDGE('',*,*,#4504,.F.);
#5416=ORIENTED_EDGE('',*,*,#5400,.F.);
#5417=ORIENTED_EDGE('',*,*,#5418,.T.);
#5418=EDGE_CURVE('NONE',#5393,#5419,#5421,.T.);
#5419=VERTEX_POINT('NONE',#5420);
#5420=CARTESIAN_POINT('',(-2.149999999,1.65,-0.65));
#5421=LINE('',#5422,#5423);
#5422=CARTESIAN_POINT('',(-2.149999998,1.65,-1.65));
#5423=VECTOR('',#5424,1.0);
#5424=DIRECTION('',(0.0,0.0,-1.0));
#5425=ORIENTED_EDGE('',*,*,#5426,.T.);
#5426=EDGE_CURVE('NONE',#5419,#4580,#5427,.F.);
#5427=LINE('',#5428,#5429);
#5428=CARTESIAN_POINT('',(-2.15,1.643258836,-0.650545608));
#5429=VECTOR('',#5430,1.0);
#5430=DIRECTION('',(0.0,0.996740633,0.080672864));
#5431=PLANE('',#5432);
#5432=AXIS2_PLACEMENT_3D('',#5433,#5434,#5435);
#5433=CARTESIAN_POINT('',(-2.15,1.5,-0.2));
#5434=DIRECTION('',(1.0,0.0,0.0));
#5435=DIRECTION('',(0.0,0.0,-1.0));
#5436=ADVANCED_FACE('NONE',(#5437),#5455,.T.);
#5437=FACE_BOUND('NONE',#5438,.T.);
#5438=EDGE_LOOP('',(#5439,#5447,#5454));
#5439=ORIENTED_EDGE('',*,*,#5440,.T.);
#5440=EDGE_CURVE('NONE',#5419,#5441,#5443,.T.);
#5441=VERTEX_POINT('NONE',#5442);
#5442=CARTESIAN_POINT('',(-2.060933811,1.65,-0.649453885));
#5443=LINE('',#5444,#5445);
#5444=CARTESIAN_POINT('',(-2.149999998,1.65,-0.65));
#5445=VECTOR('',#5446,1.0);
#5446=DIRECTION('',(0.999981203,-1.349618858E-10,0.006131446));
#5447=ORIENTED_EDGE('',*,*,#5448,.T.);
#5448=EDGE_CURVE('NONE',#5441,#4580,#5449,.T.);
#5449=(BOUNDED_CURVE()B_SPLINE_CURVE(3,(#5450,#5451,#5452,#5453),.UNSPECIFIED.,.F.,.U.)B_SPLINE_CURVE_WITH_KNOTS((4,4),(3.217205742,3.518637061),.PIECEWISE_BEZIER_KNOTS.)CURVE()GEOMETRIC_REPRESENTATION_ITEM()RATIONAL_B_SPLINE_CURVE((1.0,0.992442585,0.992442585,1.0))REPRESENTATION_ITEM(''));
#5450=CARTESIAN_POINT('',(-2.060933811,1.65,-0.649453885));
#5451=CARTESIAN_POINT('',(-2.091191626,1.65,-0.649639413));
#5452=CARTESIAN_POINT('',(-2.121106434,1.645456919,-0.650190539));
#5453=CARTESIAN_POINT('',(-2.15,1.636473758,-0.651094769));
#5454=ORIENTED_EDGE('',*,*,#5426,.F.);
#5455=PLANE('',#5456);
#5456=AXIS2_PLACEMENT_3D('',#5457,#5458,#5459);
#5457=CARTESIAN_POINT('',(-2.150896006,1.636392779,-0.651106817));
#5458=DIRECTION('',(0.006111462,0.080671357,-0.996722019));
#5459=DIRECTION('',(-2.168404345E-19,0.996740633,0.080672864));
#5460=ADVANCED_FACE('NONE',(#5461),#5482,.T.);
#5461=FACE_BOUND('NONE',#5462,.T.);
#5462=EDGE_LOOP('',(#5463,#5464,#5472,#5479,#5480,#5481));
#5463=ORIENTED_EDGE('',*,*,#5448,.F.);
#5464=ORIENTED_EDGE('',*,*,#5465,.T.);
#5465=EDGE_CURVE('NONE',#5441,#5466,#5468,.T.);
#5466=VERTEX_POINT('NONE',#5467);
#5467=CARTESIAN_POINT('',(-2.060933811,1.65,-1.679999999));
#5468=LINE('',#5469,#5470);
#5469=CARTESIAN_POINT('',(-2.060933812,1.65,-1.65));
#5470=VECTOR('',#5471,1.0);
#5471=DIRECTION('',(0.0,0.0,-1.0));
#5472=ORIENTED_EDGE('',*,*,#5473,.T.);
#5473=EDGE_CURVE('NONE',#5466,#4652,#5474,.F.);
#5474=CIRCLE('',#5475,0.3);
#5475=AXIS2_PLACEMENT_3D('',#5476,#5477,#5478);
#5476=CARTESIAN_POINT('',(-2.060933811,1.35,-1.68));
#5477=DIRECTION('',(0.0,1.807003621E-16,-1.0));
#5478=DIRECTION('',(0.0,1.0,1.807003621E-16));
#5479=ORIENTED_EDGE('',*,*,#4651,.F.);
#5480=ORIENTED_EDGE('',*,*,#4547,.F.);
#5481=ORIENTED_EDGE('',*,*,#4587,.F.);
#5482=CYLINDRICAL_SURFACE('',#5483,0.3);
#5483=AXIS2_PLACEMENT_3D('',#5484,#5485,#5486);
#5484=CARTESIAN_POINT('',(-2.060933811,1.35,-0.643270608));
#5485=DIRECTION('',(0.0,1.807003621E-16,-1.0));
#5486=DIRECTION('',(0.0,1.0,1.807003621E-16));
#5487=ADVANCED_FACE('NONE',(#5488),#5505,.T.);
#5488=FACE_BOUND('NONE',#5489,.T.);
#5489=EDGE_LOOP('',(#5490,#5491,#5499));
#5490=ORIENTED_EDGE('',*,*,#5473,.F.);
#5491=ORIENTED_EDGE('',*,*,#5492,.T.);
#5492=EDGE_CURVE('NONE',#5466,#5493,#5495,.T.);
#5493=VERTEX_POINT('NONE',#5494);
#5494=CARTESIAN_POINT('',(-2.1,1.65,-1.679999999));
#5495=LINE('',#5496,#5497);
#5496=CARTESIAN_POINT('',(0.0,1.65,-1.679999999));
#5497=VECTOR('',#5498,1.0);
#5498=DIRECTION('',(-1.0,0.0,0.0));
#5499=ORIENTED_EDGE('',*,*,#5500,.T.);
#5500=EDGE_CURVE('NONE',#5493,#4652,#5501,.F.);
#5501=LINE('',#5502,#5503);
#5502=CARTESIAN_POINT('',(-2.1,1.265,-1.68));
#5503=VECTOR('',#5504,1.0);
#5504=DIRECTION('',(0.0,1.0,0.0));
#5505=PLANE('',#5506);
#5506=AXIS2_PLACEMENT_3D('',#5507,#5508,#5509);
#5507=CARTESIAN_POINT('',(-2.1,1.647430186,-1.68));
#5508=DIRECTION('',(0.0,0.0,1.0));
#5509=DIRECTION('',(1.0,0.0,0.0));
#5510=ADVANCED_FACE('NONE',(#5511),#5527,.T.);
#5511=FACE_BOUND('NONE',#5512,.T.);
#5512=EDGE_LOOP('',(#5513,#5514,#5515,#5516,#5517,#5518,#5524,#5525,#5526));
#5513=ORIENTED_EDGE('',*,*,#4731,.F.);
#5514=ORIENTED_EDGE('',*,*,#4749,.F.);
#5515=ORIENTED_EDGE('',*,*,#4612,.F.);
#5516=ORIENTED_EDGE('',*,*,#4660,.F.);
#5517=ORIENTED_EDGE('',*,*,#5500,.F.);
#5518=ORIENTED_EDGE('',*,*,#5519,.T.);
#5519=EDGE_CURVE('NONE',#5493,#1040,#5520,.T.);
#5520=LINE('',#5521,#5522);
#5521=CARTESIAN_POINT('',(-2.1,1.65,-1.65));
#5522=VECTOR('',#5523,1.0);
#5523=DIRECTION('',(0.0,0.0,-1.0));
#5524=ORIENTED_EDGE('',*,*,#1039,.F.);
#5525=ORIENTED_EDGE('',*,*,#4683,.F.);
#5526=ORIENTED_EDGE('',*,*,#4707,.F.);
#5527=PLANE('',#5528);
#5528=AXIS2_PLACEMENT_3D('',#5529,#5530,#5531);
#5529=CARTESIAN_POINT('',(-2.1,0.88,-2.1));
#5530=DIRECTION('',(-1.0,0.0,0.0));
#5531=DIRECTION('',(0.0,0.0,1.0));
#5532=ADVANCED_FACE('NONE',(#5533),#5556,.T.);
#5533=FACE_BOUND('NONE',#5534,.T.);
#5534=EDGE_LOOP('',(#5535,#5543,#5544,#5545,#5546,#5547,#5548,#5549,#5550));
#5535=ORIENTED_EDGE('',*,*,#5536,.T.);
#5536=EDGE_CURVE('NONE',#5537,#4898,#5539,.F.);
#5537=VERTEX_POINT('NONE',#5538);
#5538=CARTESIAN_POINT('',(2.1,1.65,-1.679999999));
#5539=LINE('',#5540,#5541);
#5540=CARTESIAN_POINT('',(2.1,1.648715093,-1.68));
#5541=VECTOR('',#5542,1.0);
#5542=DIRECTION('',(0.0,1.0,0.0));
#5543=ORIENTED_EDGE('',*,*,#4917,.F.);
#5544=ORIENTED_EDGE('',*,*,#4783,.F.);
#5545=ORIENTED_EDGE('',*,*,#4816,.F.);
#5546=ORIENTED_EDGE('',*,*,#4839,.F.);
#5547=ORIENTED_EDGE('',*,*,#4856,.F.);
#5548=ORIENTED_EDGE('',*,*,#4883,.F.);
#5549=ORIENTED_EDGE('',*,*,#634,.F.);
#5550=ORIENTED_EDGE('',*,*,#5551,.T.);
#5551=EDGE_CURVE('NONE',#627,#5537,#5552,.T.);
#5552=LINE('',#5553,#5554);
#5553=CARTESIAN_POINT('',(2.1,1.65,-1.65));
#5554=VECTOR('',#5555,1.0);
#5555=DIRECTION('',(0.0,0.0,1.0));
#5556=PLANE('',#5557);
#5557=AXIS2_PLACEMENT_3D('',#5558,#5559,#5560);
#5558=CARTESIAN_POINT('',(2.1,0.88,-0.9));
#5559=DIRECTION('',(1.0,0.0,0.0));
#5560=DIRECTION('',(0.0,0.0,-1.0));
#5561=ADVANCED_FACE('NONE',(#5562),#5580,.T.);
#5562=FACE_BOUND('NONE',#5563,.T.);
#5563=EDGE_LOOP('',(#5564,#5572,#5579));
#5564=ORIENTED_EDGE('',*,*,#5565,.T.);
#5565=EDGE_CURVE('NONE',#5537,#5566,#5568,.T.);
#5566=VERTEX_POINT('NONE',#5567);
#5567=CARTESIAN_POINT('',(2.060933812,1.65,-1.679999999));
#5568=LINE('',#5569,#5570);
#5569=CARTESIAN_POINT('',(0.0,1.65,-1.679999999));
#5570=VECTOR('',#5571,1.0);
#5571=DIRECTION('',(-1.0,0.0,0.0));
#5572=ORIENTED_EDGE('',*,*,#5573,.T.);
#5573=EDGE_CURVE('NONE',#5566,#4898,#5574,.T.);
#5574=CIRCLE('',#5575,0.3);
#5575=AXIS2_PLACEMENT_3D('',#5576,#5577,#5578);
#5576=CARTESIAN_POINT('',(2.060933811,1.35,-1.68));
#5577=DIRECTION('',(0.0,0.0,-1.0));
#5578=DIRECTION('',(-1.0,0.0,0.0));
#5579=ORIENTED_EDGE('',*,*,#5536,.F.);
#5580=PLANE('',#5581);
#5581=AXIS2_PLACEMENT_3D('',#5582,#5583,#5584);
#5582=CARTESIAN_POINT('',(2.060699414,1.647430186,-1.68));
#5583=DIRECTION('',(0.0,0.0,1.0));
#5584=DIRECTION('',(1.0,0.0,0.0));
#5585=ADVANCED_FACE('NONE',(#5586),#5615,.T.);
#5586=FACE_BOUND('NONE',#5587,.T.);
#5587=EDGE_LOOP('',(#5588,#5589,#5590,#5591,#5599,#5608,#5614));
#5588=ORIENTED_EDGE('',*,*,#4934,.F.);
#5589=ORIENTED_EDGE('',*,*,#4897,.F.);
#5590=ORIENTED_EDGE('',*,*,#5573,.F.);
#5591=ORIENTED_EDGE('',*,*,#5592,.T.);
#5592=EDGE_CURVE('NONE',#5566,#5593,#5595,.T.);
#5593=VERTEX_POINT('NONE',#5594);
#5594=CARTESIAN_POINT('',(2.060933811,1.65,-0.624180372));
#5595=LINE('',#5596,#5597);
#5596=CARTESIAN_POINT('',(2.060933812,1.65,-1.65));
#5597=VECTOR('',#5598,1.0);
#5598=DIRECTION('',(0.0,0.0,1.0));
#5599=ORIENTED_EDGE('',*,*,#5600,.T.);
#5600=EDGE_CURVE('NONE',#5593,#5601,#5603,.F.);
#5601=VERTEX_POINT('NONE',#5602);
#5602=CARTESIAN_POINT('',(2.15,1.636473758,-0.624729026));
#5603=(BOUNDED_CURVE()B_SPLINE_CURVE(3,(#5604,#5605,#5606,#5607),.UNSPECIFIED.,.F.,.U.)B_SPLINE_CURVE_WITH_KNOTS((4,4),(2.91577443,3.217205751),.PIECEWISE_BEZIER_KNOTS.)CURVE()GEOMETRIC_REPRESENTATION_ITEM()RATIONAL_B_SPLINE_CURVE((1.0,0.992442585,0.992442585,1.0))REPRESENTATION_ITEM(''));
#5604=CARTESIAN_POINT('',(2.15,1.636473758,-0.624729026));
#5605=CARTESIAN_POINT('',(2.121106434,1.645456919,-0.624179122));
#5606=CARTESIAN_POINT('',(2.091191626,1.65,-0.623994845));
#5607=CARTESIAN_POINT('',(2.060933811,1.65,-0.624180372));
#5608=ORIENTED_EDGE('',*,*,#5609,.T.);
#5609=EDGE_CURVE('NONE',#5601,#4968,#5610,.T.);
#5610=LINE('',#5611,#5612);
#5611=CARTESIAN_POINT('',(2.15,1.636473758,-0.431070253));
#5612=VECTOR('',#5613,1.0);
#5613=DIRECTION('',(0.0,0.0,-1.0));
#5614=ORIENTED_EDGE('',*,*,#4967,.F.);
#5615=CYLINDRICAL_SURFACE('',#5616,0.3);
#5616=AXIS2_PLACEMENT_3D('',#5617,#5618,#5619);
#5617=CARTESIAN_POINT('',(2.060933811,1.35,-0.61777546));
#5618=DIRECTION('',(0.0,0.0,-1.0));
#5619=DIRECTION('',(-1.0,0.0,0.0));
#5620=ADVANCED_FACE('NONE',(#5621),#5638,.T.);
#5621=FACE_BOUND('NONE',#5622,.T.);
#5622=EDGE_LOOP('',(#5623,#5624,#5632));
#5623=ORIENTED_EDGE('',*,*,#5600,.F.);
#5624=ORIENTED_EDGE('',*,*,#5625,.T.);
#5625=EDGE_CURVE('NONE',#5593,#5626,#5628,.T.);
#5626=VERTEX_POINT('NONE',#5627);
#5627=CARTESIAN_POINT('',(2.149999999,1.65,-0.623634258));
#5628=LINE('',#5629,#5630);
#5629=CARTESIAN_POINT('',(2.060933812,1.65,-0.624180372));
#5630=VECTOR('',#5631,1.0);
#5631=DIRECTION('',(0.999981203,2.664068161E-09,0.006131446));
#5632=ORIENTED_EDGE('',*,*,#5633,.T.);
#5633=EDGE_CURVE('NONE',#5626,#5601,#5634,.T.);
#5634=LINE('',#5635,#5636);
#5635=CARTESIAN_POINT('',(2.15,1.6363926,-0.624735595));
#5636=VECTOR('',#5637,1.0);
#5637=DIRECTION('',(0.0,-0.996740634,-0.080672852));
#5638=PLANE('',#5639);
#5639=AXIS2_PLACEMENT_3D('',#5640,#5641,#5642);
#5640=CARTESIAN_POINT('',(2.060399414,1.636436777,-0.625281411));
#5641=DIRECTION('',(0.006111462,0.080671345,-0.996722019));
#5642=DIRECTION('',(-3.252606517E-19,0.996740634,0.080672852));
#5643=ADVANCED_FACE('NONE',(#5644),#5664,.F.);
#5644=FACE_BOUND('NONE',#5645,.T.);
#5645=EDGE_LOOP('',(#5646,#5647,#5648,#5656,#5662,#5663));
#5646=ORIENTED_EDGE('',*,*,#5609,.F.);
#5647=ORIENTED_EDGE('',*,*,#5633,.F.);
#5648=ORIENTED_EDGE('',*,*,#5649,.T.);
#5649=EDGE_CURVE('NONE',#5626,#5650,#5652,.T.);
#5650=VERTEX_POINT('NONE',#5651);
#5651=CARTESIAN_POINT('',(2.149999999,1.65,-0.2));
#5652=LINE('',#5653,#5654);
#5653=CARTESIAN_POINT('',(2.149999998,1.65,-1.65));
#5654=VECTOR('',#5655,1.0);
#5655=DIRECTION('',(0.0,0.0,1.0));
#5656=ORIENTED_EDGE('',*,*,#5657,.T.);
#5657=EDGE_CURVE('NONE',#5650,#5022,#5658,.T.);
#5658=LINE('',#5659,#5660);
#5659=CARTESIAN_POINT('',(2.15,1.575,-0.2));
#5660=VECTOR('',#5661,1.0);
#5661=DIRECTION('',(0.0,-1.0,0.0));
#5662=ORIENTED_EDGE('',*,*,#5021,.F.);
#5663=ORIENTED_EDGE('',*,*,#4976,.F.);
#5664=PLANE('',#5665);
#5665=AXIS2_PLACEMENT_3D('',#5666,#5667,#5668);
#5666=CARTESIAN_POINT('',(2.15,1.5,-0.662140505));
#5667=DIRECTION('',(-1.0,0.0,0.0));
#5668=DIRECTION('',(0.0,0.0,1.0));
#5669=ADVANCED_FACE('NONE',(#5670),#5688,.F.);
#5670=FACE_BOUND('NONE',#5671,.T.);
#5671=EDGE_LOOP('',(#5672,#5673,#5681,#5687));
#5672=ORIENTED_EDGE('',*,*,#5657,.F.);
#5673=ORIENTED_EDGE('',*,*,#5674,.T.);
#5674=EDGE_CURVE('NONE',#5650,#5675,#5677,.T.);
#5675=VERTEX_POINT('NONE',#5676);
#5676=CARTESIAN_POINT('',(1.974999999,1.65,-0.2));
#5677=LINE('',#5678,#5679);
#5678=CARTESIAN_POINT('',(0.0,1.65,-0.200000002));
#5679=VECTOR('',#5680,1.0);
#5680=DIRECTION('',(-1.0,0.0,0.0));
#5681=ORIENTED_EDGE('',*,*,#5682,.T.);
#5682=EDGE_CURVE('NONE',#5675,#5030,#5683,.T.);
#5683=LINE('',#5684,#5685);
#5684=CARTESIAN_POINT('',(1.975,1.575,-0.2));
#5685=VECTOR('',#5686,1.0);
#5686=DIRECTION('',(0.0,-1.0,0.0));
#5687=ORIENTED_EDGE('',*,*,#5029,.F.);
#5688=PLANE('',#5689);
#5689=AXIS2_PLACEMENT_3D('',#5690,#5691,#5692);
#5690=CARTESIAN_POINT('',(2.15,1.5,-0.2));
#5691=DIRECTION('',(0.0,0.0,-1.0));
#5692=DIRECTION('',(-1.0,0.0,0.0));
#5693=ADVANCED_FACE('NONE',(#5694),#5712,.F.);
#5694=FACE_BOUND('NONE',#5695,.T.);
#5695=EDGE_LOOP('',(#5696,#5697,#5705,#5711));
#5696=ORIENTED_EDGE('',*,*,#5682,.F.);
#5697=ORIENTED_EDGE('',*,*,#5698,.T.);
#5698=EDGE_CURVE('NONE',#5675,#5699,#5701,.T.);
#5699=VERTEX_POINT('NONE',#5700);
#5700=CARTESIAN_POINT('',(1.974999999,1.65,-0.1));
#5701=LINE('',#5702,#5703);
#5702=CARTESIAN_POINT('',(1.974999998,1.65,-1.65));
#5703=VECTOR('',#5704,1.0);
#5704=DIRECTION('',(0.0,0.0,1.0));
#5705=ORIENTED_EDGE('',*,*,#5706,.T.);
#5706=EDGE_CURVE('NONE',#5699,#5038,#5707,.T.);
#5707=LINE('',#5708,#5709);
#5708=CARTESIAN_POINT('',(1.975,1.575,-0.1));
#5709=VECTOR('',#5710,1.0);
#5710=DIRECTION('',(0.0,-1.0,0.0));
#5711=ORIENTED_EDGE('',*,*,#5037,.F.);
#5712=PLANE('',#5713);
#5713=AXIS2_PLACEMENT_3D('',#5714,#5715,#5716);
#5714=CARTESIAN_POINT('',(1.975,1.5,-0.2));
#5715=DIRECTION('',(-1.0,0.0,0.0));
#5716=DIRECTION('',(0.0,0.0,1.0));
#5717=ADVANCED_FACE('NONE',(#5718),#5736,.F.);
#5718=FACE_BOUND('NONE',#5719,.T.);
#5719=EDGE_LOOP('',(#5720,#5721,#5729,#5735));
#5720=ORIENTED_EDGE('',*,*,#5706,.F.);
#5721=ORIENTED_EDGE('',*,*,#5722,.T.);
#5722=EDGE_CURVE('NONE',#5699,#5723,#5725,.T.);
#5723=VERTEX_POINT('NONE',#5724);
#5724=CARTESIAN_POINT('',(1.575,1.65,-0.1));
#5725=LINE('',#5726,#5727);
#5726=CARTESIAN_POINT('',(0.0,1.65,-0.1));
#5727=VECTOR('',#5728,1.0);
#5728=DIRECTION('',(-1.0,0.0,0.0));
#5729=ORIENTED_EDGE('',*,*,#5730,.T.);
#5730=EDGE_CURVE('NONE',#5723,#5046,#5731,.T.);
#5731=LINE('',#5732,#5733);
#5732=CARTESIAN_POINT('',(1.575,1.575,-0.1));
#5733=VECTOR('',#5734,1.0);
#5734=DIRECTION('',(0.0,-1.0,0.0));
#5735=ORIENTED_EDGE('',*,*,#5045,.F.);
#5736=PLANE('',#5737);
#5737=AXIS2_PLACEMENT_3D('',#5738,#5739,#5740);
#5738=CARTESIAN_POINT('',(1.975,1.5,-0.1));
#5739=DIRECTION('',(0.0,0.0,-1.0));
#5740=DIRECTION('',(-1.0,0.0,0.0));
#5741=ADVANCED_FACE('NONE',(#5742),#5760,.F.);
#5742=FACE_BOUND('NONE',#5743,.T.);
#5743=EDGE_LOOP('',(#5744,#5745,#5753,#5759));
#5744=ORIENTED_EDGE('',*,*,#5730,.F.);
#5745=ORIENTED_EDGE('',*,*,#5746,.T.);
#5746=EDGE_CURVE('NONE',#5723,#5747,#5749,.T.);
#5747=VERTEX_POINT('NONE',#5748);
#5748=CARTESIAN_POINT('',(1.575,1.65,-0.2));
#5749=LINE('',#5750,#5751);
#5750=CARTESIAN_POINT('',(1.575,1.65,-1.65));
#5751=VECTOR('',#5752,1.0);
#5752=DIRECTION('',(0.0,0.0,-1.0));
#5753=ORIENTED_EDGE('',*,*,#5754,.T.);
#5754=EDGE_CURVE('NONE',#5747,#4999,#5755,.T.);
#5755=LINE('',#5756,#5757);
#5756=CARTESIAN_POINT('',(1.575,1.575,-0.2));
#5757=VECTOR('',#5758,1.0);
#5758=DIRECTION('',(0.0,-1.0,0.0));
#5759=ORIENTED_EDGE('',*,*,#5053,.F.);
#5760=PLANE('',#5761);
#5761=AXIS2_PLACEMENT_3D('',#5762,#5763,#5764);
#5762=CARTESIAN_POINT('',(1.575,1.5,-0.1));
#5763=DIRECTION('',(1.0,0.0,0.0));
#5764=DIRECTION('',(0.0,0.0,-1.0));
#5765=ADVANCED_FACE('NONE',(#5766),#5777,.F.);
#5766=FACE_BOUND('NONE',#5767,.T.);
#5767=EDGE_LOOP('',(#5768,#5769,#5775,#5776));
#5768=ORIENTED_EDGE('',*,*,#5754,.F.);
#5769=ORIENTED_EDGE('',*,*,#5770,.T.);
#5770=EDGE_CURVE('NONE',#5747,#5069,#5771,.T.);
#5771=LINE('',#5772,#5773);
#5772=CARTESIAN_POINT('',(0.0,1.65,-0.200000002));
#5773=VECTOR('',#5774,1.0);
#5774=DIRECTION('',(-1.0,0.0,0.0));
#5775=ORIENTED_EDGE('',*,*,#5068,.F.);
#5776=ORIENTED_EDGE('',*,*,#4998,.F.);
#5777=PLANE('',#5778);
#5778=AXIS2_PLACEMENT_3D('',#5779,#5780,#5781);
#5779=CARTESIAN_POINT('',(1.575,1.5,-0.2));
#5780=DIRECTION('',(0.0,0.0,-1.0));
#5781=DIRECTION('',(-1.0,0.0,0.0));
#5782=ADVANCED_FACE('NONE',(#5783),#5794,.T.);
#5783=FACE_BOUND('NONE',#5784,.T.);
#5784=EDGE_LOOP('',(#5785,#5786,#5787,#5793));
#5785=ORIENTED_EDGE('',*,*,#5104,.F.);
#5786=ORIENTED_EDGE('',*,*,#5076,.F.);
#5787=ORIENTED_EDGE('',*,*,#5788,.T.);
#5788=EDGE_CURVE('NONE',#5069,#5132,#5789,.T.);
#5789=LINE('',#5790,#5791);
#5790=CARTESIAN_POINT('',(0.0,1.65,-0.200000002));
#5791=VECTOR('',#5792,1.0);
#5792=DIRECTION('',(-1.0,0.0,0.0));
#5793=ORIENTED_EDGE('',*,*,#5131,.F.);
#5794=CYLINDRICAL_SURFACE('',#5795,0.25);
#5795=AXIS2_PLACEMENT_3D('',#5796,#5797,#5798);
#5796=CARTESIAN_POINT('',(-1.2,1.4,-0.2));
#5797=DIRECTION('',(1.0,0.0,0.0));
#5798=DIRECTION('',(0.0,0.0,-1.0));
#5799=ADVANCED_FACE('NONE',(#5800),#5826,.F.);
#5800=FACE_BOUND('NONE',#5801,.T.);
#5801=EDGE_LOOP('',(#5802,#5803,#5811,#5820));
#5802=ORIENTED_EDGE('',*,*,#5178,.F.);
#5803=ORIENTED_EDGE('',*,*,#5804,.T.);
#5804=EDGE_CURVE('NONE',#5171,#5805,#5807,.T.);
#5805=VERTEX_POINT('NONE',#5806);
#5806=CARTESIAN_POINT('',(1.3,1.65,-0.800000001));
#5807=LINE('',#5808,#5809);
#5808=CARTESIAN_POINT('',(1.3,1.575,-0.8));
#5809=VECTOR('',#5810,1.0);
#5810=DIRECTION('',(0.0,1.0,0.0));
#5811=ORIENTED_EDGE('',*,*,#5812,.T.);
#5812=EDGE_CURVE('NONE',#5805,#5813,#5815,.T.);
#5813=VERTEX_POINT('NONE',#5814);
#5814=CARTESIAN_POINT('',(1.4,1.65,-0.9));
#5815=CIRCLE('',#5816,0.1);
#5816=AXIS2_PLACEMENT_3D('',#5817,#5818,#5819);
#5817=CARTESIAN_POINT('',(1.3,1.65,-0.9));
#5818=DIRECTION('',(0.0,1.0,0.0));
#5819=DIRECTION('',(0.0,0.0,1.0));
#5820=ORIENTED_EDGE('',*,*,#5821,.T.);
#5821=EDGE_CURVE('NONE',#5813,#5179,#5822,.T.);
#5822=LINE('',#5823,#5824);
#5823=CARTESIAN_POINT('',(1.4,1.575,-0.9));
#5824=VECTOR('',#5825,1.0);
#5825=DIRECTION('',(0.0,-1.0,0.0));
#5826=CYLINDRICAL_SURFACE('',#5827,0.1);
#5827=AXIS2_PLACEMENT_3D('',#5828,#5829,#5830);
#5828=CARTESIAN_POINT('',(1.3,1.5,-0.9));
#5829=DIRECTION('',(0.0,1.0,0.0));
#5830=DIRECTION('',(0.0,0.0,1.0));
#5831=ADVANCED_FACE('NONE',(#5832),#5850,.F.);
#5832=FACE_BOUND('NONE',#5833,.T.);
#5833=EDGE_LOOP('',(#5834,#5842,#5843,#5844));
#5834=ORIENTED_EDGE('',*,*,#5835,.T.);
#5835=EDGE_CURVE('NONE',#5836,#5188,#5838,.F.);
#5836=VERTEX_POINT('NONE',#5837);
#5837=CARTESIAN_POINT('',(1.4,1.65,-2.5));
#5838=LINE('',#5839,#5840);
#5839=CARTESIAN_POINT('',(1.4,1.575,-2.5));
#5840=VECTOR('',#5841,1.0);
#5841=DIRECTION('',(0.0,1.0,0.0));
#5842=ORIENTED_EDGE('',*,*,#5187,.F.);
#5843=ORIENTED_EDGE('',*,*,#5821,.F.);
#5844=ORIENTED_EDGE('',*,*,#5845,.T.);
#5845=EDGE_CURVE('NONE',#5813,#5836,#5846,.T.);
#5846=LINE('',#5847,#5848);
#5847=CARTESIAN_POINT('',(1.4,1.65,-1.65));
#5848=VECTOR('',#5849,1.0);
#5849=DIRECTION('',(0.0,0.0,-1.0));
#5850=PLANE('',#5851);
#5851=AXIS2_PLACEMENT_3D('',#5852,#5853,#5854);
#5852=CARTESIAN_POINT('',(1.4,1.5,-0.9));
#5853=DIRECTION('',(1.0,0.0,0.0));
#5854=DIRECTION('',(0.0,0.0,-1.0));
#5855=ADVANCED_FACE('NONE',(#5856),#5875,.F.);
#5856=FACE_BOUND('NONE',#5857,.T.);
#5857=EDGE_LOOP('',(#5858,#5859,#5860,#5869));
#5858=ORIENTED_EDGE('',*,*,#5195,.F.);
#5859=ORIENTED_EDGE('',*,*,#5835,.F.);
#5860=ORIENTED_EDGE('',*,*,#5861,.T.);
#5861=EDGE_CURVE('NONE',#5836,#5862,#5864,.T.);
#5862=VERTEX_POINT('NONE',#5863);
#5863=CARTESIAN_POINT('',(1.3,1.65,-2.6));
#5864=CIRCLE('',#5865,0.1);
#5865=AXIS2_PLACEMENT_3D('',#5866,#5867,#5868);
#5866=CARTESIAN_POINT('',(1.3,1.65,-2.5));
#5867=DIRECTION('',(0.0,1.0,0.0));
#5868=DIRECTION('',(0.0,0.0,1.0));
#5869=ORIENTED_EDGE('',*,*,#5870,.T.);
#5870=EDGE_CURVE('NONE',#5862,#5196,#5871,.T.);
#5871=LINE('',#5872,#5873);
#5872=CARTESIAN_POINT('',(1.3,1.575,-2.6));
#5873=VECTOR('',#5874,1.0);
#5874=DIRECTION('',(0.0,-1.0,0.0));
#5875=CYLINDRICAL_SURFACE('',#5876,0.1);
#5876=AXIS2_PLACEMENT_3D('',#5877,#5878,#5879);
#5877=CARTESIAN_POINT('',(1.3,1.5,-2.5));
#5878=DIRECTION('',(0.0,1.0,0.0));
#5879=DIRECTION('',(0.0,0.0,1.0));
#5880=ADVANCED_FACE('NONE',(#5881),#5899,.F.);
#5881=FACE_BOUND('NONE',#5882,.T.);
#5882=EDGE_LOOP('',(#5883,#5891,#5892,#5893));
#5883=ORIENTED_EDGE('',*,*,#5884,.T.);
#5884=EDGE_CURVE('NONE',#5885,#5205,#5887,.F.);
#5885=VERTEX_POINT('NONE',#5886);
#5886=CARTESIAN_POINT('',(0.793725393,1.65,-2.6));
#5887=LINE('',#5888,#5889);
#5888=CARTESIAN_POINT('',(0.793725393,1.575,-2.6));
#5889=VECTOR('',#5890,1.0);
#5890=DIRECTION('',(0.0,1.0,0.0));
#5891=ORIENTED_EDGE('',*,*,#5204,.F.);
#5892=ORIENTED_EDGE('',*,*,#5870,.F.);
#5893=ORIENTED_EDGE('',*,*,#5894,.T.);
#5894=EDGE_CURVE('NONE',#5862,#5885,#5895,.T.);
#5895=LINE('',#5896,#5897);
#5896=CARTESIAN_POINT('',(0.0,1.65,-2.6));
#5897=VECTOR('',#5898,1.0);
#5898=DIRECTION('',(-1.0,0.0,0.0));
#5899=PLANE('',#5900);
#5900=AXIS2_PLACEMENT_3D('',#5901,#5902,#5903);
#5901=CARTESIAN_POINT('',(1.3,1.5,-2.6));
#5902=DIRECTION('',(0.0,0.0,-1.0));
#5903=DIRECTION('',(-1.0,0.0,0.0));
#5904=ADVANCED_FACE('NONE',(#5905),#5924,.F.);
#5905=FACE_BOUND('NONE',#5906,.T.);
#5906=EDGE_LOOP('',(#5907,#5908,#5909,#5918));
#5907=ORIENTED_EDGE('',*,*,#5212,.F.);
#5908=ORIENTED_EDGE('',*,*,#5884,.F.);
#5909=ORIENTED_EDGE('',*,*,#5910,.T.);
#5910=EDGE_CURVE('NONE',#5885,#5911,#5913,.T.);
#5911=VERTEX_POINT('NONE',#5912);
#5912=CARTESIAN_POINT('',(-0.793725393,1.65,-2.6));
#5913=CIRCLE('',#5914,1.2);
#5914=AXIS2_PLACEMENT_3D('',#5915,#5916,#5917);
#5915=CARTESIAN_POINT('',(0.0,1.65,-1.7));
#5916=DIRECTION('',(0.0,1.0,0.0));
#5917=DIRECTION('',(0.0,0.0,1.0));
#5918=ORIENTED_EDGE('',*,*,#5919,.T.);
#5919=EDGE_CURVE('NONE',#5911,#5213,#5920,.T.);
#5920=LINE('',#5921,#5922);
#5921=CARTESIAN_POINT('',(-0.793725393,1.575,-2.6));
#5922=VECTOR('',#5923,1.0);
#5923=DIRECTION('',(0.0,-1.0,0.0));
#5924=CYLINDRICAL_SURFACE('',#5925,1.2);
#5925=AXIS2_PLACEMENT_3D('',#5926,#5927,#5928);
#5926=CARTESIAN_POINT('',(0.0,1.5,-1.7));
#5927=DIRECTION('',(0.0,1.0,0.0));
#5928=DIRECTION('',(0.0,0.0,1.0));
#5929=ADVANCED_FACE('NONE',(#5930),#5948,.F.);
#5930=FACE_BOUND('NONE',#5931,.T.);
#5931=EDGE_LOOP('',(#5932,#5940,#5941,#5942));
#5932=ORIENTED_EDGE('',*,*,#5933,.T.);
#5933=EDGE_CURVE('NONE',#5934,#5222,#5936,.F.);
#5934=VERTEX_POINT('NONE',#5935);
#5935=CARTESIAN_POINT('',(-1.3,1.65,-2.6));
#5936=LINE('',#5937,#5938);
#5937=CARTESIAN_POINT('',(-1.3,1.575,-2.6));
#5938=VECTOR('',#5939,1.0);
#5939=DIRECTION('',(0.0,1.0,0.0));
#5940=ORIENTED_EDGE('',*,*,#5221,.F.);
#5941=ORIENTED_EDGE('',*,*,#5919,.F.);
#5942=ORIENTED_EDGE('',*,*,#5943,.T.);
#5943=EDGE_CURVE('NONE',#5911,#5934,#5944,.T.);
#5944=LINE('',#5945,#5946);
#5945=CARTESIAN_POINT('',(0.0,1.65,-2.6));
#5946=VECTOR('',#5947,1.0);
#5947=DIRECTION('',(-1.0,0.0,0.0));
#5948=PLANE('',#5949);
#5949=AXIS2_PLACEMENT_3D('',#5950,#5951,#5952);
#5950=CARTESIAN_POINT('',(-0.793725393,1.5,-2.6));
#5951=DIRECTION('',(0.0,0.0,-1.0));
#5952=DIRECTION('',(-1.0,0.0,0.0));
#5953=ADVANCED_FACE('NONE',(#5954),#5973,.F.);
#5954=FACE_BOUND('NONE',#5955,.T.);
#5955=EDGE_LOOP('',(#5956,#5957,#5958,#5967));
#5956=ORIENTED_EDGE('',*,*,#5229,.F.);
#5957=ORIENTED_EDGE('',*,*,#5933,.F.);
#5958=ORIENTED_EDGE('',*,*,#5959,.T.);
#5959=EDGE_CURVE('NONE',#5934,#5960,#5962,.T.);
#5960=VERTEX_POINT('NONE',#5961);
#5961=CARTESIAN_POINT('',(-1.4,1.65,-2.5));
#5962=CIRCLE('',#5963,0.1);
#5963=AXIS2_PLACEMENT_3D('',#5964,#5965,#5966);
#5964=CARTESIAN_POINT('',(-1.3,1.65,-2.5));
#5965=DIRECTION('',(0.0,1.0,0.0));
#5966=DIRECTION('',(0.0,0.0,1.0));
#5967=ORIENTED_EDGE('',*,*,#5968,.T.);
#5968=EDGE_CURVE('NONE',#5960,#5230,#5969,.T.);
#5969=LINE('',#5970,#5971);
#5970=CARTESIAN_POINT('',(-1.4,1.575,-2.5));
#5971=VECTOR('',#5972,1.0);
#5972=DIRECTION('',(0.0,-1.0,0.0));
#5973=CYLINDRICAL_SURFACE('',#5974,0.1);
#5974=AXIS2_PLACEMENT_3D('',#5975,#5976,#5977);
#5975=CARTESIAN_POINT('',(-1.3,1.5,-2.5));
#5976=DIRECTION('',(0.0,1.0,0.0));
#5977=DIRECTION('',(0.0,0.0,1.0));
#5978=ADVANCED_FACE('NONE',(#5979),#5997,.F.);
#5979=FACE_BOUND('NONE',#5980,.T.);
#5980=EDGE_LOOP('',(#5981,#5989,#5990,#5991));
#5981=ORIENTED_EDGE('',*,*,#5982,.T.);
#5982=EDGE_CURVE('NONE',#5983,#5239,#5985,.F.);
#5983=VERTEX_POINT('NONE',#5984);
#5984=CARTESIAN_POINT('',(-1.4,1.65,-0.9));
#5985=LINE('',#5986,#5987);
#5986=CARTESIAN_POINT('',(-1.4,1.575,-0.9));
#5987=VECTOR('',#5988,1.0);
#5988=DIRECTION('',(0.0,1.0,0.0));
#5989=ORIENTED_EDGE('',*,*,#5238,.F.);
#5990=ORIENTED_EDGE('',*,*,#5968,.F.);
#5991=ORIENTED_EDGE('',*,*,#5992,.T.);
#5992=EDGE_CURVE('NONE',#5960,#5983,#5993,.T.);
#5993=LINE('',#5994,#5995);
#5994=CARTESIAN_POINT('',(-1.4,1.65,-1.65));
#5995=VECTOR('',#5996,1.0);
#5996=DIRECTION('',(0.0,0.0,1.0));
#5997=PLANE('',#5998);
#5998=AXIS2_PLACEMENT_3D('',#5999,#6000,#6001);
#5999=CARTESIAN_POINT('',(-1.4,1.5,-2.5));
#6000=DIRECTION('',(-1.0,0.0,0.0));
#6001=DIRECTION('',(0.0,0.0,1.0));
#6002=ADVANCED_FACE('NONE',(#6003),#6022,.F.);
#6003=FACE_BOUND('NONE',#6004,.T.);
#6004=EDGE_LOOP('',(#6005,#6006,#6007,#6016));
#6005=ORIENTED_EDGE('',*,*,#5246,.F.);
#6006=ORIENTED_EDGE('',*,*,#5982,.F.);
#6007=ORIENTED_EDGE('',*,*,#6008,.T.);
#6008=EDGE_CURVE('NONE',#5983,#6009,#6011,.T.);
#6009=VERTEX_POINT('NONE',#6010);
#6010=CARTESIAN_POINT('',(-1.3,1.65,-0.800000001));
#6011=CIRCLE('',#6012,0.1);
#6012=AXIS2_PLACEMENT_3D('',#6013,#6014,#6015);
#6013=CARTESIAN_POINT('',(-1.3,1.65,-0.9));
#6014=DIRECTION('',(0.0,1.0,0.0));
#6015=DIRECTION('',(0.0,0.0,1.0));
#6016=ORIENTED_EDGE('',*,*,#6017,.T.);
#6017=EDGE_CURVE('NONE',#6009,#5247,#6018,.T.);
#6018=LINE('',#6019,#6020);
#6019=CARTESIAN_POINT('',(-1.3,1.575,-0.8));
#6020=VECTOR('',#6021,1.0);
#6021=DIRECTION('',(0.0,-1.0,0.0));
#6022=CYLINDRICAL_SURFACE('',#6023,0.1);
#6023=AXIS2_PLACEMENT_3D('',#6024,#6025,#6026);
#6024=CARTESIAN_POINT('',(-1.3,1.5,-0.9));
#6025=DIRECTION('',(0.0,1.0,0.0));
#6026=DIRECTION('',(0.0,0.0,1.0));
#6027=ADVANCED_FACE('NONE',(#6028),#6046,.F.);
#6028=FACE_BOUND('NONE',#6029,.T.);
#6029=EDGE_LOOP('',(#6030,#6038,#6039,#6040));
#6030=ORIENTED_EDGE('',*,*,#6031,.T.);
#6031=EDGE_CURVE('NONE',#6032,#5256,#6034,.F.);
#6032=VERTEX_POINT('NONE',#6033);
#6033=CARTESIAN_POINT('',(-0.793725394,1.65,-0.800000001));
#6034=LINE('',#6035,#6036);
#6035=CARTESIAN_POINT('',(-0.793725394,1.575,-0.8));
#6036=VECTOR('',#6037,1.0);
#6037=DIRECTION('',(0.0,1.0,0.0));
#6038=ORIENTED_EDGE('',*,*,#5255,.F.);
#6039=ORIENTED_EDGE('',*,*,#6017,.F.);
#6040=ORIENTED_EDGE('',*,*,#6041,.T.);
#6041=EDGE_CURVE('NONE',#6009,#6032,#6042,.T.);
#6042=LINE('',#6043,#6044);
#6043=CARTESIAN_POINT('',(0.0,1.65,-0.800000001));
#6044=VECTOR('',#6045,1.0);
#6045=DIRECTION('',(1.0,0.0,0.0));
#6046=PLANE('',#6047);
#6047=AXIS2_PLACEMENT_3D('',#6048,#6049,#6050);
#6048=CARTESIAN_POINT('',(-1.3,1.5,-0.8));
#6049=DIRECTION('',(0.0,0.0,1.0));
#6050=DIRECTION('',(1.0,0.0,0.0));
#6051=ADVANCED_FACE('NONE',(#6052),#6064,.F.);
#6052=FACE_BOUND('NONE',#6053,.T.);
#6053=EDGE_LOOP('',(#6054,#6055,#6056,#6057));
#6054=ORIENTED_EDGE('',*,*,#68,.F.);
#6055=ORIENTED_EDGE('',*,*,#5263,.F.);
#6056=ORIENTED_EDGE('',*,*,#6031,.F.);
#6057=ORIENTED_EDGE('',*,*,#6058,.T.);
#6058=EDGE_CURVE('NONE',#6032,#69,#6059,.T.);
#6059=CIRCLE('',#6060,1.2);
#6060=AXIS2_PLACEMENT_3D('',#6061,#6062,#6063);
#6061=CARTESIAN_POINT('',(0.0,1.65,-1.7));
#6062=DIRECTION('',(0.0,1.0,0.0));
#6063=DIRECTION('',(0.0,0.0,1.0));
#6064=CYLINDRICAL_SURFACE('',#6065,1.2);
#6065=AXIS2_PLACEMENT_3D('',#6066,#6067,#6068);
#6066=CARTESIAN_POINT('',(0.0,1.5,-1.7));
#6067=DIRECTION('',(0.0,1.0,0.0));
#6068=DIRECTION('',(0.0,0.0,1.0));
#6069=ADVANCED_FACE('NONE',(#6070),#6081,.F.);
#6070=FACE_BOUND('NONE',#6071,.T.);
#6071=EDGE_LOOP('',(#6072,#6073,#6074,#6075));
#6072=ORIENTED_EDGE('',*,*,#5804,.F.);
#6073=ORIENTED_EDGE('',*,*,#5170,.F.);
#6074=ORIENTED_EDGE('',*,*,#85,.F.);
#6075=ORIENTED_EDGE('',*,*,#6076,.T.);
#6076=EDGE_CURVE('NONE',#77,#5805,#6077,.T.);
#6077=LINE('',#6078,#6079);
#6078=CARTESIAN_POINT('',(0.0,1.65,-0.800000001));
#6079=VECTOR('',#6080,1.0);
#6080=DIRECTION('',(1.0,0.0,0.0));
#6081=PLANE('',#6082);
#6082=AXIS2_PLACEMENT_3D('',#6083,#6084,#6085);
#6083=CARTESIAN_POINT('',(0.793725393,1.5,-0.8));
#6084=DIRECTION('',(0.0,0.0,1.0));
#6085=DIRECTION('',(1.0,0.0,0.0));
#6086=ADVANCED_FACE('NONE',(#6087),#6098,.T.);
#6087=FACE_BOUND('NONE',#6088,.T.);
#6088=EDGE_LOOP('',(#6089,#6090,#6096,#6097));
#6089=ORIENTED_EDGE('',*,*,#967,.F.);
#6090=ORIENTED_EDGE('',*,*,#6091,.T.);
#6091=EDGE_CURVE('NONE',#960,#928,#6092,.T.);
#6092=LINE('',#6093,#6094);
#6093=CARTESIAN_POINT('',(-2.922592046,0.844830659,-2.7));
#6094=VECTOR('',#6095,1.0);
#6095=DIRECTION('',(0.999405999,-0.034462273,0.0));
#6096=ORIENTED_EDGE('',*,*,#927,.F.);
#6097=ORIENTED_EDGE('',*,*,#5279,.F.);
#6098=PLANE('',#6099);
#6099=AXIS2_PLACEMENT_3D('',#6100,#6101,#6102);
#6100=CARTESIAN_POINT('',(-2.922592046,0.844830659,-2.7505));
#6101=DIRECTION('',(0.034462273,0.999405999,0.0));
#6102=DIRECTION('',(-0.999405999,0.034462273,0.0));
#6103=ADVANCED_FACE('NONE',(#6104,#6119),#6298,.F.);
#6104=FACE_BOUND('NONE',#6105,.T.);
#6105=EDGE_LOOP('',(#6106,#6107,#6108,#6109,#6110,#6111,#6112,#6113,#6114,#6115,#6116,#6117,#6118));
#6106=ORIENTED_EDGE('',*,*,#6058,.F.);
#6107=ORIENTED_EDGE('',*,*,#6041,.F.);
#6108=ORIENTED_EDGE('',*,*,#6008,.F.);
#6109=ORIENTED_EDGE('',*,*,#5992,.F.);
#6110=ORIENTED_EDGE('',*,*,#5959,.F.);
#6111=ORIENTED_EDGE('',*,*,#5943,.F.);
#6112=ORIENTED_EDGE('',*,*,#5910,.F.);
#6113=ORIENTED_EDGE('',*,*,#5894,.F.);
#6114=ORIENTED_EDGE('',*,*,#5861,.F.);
#6115=ORIENTED_EDGE('',*,*,#5845,.F.);
#6116=ORIENTED_EDGE('',*,*,#5812,.F.);
#6117=ORIENTED_EDGE('',*,*,#6076,.F.);
#6118=ORIENTED_EDGE('',*,*,#76,.F.);
#6119=FACE_BOUND('NONE',#6120,.T.);
#6120=EDGE_LOOP('',(#6121,#6122,#6123,#6124,#6125,#6126,#6127,#6128,#6129,#6130,#6131,#6132,#6140,#6148,#6156,#6164,#6173,#6181,#6190,#6198,#6206,#6214,#6222,#6230,#6239,#6247,#6256,#6264,#6272,#6280,#6286,#6287,#6288,#6289,#6290,#6291,#6292,#6293,#6294,#6295,#6296,#6297));
#6121=ORIENTED_EDGE('',*,*,#5770,.F.);
#6122=ORIENTED_EDGE('',*,*,#5746,.F.);
#6123=ORIENTED_EDGE('',*,*,#5722,.F.);
#6124=ORIENTED_EDGE('',*,*,#5698,.F.);
#6125=ORIENTED_EDGE('',*,*,#5674,.F.);
#6126=ORIENTED_EDGE('',*,*,#5649,.F.);
#6127=ORIENTED_EDGE('',*,*,#5625,.F.);
#6128=ORIENTED_EDGE('',*,*,#5592,.F.);
#6129=ORIENTED_EDGE('',*,*,#5565,.F.);
#6130=ORIENTED_EDGE('',*,*,#5551,.F.);
#6131=ORIENTED_EDGE('',*,*,#626,.F.);
#6132=ORIENTED_EDGE('',*,*,#6133,.T.);
#6133=EDGE_CURVE('NONE',#618,#6134,#6136,.T.);
#6134=VERTEX_POINT('NONE',#6135);
#6135=CARTESIAN_POINT('',(2.755083261,1.65,-2.765722878));
#6136=LINE('',#6137,#6138);
#6137=CARTESIAN_POINT('',(2.755083261,1.65,-2.434865969));
#6138=VECTOR('',#6139,1.0);
#6139=DIRECTION('',(0.0,0.0,-1.0));
#6140=ORIENTED_EDGE('',*,*,#6141,.T.);
#6141=EDGE_CURVE('NONE',#6134,#6142,#6144,.F.);
#6142=VERTEX_POINT('NONE',#6143);
#6143=CARTESIAN_POINT('',(2.8,1.65,-2.765850008));
#6144=LINE('',#6145,#6146);
#6145=CARTESIAN_POINT('',(-2.807500371,1.65,-2.749978812));
#6146=VECTOR('',#6147,1.0);
#6147=DIRECTION('',(-0.999995995,0.0,0.00283034));
#6148=ORIENTED_EDGE('',*,*,#6149,.T.);
#6149=EDGE_CURVE('NONE',#6142,#6150,#6152,.F.);
#6150=VERTEX_POINT('NONE',#6151);
#6151=CARTESIAN_POINT('',(2.8,1.65,-3.2));
#6152=LINE('',#6153,#6154);
#6153=CARTESIAN_POINT('',(2.8,1.65,-1.65));
#6154=VECTOR('',#6155,1.0);
#6155=DIRECTION('',(0.0,0.0,1.0));
#6156=ORIENTED_EDGE('',*,*,#6157,.T.);
#6157=EDGE_CURVE('NONE',#6150,#6158,#6160,.F.);
#6158=VERTEX_POINT('NONE',#6159);
#6159=CARTESIAN_POINT('',(2.5,1.65,-3.2));
#6160=LINE('',#6161,#6162);
#6161=CARTESIAN_POINT('',(0.0,1.65,-3.2));
#6162=VECTOR('',#6163,1.0);
#6163=DIRECTION('',(1.0,0.0,0.0));
#6164=ORIENTED_EDGE('',*,*,#6165,.T.);
#6165=EDGE_CURVE('NONE',#6158,#6166,#6168,.F.);
#6166=VERTEX_POINT('NONE',#6167);
#6167=CARTESIAN_POINT('',(2.4,1.65,-3.099999999));
#6168=CIRCLE('',#6169,0.1);
#6169=AXIS2_PLACEMENT_3D('',#6170,#6171,#6172);
#6170=CARTESIAN_POINT('',(2.4,1.65,-3.2));
#6171=DIRECTION('',(1.084202172E-15,1.0,0.0));
#6172=DIRECTION('',(1.0,-1.084202172E-15,0.0));
#6173=ORIENTED_EDGE('',*,*,#6174,.T.);
#6174=EDGE_CURVE('NONE',#6166,#6175,#6177,.F.);
#6175=VERTEX_POINT('NONE',#6176);
#6176=CARTESIAN_POINT('',(1.8,1.65,-3.099999999));
#6177=LINE('',#6178,#6179);
#6178=CARTESIAN_POINT('',(0.0,1.65,-3.099999999));
#6179=VECTOR('',#6180,1.0);
#6180=DIRECTION('',(1.0,0.0,0.0));
#6181=ORIENTED_EDGE('',*,*,#6182,.T.);
#6182=EDGE_CURVE('NONE',#6175,#6183,#6185,.F.);
#6183=VERTEX_POINT('NONE',#6184);
#6184=CARTESIAN_POINT('',(1.7,1.65,-3.2));
#6185=CIRCLE('',#6186,0.1);
#6186=AXIS2_PLACEMENT_3D('',#6187,#6188,#6189);
#6187=CARTESIAN_POINT('',(1.8,1.65,-3.2));
#6188=DIRECTION('',(1.084202172E-15,1.0,0.0));
#6189=DIRECTION('',(1.0,-1.084202172E-15,0.0));
#6190=ORIENTED_EDGE('',*,*,#6191,.T.);
#6191=EDGE_CURVE('NONE',#6183,#6192,#6194,.F.);
#6192=VERTEX_POINT('NONE',#6193);
#6193=CARTESIAN_POINT('',(1.199999999,1.65,-3.2));
#6194=LINE('',#6195,#6196);
#6195=CARTESIAN_POINT('',(0.0,1.65,-3.2));
#6196=VECTOR('',#6197,1.0);
#6197=DIRECTION('',(1.0,0.0,0.0));
#6198=ORIENTED_EDGE('',*,*,#6199,.T.);
#6199=EDGE_CURVE('NONE',#6192,#6200,#6202,.T.);
#6200=VERTEX_POINT('NONE',#6201);
#6201=CARTESIAN_POINT('',(1.2,1.65,-3.15));
#6202=LINE('',#6203,#6204);
#6203=CARTESIAN_POINT('',(1.2,1.65,-3.17485));
#6204=VECTOR('',#6205,1.0);
#6205=DIRECTION('',(0.0,0.0,1.0));
#6206=ORIENTED_EDGE('',*,*,#6207,.T.);
#6207=EDGE_CURVE('NONE',#6200,#6208,#6210,.T.);
#6208=VERTEX_POINT('NONE',#6209);
#6209=CARTESIAN_POINT('',(-1.2,1.65,-3.15));
#6210=LINE('',#6211,#6212);
#6211=CARTESIAN_POINT('',(0.0,1.65,-3.15));
#6212=VECTOR('',#6213,1.0);
#6213=DIRECTION('',(-1.0,0.0,0.0));
#6214=ORIENTED_EDGE('',*,*,#6215,.T.);
#6215=EDGE_CURVE('NONE',#6208,#6216,#6218,.F.);
#6216=VERTEX_POINT('NONE',#6217);
#6217=CARTESIAN_POINT('',(-1.199999999,1.65,-3.2));
#6218=LINE('',#6219,#6220);
#6219=CARTESIAN_POINT('',(-1.2,1.65,-3.17485));
#6220=VECTOR('',#6221,1.0);
#6221=DIRECTION('',(0.0,0.0,1.0));
#6222=ORIENTED_EDGE('',*,*,#6223,.T.);
#6223=EDGE_CURVE('NONE',#6216,#6224,#6226,.F.);
#6224=VERTEX_POINT('NONE',#6225);
#6225=CARTESIAN_POINT('',(-1.7,1.65,-3.2));
#6226=LINE('',#6227,#6228);
#6227=CARTESIAN_POINT('',(0.0,1.65,-3.2));
#6228=VECTOR('',#6229,1.0);
#6229=DIRECTION('',(1.0,0.0,0.0));
#6230=ORIENTED_EDGE('',*,*,#6231,.T.);
#6231=EDGE_CURVE('NONE',#6224,#6232,#6234,.F.);
#6232=VERTEX_POINT('NONE',#6233);
#6233=CARTESIAN_POINT('',(-1.8,1.65,-3.099999999));
#6234=CIRCLE('',#6235,0.1);
#6235=AXIS2_PLACEMENT_3D('',#6236,#6237,#6238);
#6236=CARTESIAN_POINT('',(-1.8,1.65,-3.2));
#6237=DIRECTION('',(1.084202172E-15,1.0,0.0));
#6238=DIRECTION('',(1.0,-1.084202172E-15,0.0));
#6239=ORIENTED_EDGE('',*,*,#6240,.T.);
#6240=EDGE_CURVE('NONE',#6232,#6241,#6243,.F.);
#6241=VERTEX_POINT('NONE',#6242);
#6242=CARTESIAN_POINT('',(-2.4,1.65,-3.099999999));
#6243=LINE('',#6244,#6245);
#6244=CARTESIAN_POINT('',(0.0,1.65,-3.099999999));
#6245=VECTOR('',#6246,1.0);
#6246=DIRECTION('',(1.0,0.0,0.0));
#6247=ORIENTED_EDGE('',*,*,#6248,.T.);
#6248=EDGE_CURVE('NONE',#6241,#6249,#6251,.F.);
#6249=VERTEX_POINT('NONE',#6250);
#6250=CARTESIAN_POINT('',(-2.5,1.65,-3.2));
#6251=CIRCLE('',#6252,0.1);
#6252=AXIS2_PLACEMENT_3D('',#6253,#6254,#6255);
#6253=CARTESIAN_POINT('',(-2.4,1.65,-3.2));
#6254=DIRECTION('',(1.084202172E-15,1.0,0.0));
#6255=DIRECTION('',(1.0,-1.084202172E-15,0.0));
#6256=ORIENTED_EDGE('',*,*,#6257,.T.);
#6257=EDGE_CURVE('NONE',#6249,#6258,#6260,.F.);
#6258=VERTEX_POINT('NONE',#6259);
#6259=CARTESIAN_POINT('',(-2.8,1.65,-3.2));
#6260=LINE('',#6261,#6262);
#6261=CARTESIAN_POINT('',(0.0,1.65,-3.2));
#6262=VECTOR('',#6263,1.0);
#6263=DIRECTION('',(1.0,0.0,0.0));
#6264=ORIENTED_EDGE('',*,*,#6265,.T.);
#6265=EDGE_CURVE('NONE',#6258,#6266,#6268,.F.);
#6266=VERTEX_POINT('NONE',#6267);
#6267=CARTESIAN_POINT('',(-2.8,1.65,-2.75));
#6268=LINE('',#6269,#6270);
#6269=CARTESIAN_POINT('',(-2.8,1.65,-1.65));
#6270=VECTOR('',#6271,1.0);
#6271=DIRECTION('',(0.0,0.0,-1.0));
#6272=ORIENTED_EDGE('',*,*,#6273,.T.);
#6273=EDGE_CURVE('NONE',#6266,#6274,#6276,.F.);
#6274=VERTEX_POINT('NONE',#6275);
#6275=CARTESIAN_POINT('',(-2.755083261,1.65,-2.750127131));
#6276=LINE('',#6277,#6278);
#6277=CARTESIAN_POINT('',(-2.80750043,1.65,-2.749978771));
#6278=VECTOR('',#6279,1.0);
#6279=DIRECTION('',(-0.999995995,0.0,0.002830362));
#6280=ORIENTED_EDGE('',*,*,#6281,.T.);
#6281=EDGE_CURVE('NONE',#6274,#1048,#6282,.T.);
#6282=LINE('',#6283,#6284);
#6283=CARTESIAN_POINT('',(-2.755083261,1.65,-2.427013947));
#6284=VECTOR('',#6285,1.0);
#6285=DIRECTION('',(0.0,0.0,1.0));
#6286=ORIENTED_EDGE('',*,*,#1047,.F.);
#6287=ORIENTED_EDGE('',*,*,#5519,.F.);
#6288=ORIENTED_EDGE('',*,*,#5492,.F.);
#6289=ORIENTED_EDGE('',*,*,#5465,.F.);
#6290=ORIENTED_EDGE('',*,*,#5440,.F.);
#6291=ORIENTED_EDGE('',*,*,#5418,.F.);
#6292=ORIENTED_EDGE('',*,*,#5392,.F.);
#6293=ORIENTED_EDGE('',*,*,#5368,.F.);
#6294=ORIENTED_EDGE('',*,*,#5344,.F.);
#6295=ORIENTED_EDGE('',*,*,#5320,.F.);
#6296=ORIENTED_EDGE('',*,*,#5296,.F.);
#6297=ORIENTED_EDGE('',*,*,#5788,.F.);
#6298=PLANE('',#6299);
#6299=AXIS2_PLACEMENT_3D('',#6300,#6301,#6302);
#6300=CARTESIAN_POINT('',(-2.8,1.65,-0.1));
#6301=DIRECTION('',(0.0,-1.0,0.0));
#6302=DIRECTION('',(0.0,0.0,-1.0));
#6303=ADVANCED_FACE('NONE',(#6304),#6322,.T.);
#6304=FACE_BOUND('NONE',#6305,.T.);
#6305=EDGE_LOOP('',(#6306,#6315,#6316));
#6306=ORIENTED_EDGE('',*,*,#6307,.T.);
#6307=EDGE_CURVE('NONE',#6308,#6274,#6310,.T.);
#6308=VERTEX_POINT('NONE',#6309);
#6309=CARTESIAN_POINT('',(-2.799999922,1.646618431,-2.74972244));
#6310=(BOUNDED_CURVE()B_SPLINE_CURVE(3,(#6311,#6312,#6313,#6314),.UNSPECIFIED.,.F.,.U.)B_SPLINE_CURVE_WITH_KNOTS((4,4),(2.956836034,3.107123336),.PIECEWISE_BEZIER_KNOTS.)CURVE()GEOMETRIC_REPRESENTATION_ITEM()RATIONAL_B_SPLINE_CURVE((1.0,0.998118696,0.998118696,1.0))REPRESENTATION_ITEM(''));
#6311=CARTESIAN_POINT('',(-2.799999922,1.646618431,-2.74972244));
#6312=CARTESIAN_POINT('',(-2.785126593,1.648870686,-2.749949403));
#6313=CARTESIAN_POINT('',(-2.770126152,1.65,-2.750084554));
#6314=CARTESIAN_POINT('',(-2.755083261,1.65,-2.750127131));
#6315=ORIENTED_EDGE('',*,*,#6273,.F.);
#6316=ORIENTED_EDGE('',*,*,#6317,.T.);
#6317=EDGE_CURVE('NONE',#6266,#6308,#6318,.T.);
#6318=LINE('',#6319,#6320);
#6319=CARTESIAN_POINT('',(-2.8,1.650030717,-2.750002521));
#6320=VECTOR('',#6321,1.0);
#6321=DIRECTION('',(0.0,-0.996648337,0.081805208));
#6322=PLANE('',#6323);
#6323=AXIS2_PLACEMENT_3D('',#6324,#6325,#6326);
#6324=CARTESIAN_POINT('',(-2.800451862,1.650030821,-2.750001251));
#6325=DIRECTION('',(0.002820876,0.081804883,0.996644372));
#6326=DIRECTION('',(0.0,-0.996648337,0.081805208));
#6327=ADVANCED_FACE('NONE',(#6328),#6341,.T.);
#6328=FACE_BOUND('NONE',#6329,.T.);
#6329=EDGE_LOOP('',(#6330,#6337,#6338,#6339,#6340));
#6330=ORIENTED_EDGE('',*,*,#6331,.T.);
#6331=EDGE_CURVE('NONE',#6308,#1008,#6332,.T.);
#6332=(BOUNDED_CURVE()B_SPLINE_CURVE(3,(#6333,#6334,#6335,#6336),.UNSPECIFIED.,.F.,.U.)B_SPLINE_CURVE_WITH_KNOTS((4,4),(3.326349064,4.712389119),.PIECEWISE_BEZIER_KNOTS.)CURVE()GEOMETRIC_REPRESENTATION_ITEM()RATIONAL_B_SPLINE_CURVE((1.0,0.846213427,0.846213427,1.0))REPRESENTATION_ITEM(''));
#6333=CARTESIAN_POINT('',(-2.799999922,1.646618431,-2.74972244));
#6334=CARTESIAN_POINT('',(-2.949291397,1.624011358,-2.747444294));
#6335=CARTESIAN_POINT('',(-3.049701504,1.511242413,-2.737903977));
#6336=CARTESIAN_POINT('',(-3.054905062,1.360338644,-2.725503008));
#6337=ORIENTED_EDGE('',*,*,#1007,.F.);
#6338=ORIENTED_EDGE('',*,*,#1055,.F.);
#6339=ORIENTED_EDGE('',*,*,#6281,.F.);
#6340=ORIENTED_EDGE('',*,*,#6307,.F.);
#6341=CYLINDRICAL_SURFACE('',#6342,0.3);
#6342=AXIS2_PLACEMENT_3D('',#6343,#6344,#6345);
#6343=CARTESIAN_POINT('',(-2.755083261,1.35,-2.754027893));
#6344=DIRECTION('',(0.0,0.0,1.0));
#6345=DIRECTION('',(1.0,0.0,0.0));
#6346=ADVANCED_FACE('NONE',(#6347),#6358,.F.);
#6347=FACE_BOUND('NONE',#6348,.T.);
#6348=EDGE_LOOP('',(#6349,#6350,#6351,#6357));
#6349=ORIENTED_EDGE('',*,*,#6091,.F.);
#6350=ORIENTED_EDGE('',*,*,#957,.F.);
#6351=ORIENTED_EDGE('',*,*,#6352,.T.);
#6352=EDGE_CURVE('NONE',#958,#936,#6353,.T.);
#6353=LINE('',#6354,#6355);
#6354=CARTESIAN_POINT('',(-3.065606395,1.049999999,-2.7));
#6355=VECTOR('',#6356,1.0);
#6356=DIRECTION('',(0.999406,-0.034462272,0.0));
#6357=ORIENTED_EDGE('',*,*,#935,.F.);
#6358=PLANE('',#6359);
#6359=AXIS2_PLACEMENT_3D('',#6360,#6361,#6362);
#6360=CARTESIAN_POINT('',(-3.073443791,0.843599643,-2.7));
#6361=DIRECTION('',(0.0,0.0,1.0));
#6362=DIRECTION('',(1.0,0.0,0.0));
#6363=ADVANCED_FACE('NONE',(#6364),#6376,.F.);
#6364=FACE_BOUND('NONE',#6365,.T.);
#6365=EDGE_LOOP('',(#6366,#6367,#6374,#6375));
#6366=ORIENTED_EDGE('',*,*,#885,.F.);
#6367=ORIENTED_EDGE('',*,*,#6368,.T.);
#6368=EDGE_CURVE('NONE',#886,#834,#6369,.T.);
#6369=(BOUNDED_CURVE()B_SPLINE_CURVE(3,(#6370,#6371,#6372,#6373),.UNSPECIFIED.,.F.,.U.)B_SPLINE_CURVE_WITH_KNOTS((4,4),(1.570796317,2.421987633),.PIECEWISE_BEZIER_KNOTS.)CURVE()GEOMETRIC_REPRESENTATION_ITEM()RATIONAL_B_SPLINE_CURVE((1.0,0.940528646,0.940528646,1.0))REPRESENTATION_ITEM(''));
#6370=CARTESIAN_POINT('',(-2.904994161,1.355169341,-2.725503011));
#6371=CARTESIAN_POINT('',(-2.903481372,1.399040215,-2.729108232));
#6372=CARTESIAN_POINT('',(-2.883990858,1.438372923,-2.732391841));
#6373=CARTESIAN_POINT('',(-2.85,1.466149958,-2.734767998));
#6374=ORIENTED_EDGE('',*,*,#831,.F.);
#6375=ORIENTED_EDGE('',*,*,#1070,.F.);
#6376=CYLINDRICAL_SURFACE('',#6377,0.15);
#6377=AXIS2_PLACEMENT_3D('',#6378,#6379,#6380);
#6378=CARTESIAN_POINT('',(-2.755083261,1.35,-2.738576605));
#6379=DIRECTION('',(0.0,0.0,1.0));
#6380=DIRECTION('',(1.0,0.0,0.0));
#6381=ADVANCED_FACE('NONE',(#6382),#6418,.T.);
#6382=FACE_BOUND('NONE',#6383,.T.);
#6383=EDGE_LOOP('',(#6384,#6385,#6386,#6394,#6403,#6411));
#6384=ORIENTED_EDGE('',*,*,#6133,.F.);
#6385=ORIENTED_EDGE('',*,*,#617,.F.);
#6386=ORIENTED_EDGE('',*,*,#6387,.T.);
#6387=EDGE_CURVE('NONE',#610,#6388,#6390,.F.);
#6388=VERTEX_POINT('NONE',#6389);
#6389=CARTESIAN_POINT('',(3.054905061,1.360338675,-2.72550301));
#6390=LINE('',#6391,#6392);
#6391=CARTESIAN_POINT('',(3.054905061,1.360338683,-2.425));
#6392=VECTOR('',#6393,1.0);
#6393=DIRECTION('',(0.0,0.0,1.0));
#6394=ORIENTED_EDGE('',*,*,#6395,.T.);
#6395=EDGE_CURVE('NONE',#6388,#6396,#6398,.T.);
#6396=VERTEX_POINT('NONE',#6397);
#6397=CARTESIAN_POINT('',(2.8,1.646618419,-2.749722439));
#6398=(BOUNDED_CURVE()B_SPLINE_CURVE(3,(#6399,#6400,#6401,#6402),.UNSPECIFIED.,.F.,.U.)B_SPLINE_CURVE_WITH_KNOTS((4,4),(1.570796295,2.956835979),.PIECEWISE_BEZIER_KNOTS.)CURVE()GEOMETRIC_REPRESENTATION_ITEM()RATIONAL_B_SPLINE_CURVE((1.0,0.846213506,0.846213506,1.0))REPRESENTATION_ITEM(''));
#6399=CARTESIAN_POINT('',(3.054905061,1.360338675,-2.72550301));
#6400=CARTESIAN_POINT('',(3.049701488,1.511242396,-2.737903976));
#6401=CARTESIAN_POINT('',(2.949291423,1.624011314,-2.74744429));
#6402=CARTESIAN_POINT('',(2.8,1.646618419,-2.749722439));
#6403=ORIENTED_EDGE('',*,*,#6404,.T.);
#6404=EDGE_CURVE('NONE',#6396,#6405,#6407,.T.);
#6405=VERTEX_POINT('NONE',#6406);
#6406=CARTESIAN_POINT('',(2.8,1.646618419,-2.765572446));
#6407=LINE('',#6408,#6409);
#6408=CARTESIAN_POINT('',(2.8,1.646618419,-2.96884397));
#6409=VECTOR('',#6410,1.0);
#6410=DIRECTION('',(0.0,0.0,-1.0));
#6411=ORIENTED_EDGE('',*,*,#6412,.T.);
#6412=EDGE_CURVE('NONE',#6405,#6134,#6413,.F.);
#6413=(BOUNDED_CURVE()B_SPLINE_CURVE(3,(#6414,#6415,#6416,#6417),.UNSPECIFIED.,.F.,.U.)B_SPLINE_CURVE_WITH_KNOTS((4,4),(3.107123609,3.257411176),.PIECEWISE_BEZIER_KNOTS.)CURVE()GEOMETRIC_REPRESENTATION_ITEM()RATIONAL_B_SPLINE_CURVE((1.0,0.998118689,0.998118689,1.0))REPRESENTATION_ITEM(''));
#6414=CARTESIAN_POINT('',(2.755083261,1.65,-2.765722878));
#6415=CARTESIAN_POINT('',(2.770126178,1.65,-2.765765454));
#6416=CARTESIAN_POINT('',(2.785126645,1.648870682,-2.765715216));
#6417=CARTESIAN_POINT('',(2.8,1.646618419,-2.765572446));
#6418=CYLINDRICAL_SURFACE('',#6419,0.3);
#6419=AXIS2_PLACEMENT_3D('',#6420,#6421,#6422);
#6420=CARTESIAN_POINT('',(2.755083261,1.35,-2.769717215));
#6421=DIRECTION('',(0.0,0.0,1.0));
#6422=DIRECTION('',(1.0,0.0,0.0));
#6423=ADVANCED_FACE('NONE',(#6424),#6434,.T.);
#6424=FACE_BOUND('NONE',#6425,.T.);
#6425=EDGE_LOOP('',(#6426,#6427,#6428));
#6426=ORIENTED_EDGE('',*,*,#6141,.F.);
#6427=ORIENTED_EDGE('',*,*,#6412,.F.);
#6428=ORIENTED_EDGE('',*,*,#6429,.T.);
#6429=EDGE_CURVE('NONE',#6405,#6142,#6430,.T.);
#6430=LINE('',#6431,#6432);
#6431=CARTESIAN_POINT('',(2.8,1.65002029,-2.765851673));
#6432=VECTOR('',#6433,1.0);
#6433=DIRECTION('',(0.0,0.996648336,-0.081805218));
#6434=PLANE('',#6435);
#6435=AXIS2_PLACEMENT_3D('',#6436,#6437,#6438);
#6436=CARTESIAN_POINT('',(2.75481376,1.650030717,-2.765724636));
#6437=DIRECTION('',(0.002820854,0.081804892,0.996644371));
#6438=DIRECTION('',(-5.421010862E-20,-0.996648336,0.081805218));
#6439=ADVANCED_FACE('NONE',(#6440),#6482,.T.);
#6440=FACE_BOUND('NONE',#6441,.T.);
#6441=EDGE_LOOP('',(#6442,#6443,#6444,#6452,#6460,#6468,#6476));
#6442=ORIENTED_EDGE('',*,*,#6387,.F.);
#6443=ORIENTED_EDGE('',*,*,#609,.F.);
#6444=ORIENTED_EDGE('',*,*,#6445,.T.);
#6445=EDGE_CURVE('NONE',#602,#6446,#6448,.F.);
#6446=VERTEX_POINT('NONE',#6447);
#6447=CARTESIAN_POINT('',(3.0999109,0.055169341,-2.75));
#6448=LINE('',#6449,#6450);
#6449=CARTESIAN_POINT('',(3.0999109,0.055169341,-2.764438592));
#6450=VECTOR('',#6451,1.0);
#6451=DIRECTION('',(0.0,0.0,1.0));
#6452=ORIENTED_EDGE('',*,*,#6453,.T.);
#6453=EDGE_CURVE('NONE',#6446,#6454,#6456,.T.);
#6454=VERTEX_POINT('NONE',#6455);
#6455=CARTESIAN_POINT('',(3.072502946,0.85,-2.75));
#6456=LINE('',#6457,#6458);
#6457=CARTESIAN_POINT('',(3.086206923,0.452584671,-2.75));
#6458=VECTOR('',#6459,1.0);
#6459=DIRECTION('',(-0.034462276,0.999405999,0.0));
#6460=ORIENTED_EDGE('',*,*,#6461,.T.);
#6461=EDGE_CURVE('NONE',#6454,#6462,#6464,.T.);
#6462=VERTEX_POINT('NONE',#6463);
#6463=CARTESIAN_POINT('',(3.072502946,0.85,-2.7));
#6464=LINE('',#6465,#6466);
#6465=CARTESIAN_POINT('',(3.072502946,0.850000001,-2.425));
#6466=VECTOR('',#6467,1.0);
#6467=DIRECTION('',(0.0,0.0,1.0));
#6468=ORIENTED_EDGE('',*,*,#6469,.T.);
#6469=EDGE_CURVE('NONE',#6462,#6470,#6472,.T.);
#6470=VERTEX_POINT('NONE',#6471);
#6471=CARTESIAN_POINT('',(3.065606395,1.050000002,-2.7));
#6472=LINE('',#6473,#6474);
#6473=CARTESIAN_POINT('',(3.07740798,0.707754012,-2.7));
#6474=VECTOR('',#6475,1.0);
#6475=DIRECTION('',(-0.034462276,0.999405999,0.0));
#6476=ORIENTED_EDGE('',*,*,#6477,.T.);
#6477=EDGE_CURVE('NONE',#6470,#6388,#6478,.T.);
#6478=LINE('',#6479,#6480);
#6479=CARTESIAN_POINT('',(3.065606395,1.049999999,-2.7));
#6480=VECTOR('',#6481,1.0);
#6481=DIRECTION('',(-0.034346633,0.996052358,-0.081853588));
#6482=PLANE('',#6483);
#6483=AXIS2_PLACEMENT_3D('',#6484,#6485,#6486);
#6484=CARTESIAN_POINT('',(3.0999109,0.055169341,-2.75));
#6485=DIRECTION('',(0.999405999,0.034462276,0.0));
#6486=DIRECTION('',(-0.034462276,0.999405999,0.0));
#6487=ADVANCED_FACE('NONE',(#6488),#6507,.F.);
#6488=FACE_BOUND('NONE',#6489,.T.);
#6489=EDGE_LOOP('',(#6490,#6498,#6499,#6500));
#6490=ORIENTED_EDGE('',*,*,#6491,.T.);
#6491=EDGE_CURVE('NONE',#6492,#585,#6494,.F.);
#6492=VERTEX_POINT('NONE',#6493);
#6493=CARTESIAN_POINT('',(2.904994162,1.35516932,-2.725503009));
#6494=LINE('',#6495,#6496);
#6495=CARTESIAN_POINT('',(2.904994161,1.355169341,-2.425));
#6496=VECTOR('',#6497,1.0);
#6497=DIRECTION('',(0.0,0.0,-1.0));
#6498=ORIENTED_EDGE('',*,*,#584,.F.);
#6499=ORIENTED_EDGE('',*,*,#502,.F.);
#6500=ORIENTED_EDGE('',*,*,#6501,.T.);
#6501=EDGE_CURVE('NONE',#503,#6492,#6502,.T.);
#6502=(BOUNDED_CURVE()B_SPLINE_CURVE(3,(#6503,#6504,#6505,#6506),.UNSPECIFIED.,.F.,.U.)B_SPLINE_CURVE_WITH_KNOTS((4,4),(3.861197671,4.712389133),.PIECEWISE_BEZIER_KNOTS.)CURVE()GEOMETRIC_REPRESENTATION_ITEM()RATIONAL_B_SPLINE_CURVE((1.0,0.940528626,0.940528626,1.0))REPRESENTATION_ITEM(''));
#6503=CARTESIAN_POINT('',(2.849999999,1.466149958,-2.734767998));
#6504=CARTESIAN_POINT('',(2.883990864,1.438372919,-2.732391841));
#6505=CARTESIAN_POINT('',(2.903481379,1.399040202,-2.729108231));
#6506=CARTESIAN_POINT('',(2.904994162,1.35516932,-2.725503009));
#6507=CYLINDRICAL_SURFACE('',#6508,0.15);
#6508=AXIS2_PLACEMENT_3D('',#6509,#6510,#6511);
#6509=CARTESIAN_POINT('',(2.755083261,1.35,-2.738576605));
#6510=DIRECTION('',(0.0,0.0,1.0));
#6511=DIRECTION('',(1.0,0.0,0.0));
#6512=ADVANCED_FACE('NONE',(#6513),#6556,.T.);
#6513=FACE_BOUND('NONE',#6514,.T.);
#6514=EDGE_LOOP('',(#6515,#6525,#6533,#6541,#6548,#6549,#6550));
#6515=ORIENTED_EDGE('',*,*,#6516,.T.);
#6516=EDGE_CURVE('NONE',#6517,#6519,#6521,.F.);
#6517=VERTEX_POINT('NONE',#6518);
#6518=CARTESIAN_POINT('',(2.95,0.05,-2.75));
#6519=VERTEX_POINT('NONE',#6520);
#6520=CARTESIAN_POINT('',(2.468195655,0.033386057,-3.324533332));
#6521=LINE('',#6522,#6523);
#6522=CARTESIAN_POINT('',(2.468195655,0.033386057,-3.324533332));
#6523=VECTOR('',#6524,1.0);
#6524=DIRECTION('',(0.642405793,0.022151924,0.766044443));
#6525=ORIENTED_EDGE('',*,*,#6526,.T.);
#6526=EDGE_CURVE('NONE',#6519,#6527,#6529,.F.);
#6527=VERTEX_POINT('NONE',#6528);
#6528=CARTESIAN_POINT('',(2.583034067,0.037346002,-3.420951474));
#6529=LINE('',#6530,#6531);
#6530=CARTESIAN_POINT('',(2.583034066,0.037346002,-3.420951474));
#6531=VECTOR('',#6532,1.0);
#6532=DIRECTION('',(-0.765589412,-0.026399634,0.64278761));
#6533=ORIENTED_EDGE('',*,*,#6534,.T.);
#6534=EDGE_CURVE('NONE',#6527,#6535,#6537,.F.);
#6535=VERTEX_POINT('NONE',#6536);
#6536=CARTESIAN_POINT('',(3.064838412,0.053959945,-2.846418142));
#6537=LINE('',#6538,#6539);
#6538=CARTESIAN_POINT('',(3.064838412,0.053959946,-2.846418142));
#6539=VECTOR('',#6540,1.0);
#6540=DIRECTION('',(-0.642405793,-0.022151924,-0.766044443));
#6541=ORIENTED_EDGE('',*,*,#6542,.T.);
#6542=EDGE_CURVE('NONE',#6535,#6446,#6543,.T.);
#6543=CIRCLE('',#6544,0.15);
#6544=AXIS2_PLACEMENT_3D('',#6545,#6546,#6547);
#6545=CARTESIAN_POINT('',(2.95,0.05,-2.75));
#6546=DIRECTION('',(0.034462276,-0.999405999,4.981876569E-17));
#6547=DIRECTION('',(0.999405999,0.034462276,0.0));
#6548=ORIENTED_EDGE('',*,*,#6445,.F.);
#6549=ORIENTED_EDGE('',*,*,#601,.F.);
#6550=ORIENTED_EDGE('',*,*,#6551,.T.);
#6551=EDGE_CURVE('NONE',#594,#6517,#6552,.F.);
#6552=LINE('',#6553,#6554);
#6553=CARTESIAN_POINT('',(2.95,0.05,-2.425));
#6554=VECTOR('',#6555,1.0);
#6555=DIRECTION('',(0.0,0.0,1.0));
#6556=PLANE('',#6557);
#6557=AXIS2_PLACEMENT_3D('',#6558,#6559,#6560);
#6558=CARTESIAN_POINT('',(2.464405363,0.033255357,-3.428877183));
#6559=DIRECTION('',(0.034462276,-0.999405999,0.0));
#6560=DIRECTION('',(0.999405999,0.034462276,0.0));
#6561=ADVANCED_FACE('NONE',(#6562),#6580,.F.);
#6562=FACE_BOUND('NONE',#6563,.T.);
#6563=EDGE_LOOP('',(#6564,#6565,#6573));
#6564=ORIENTED_EDGE('',*,*,#6199,.F.);
#6565=ORIENTED_EDGE('',*,*,#6566,.T.);
#6566=EDGE_CURVE('NONE',#6192,#6567,#6569,.T.);
#6567=VERTEX_POINT('NONE',#6568);
#6568=CARTESIAN_POINT('',(1.2,1.644948974,-3.2));
#6569=LINE('',#6570,#6571);
#6570=CARTESIAN_POINT('',(1.2,1.575,-3.2));
#6571=VECTOR('',#6572,1.0);
#6572=DIRECTION('',(0.0,-1.0,0.0));
#6573=ORIENTED_EDGE('',*,*,#6574,.T.);
#6574=EDGE_CURVE('NONE',#6567,#6200,#6575,.T.);
#6575=CIRCLE('',#6576,0.25);
#6576=AXIS2_PLACEMENT_3D('',#6577,#6578,#6579);
#6577=CARTESIAN_POINT('',(1.2,1.4,-3.15));
#6578=DIRECTION('',(1.0,0.0,0.0));
#6579=DIRECTION('',(0.0,0.0,-1.0));
#6580=PLANE('',#6581);
#6581=AXIS2_PLACEMENT_3D('',#6582,#6583,#6584);
#6582=CARTESIAN_POINT('',(1.2,1.644918668,-3.1497));
#6583=DIRECTION('',(1.0,0.0,0.0));
#6584=DIRECTION('',(0.0,0.0,-1.0));
#6585=ADVANCED_FACE('NONE',(#6586),#6604,.T.);
#6586=FACE_BOUND('NONE',#6587,.T.);
#6587=EDGE_LOOP('',(#6588,#6589,#6598));
#6588=ORIENTED_EDGE('',*,*,#6215,.F.);
#6589=ORIENTED_EDGE('',*,*,#6590,.T.);
#6590=EDGE_CURVE('NONE',#6208,#6591,#6593,.T.);
#6591=VERTEX_POINT('NONE',#6592);
#6592=CARTESIAN_POINT('',(-1.2,1.644948974,-3.2));
#6593=CIRCLE('',#6594,0.25);
#6594=AXIS2_PLACEMENT_3D('',#6595,#6596,#6597);
#6595=CARTESIAN_POINT('',(-1.2,1.4,-3.15));
#6596=DIRECTION('',(-1.0,0.0,0.0));
#6597=DIRECTION('',(0.0,1.561251128E-14,-1.0));
#6598=ORIENTED_EDGE('',*,*,#6599,.T.);
#6599=EDGE_CURVE('NONE',#6591,#6216,#6600,.T.);
#6600=LINE('',#6601,#6602);
#6601=CARTESIAN_POINT('',(-1.2,1.575,-3.2));
#6602=VECTOR('',#6603,1.0);
#6603=DIRECTION('',(0.0,1.0,0.0));
#6604=PLANE('',#6605);
#6605=AXIS2_PLACEMENT_3D('',#6606,#6607,#6608);
#6606=CARTESIAN_POINT('',(-1.2,1.644918668,-3.1497));
#6607=DIRECTION('',(1.0,0.0,0.0));
#6608=DIRECTION('',(0.0,0.0,-1.0));
#6609=ADVANCED_FACE('NONE',(#6610),#6639,.T.);
#6610=FACE_BOUND('NONE',#6611,.T.);
#6611=EDGE_LOOP('',(#6612,#6613,#6614,#6615,#6624,#6632));
#6612=ORIENTED_EDGE('',*,*,#6590,.F.);
#6613=ORIENTED_EDGE('',*,*,#6207,.F.);
#6614=ORIENTED_EDGE('',*,*,#6574,.F.);
#6615=ORIENTED_EDGE('',*,*,#6616,.T.);
#6616=EDGE_CURVE('NONE',#6567,#6617,#6619,.F.);
#6617=VERTEX_POINT('NONE',#6618);
#6618=CARTESIAN_POINT('',(1.2,1.4,-3.4));
#6619=CIRCLE('',#6620,0.25);
#6620=AXIS2_PLACEMENT_3D('',#6621,#6622,#6623);
#6621=CARTESIAN_POINT('',(1.2,1.4,-3.15));
#6622=DIRECTION('',(1.0,0.0,0.0));
#6623=DIRECTION('',(0.0,0.0,-1.0));
#6624=ORIENTED_EDGE('',*,*,#6625,.T.);
#6625=EDGE_CURVE('NONE',#6617,#6626,#6628,.F.);
#6626=VERTEX_POINT('NONE',#6627);
#6627=CARTESIAN_POINT('',(-1.2,1.4,-3.4));
#6628=LINE('',#6629,#6630);
#6629=CARTESIAN_POINT('',(0.0,1.4,-3.4));
#6630=VECTOR('',#6631,1.0);
#6631=DIRECTION('',(1.0,0.0,0.0));
#6632=ORIENTED_EDGE('',*,*,#6633,.T.);
#6633=EDGE_CURVE('NONE',#6626,#6591,#6634,.F.);
#6634=CIRCLE('',#6635,0.25);
#6635=AXIS2_PLACEMENT_3D('',#6636,#6637,#6638);
#6636=CARTESIAN_POINT('',(-1.2,1.4,-3.15));
#6637=DIRECTION('',(-1.0,0.0,0.0));
#6638=DIRECTION('',(0.0,-3.469446952E-15,-1.0));
#6639=CYLINDRICAL_SURFACE('',#6640,0.25);
#6640=AXIS2_PLACEMENT_3D('',#6641,#6642,#6643);
#6641=CARTESIAN_POINT('',(-1.2,1.4,-3.15));
#6642=DIRECTION('',(1.0,0.0,0.0));
#6643=DIRECTION('',(0.0,0.0,-1.0));
#6644=ADVANCED_FACE('NONE',(#6645),#6671,.F.);
#6645=FACE_BOUND('NONE',#6646,.T.);
#6646=EDGE_LOOP('',(#6647,#6648,#6656,#6665));
#6647=ORIENTED_EDGE('',*,*,#6231,.F.);
#6648=ORIENTED_EDGE('',*,*,#6649,.T.);
#6649=EDGE_CURVE('NONE',#6224,#6650,#6652,.T.);
#6650=VERTEX_POINT('NONE',#6651);
#6651=CARTESIAN_POINT('',(-1.7,1.5,-3.2));
#6652=LINE('',#6653,#6654);
#6653=CARTESIAN_POINT('',(-1.7,1.575,-3.2));
#6654=VECTOR('',#6655,1.0);
#6655=DIRECTION('',(0.0,-1.0,0.0));
#6656=ORIENTED_EDGE('',*,*,#6657,.T.);
#6657=EDGE_CURVE('NONE',#6650,#6658,#6660,.T.);
#6658=VERTEX_POINT('NONE',#6659);
#6659=CARTESIAN_POINT('',(-1.8,1.5,-3.1));
#6660=CIRCLE('',#6661,0.1);
#6661=AXIS2_PLACEMENT_3D('',#6662,#6663,#6664);
#6662=CARTESIAN_POINT('',(-1.8,1.5,-3.2));
#6663=DIRECTION('',(-1.084202172E-15,-1.0,0.0));
#6664=DIRECTION('',(1.0,-1.084202172E-15,0.0));
#6665=ORIENTED_EDGE('',*,*,#6666,.T.);
#6666=EDGE_CURVE('NONE',#6658,#6232,#6667,.T.);
#6667=LINE('',#6668,#6669);
#6668=CARTESIAN_POINT('',(-1.8,1.575,-3.1));
#6669=VECTOR('',#6670,1.0);
#6670=DIRECTION('',(0.0,1.0,0.0));
#6671=CYLINDRICAL_SURFACE('',#6672,0.1);
#6672=AXIS2_PLACEMENT_3D('',#6673,#6674,#6675);
#6673=CARTESIAN_POINT('',(-1.8,1.65,-3.2));
#6674=DIRECTION('',(-1.084202172E-15,-1.0,0.0));
#6675=DIRECTION('',(1.0,-1.084202172E-15,0.0));
#6676=ADVANCED_FACE('NONE',(#6677),#6695,.F.);
#6677=FACE_BOUND('NONE',#6678,.T.);
#6678=EDGE_LOOP('',(#6679,#6687,#6688,#6689));
#6679=ORIENTED_EDGE('',*,*,#6680,.T.);
#6680=EDGE_CURVE('NONE',#6681,#6241,#6683,.F.);
#6681=VERTEX_POINT('NONE',#6682);
#6682=CARTESIAN_POINT('',(-2.4,1.5,-3.1));
#6683=LINE('',#6684,#6685);
#6684=CARTESIAN_POINT('',(-2.4,1.575,-3.1));
#6685=VECTOR('',#6686,1.0);
#6686=DIRECTION('',(0.0,-1.0,0.0));
#6687=ORIENTED_EDGE('',*,*,#6240,.F.);
#6688=ORIENTED_EDGE('',*,*,#6666,.F.);
#6689=ORIENTED_EDGE('',*,*,#6690,.T.);
#6690=EDGE_CURVE('NONE',#6658,#6681,#6691,.T.);
#6691=LINE('',#6692,#6693);
#6692=CARTESIAN_POINT('',(-2.025,1.5,-3.1));
#6693=VECTOR('',#6694,1.0);
#6694=DIRECTION('',(-1.0,0.0,0.0));
#6695=PLANE('',#6696);
#6696=AXIS2_PLACEMENT_3D('',#6697,#6698,#6699);
#6697=CARTESIAN_POINT('',(-2.4,1.5,-3.1));
#6698=DIRECTION('',(0.0,0.0,1.0));
#6699=DIRECTION('',(1.0,0.0,0.0));
#6700=ADVANCED_FACE('NONE',(#6701),#6720,.F.);
#6701=FACE_BOUND('NONE',#6702,.T.);
#6702=EDGE_LOOP('',(#6703,#6704,#6705,#6714));
#6703=ORIENTED_EDGE('',*,*,#6248,.F.);
#6704=ORIENTED_EDGE('',*,*,#6680,.F.);
#6705=ORIENTED_EDGE('',*,*,#6706,.T.);
#6706=EDGE_CURVE('NONE',#6681,#6707,#6709,.T.);
#6707=VERTEX_POINT('NONE',#6708);
#6708=CARTESIAN_POINT('',(-2.5,1.5,-3.2));
#6709=CIRCLE('',#6710,0.1);
#6710=AXIS2_PLACEMENT_3D('',#6711,#6712,#6713);
#6711=CARTESIAN_POINT('',(-2.4,1.5,-3.2));
#6712=DIRECTION('',(-1.084202172E-15,-1.0,0.0));
#6713=DIRECTION('',(1.0,-1.084202172E-15,0.0));
#6714=ORIENTED_EDGE('',*,*,#6715,.T.);
#6715=EDGE_CURVE('NONE',#6707,#6249,#6716,.T.);
#6716=LINE('',#6717,#6718);
#6717=CARTESIAN_POINT('',(-2.5,1.575,-3.2));
#6718=VECTOR('',#6719,1.0);
#6719=DIRECTION('',(0.0,1.0,0.0));
#6720=CYLINDRICAL_SURFACE('',#6721,0.1);
#6721=AXIS2_PLACEMENT_3D('',#6722,#6723,#6724);
#6722=CARTESIAN_POINT('',(-2.4,1.65,-3.2));
#6723=DIRECTION('',(-1.084202172E-15,-1.0,0.0));
#6724=DIRECTION('',(1.0,-1.084202172E-15,0.0));
#6725=ADVANCED_FACE('NONE',(#6726),#6744,.F.);
#6726=FACE_BOUND('NONE',#6727,.T.);
#6727=EDGE_LOOP('',(#6728,#6736,#6737,#6738));
#6728=ORIENTED_EDGE('',*,*,#6729,.T.);
#6729=EDGE_CURVE('NONE',#6730,#6258,#6732,.T.);
#6730=VERTEX_POINT('NONE',#6731);
#6731=CARTESIAN_POINT('',(-2.8,1.5,-3.2));
#6732=LINE('',#6733,#6734);
#6733=CARTESIAN_POINT('',(-2.8,1.575,-3.2));
#6734=VECTOR('',#6735,1.0);
#6735=DIRECTION('',(0.0,1.0,0.0));
#6736=ORIENTED_EDGE('',*,*,#6257,.F.);
#6737=ORIENTED_EDGE('',*,*,#6715,.F.);
#6738=ORIENTED_EDGE('',*,*,#6739,.T.);
#6739=EDGE_CURVE('NONE',#6707,#6730,#6740,.T.);
#6740=LINE('',#6741,#6742);
#6741=CARTESIAN_POINT('',(-2.025,1.5,-3.2));
#6742=VECTOR('',#6743,1.0);
#6743=DIRECTION('',(-1.0,0.0,0.0));
#6744=PLANE('',#6745);
#6745=AXIS2_PLACEMENT_3D('',#6746,#6747,#6748);
#6746=CARTESIAN_POINT('',(-2.8,1.5,-3.2));
#6747=DIRECTION('',(0.0,0.0,1.0));
#6748=DIRECTION('',(1.0,0.0,0.0));
#6749=ADVANCED_FACE('NONE',(#6750),#6769,.F.);
#6750=FACE_BOUND('NONE',#6751,.T.);
#6751=EDGE_LOOP('',(#6752,#6760,#6761,#6762,#6763));
#6752=ORIENTED_EDGE('',*,*,#6753,.T.);
#6753=EDGE_CURVE('NONE',#6754,#6308,#6756,.T.);
#6754=VERTEX_POINT('NONE',#6755);
#6755=CARTESIAN_POINT('',(-2.8,1.5,-2.737687941));
#6756=LINE('',#6757,#6758);
#6757=CARTESIAN_POINT('',(-2.8,1.34571119,-2.725023853));
#6758=VECTOR('',#6759,1.0);
#6759=DIRECTION('',(0.0,0.99664833,-0.081805293));
#6760=ORIENTED_EDGE('',*,*,#6317,.F.);
#6761=ORIENTED_EDGE('',*,*,#6265,.F.);
#6762=ORIENTED_EDGE('',*,*,#6729,.F.);
#6763=ORIENTED_EDGE('',*,*,#6764,.T.);
#6764=EDGE_CURVE('NONE',#6730,#6754,#6765,.T.);
#6765=LINE('',#6766,#6767);
#6766=CARTESIAN_POINT('',(-2.8,1.5,-3.09163585));
#6767=VECTOR('',#6768,1.0);
#6768=DIRECTION('',(0.0,0.0,1.0));
#6769=PLANE('',#6770);
#6770=AXIS2_PLACEMENT_3D('',#6771,#6772,#6773);
#6771=CARTESIAN_POINT('',(-2.8,1.5,-2.73768794));
#6772=DIRECTION('',(1.0,0.0,0.0));
#6773=DIRECTION('',(0.0,0.0,-1.0));
#6774=ADVANCED_FACE('NONE',(#6775),#6790,.F.);
#6775=FACE_BOUND('NONE',#6776,.T.);
#6776=EDGE_LOOP('',(#6777,#6778,#6779,#6780,#6781,#6782,#6783,#6784));
#6777=ORIENTED_EDGE('',*,*,#841,.F.);
#6778=ORIENTED_EDGE('',*,*,#6368,.F.);
#6779=ORIENTED_EDGE('',*,*,#943,.F.);
#6780=ORIENTED_EDGE('',*,*,#6352,.F.);
#6781=ORIENTED_EDGE('',*,*,#1015,.F.);
#6782=ORIENTED_EDGE('',*,*,#6331,.F.);
#6783=ORIENTED_EDGE('',*,*,#6753,.F.);
#6784=ORIENTED_EDGE('',*,*,#6785,.T.);
#6785=EDGE_CURVE('NONE',#6754,#842,#6786,.T.);
#6786=LINE('',#6787,#6788);
#6787=CARTESIAN_POINT('',(-2.850012099,1.5,-2.737546388));
#6788=VECTOR('',#6789,1.0);
#6789=DIRECTION('',(-0.999995995,0.0,0.002830348));
#6790=PLANE('',#6791);
#6791=AXIS2_PLACEMENT_3D('',#6792,#6793,#6794);
#6792=CARTESIAN_POINT('',(-3.067200033,1.650290966,-2.749267611));
#6793=DIRECTION('',(0.002820862,0.081804967,0.996644365));
#6794=DIRECTION('',(-1.084202172E-19,-0.99664833,0.081805293));
#6795=ADVANCED_FACE('NONE',(#6796),#6821,.F.);
#6796=FACE_BOUND('NONE',#6797,.T.);
#6797=EDGE_LOOP('',(#6798,#6799,#6807,#6815));
#6798=ORIENTED_EDGE('',*,*,#857,.F.);
#6799=ORIENTED_EDGE('',*,*,#6800,.T.);
#6800=EDGE_CURVE('NONE',#850,#6801,#6803,.F.);
#6801=VERTEX_POINT('NONE',#6802);
#6802=CARTESIAN_POINT('',(-3.05,1.2,-2.75));
#6803=LINE('',#6804,#6805);
#6804=CARTESIAN_POINT('',(-2.95,1.35,-2.75));
#6805=VECTOR('',#6806,1.0);
#6806=DIRECTION('',(0.554700196,0.832050294,0.0));
#6807=ORIENTED_EDGE('',*,*,#6808,.T.);
#6808=EDGE_CURVE('NONE',#6801,#6809,#6811,.F.);
#6809=VERTEX_POINT('NONE',#6810);
#6810=CARTESIAN_POINT('',(-3.05,0.88,-2.75));
#6811=LINE('',#6812,#6813);
#6812=CARTESIAN_POINT('',(-3.05,1.04,-2.75));
#6813=VECTOR('',#6814,1.0);
#6814=DIRECTION('',(0.0,1.0,0.0));
#6815=ORIENTED_EDGE('',*,*,#6816,.T.);
#6816=EDGE_CURVE('NONE',#6809,#716,#6817,.F.);
#6817=LINE('',#6818,#6819);
#6818=CARTESIAN_POINT('',(-2.77335,0.85485,-2.75));
#6819=VECTOR('',#6820,1.0);
#6820=DIRECTION('',(-0.995893206,0.090535746,0.0));
#6821=PLANE('',#6822);
#6822=AXIS2_PLACEMENT_3D('',#6823,#6824,#6825);
#6823=CARTESIAN_POINT('',(-2.85,0.857989091,-2.75));
#6824=DIRECTION('',(0.0,0.0,-1.0));
#6825=DIRECTION('',(-1.0,0.0,0.0));
#6826=ADVANCED_FACE('NONE',(#6827),#6861,.F.);
#6827=FACE_BOUND('NONE',#6828,.T.);
#6828=EDGE_LOOP('',(#6829,#6830,#6838,#6844,#6845,#6846,#6854,#6860));
#6829=ORIENTED_EDGE('',*,*,#552,.F.);
#6830=ORIENTED_EDGE('',*,*,#6831,.T.);
#6831=EDGE_CURVE('NONE',#545,#6832,#6834,.T.);
#6832=VERTEX_POINT('NONE',#6833);
#6833=CARTESIAN_POINT('',(2.8,1.5,-2.737687941));
#6834=LINE('',#6835,#6836);
#6835=CARTESIAN_POINT('',(1.200025317,1.5,-2.742216444));
#6836=VECTOR('',#6837,1.0);
#6837=DIRECTION('',(-0.999995995,0.0,-0.002830348));
#6838=ORIENTED_EDGE('',*,*,#6839,.T.);
#6839=EDGE_CURVE('NONE',#6832,#6396,#6840,.T.);
#6840=LINE('',#6841,#6842);
#6841=CARTESIAN_POINT('',(2.8,1.650229306,-2.750018822));
#6842=VECTOR('',#6843,1.0);
#6843=DIRECTION('',(0.0,0.99664833,-0.081805293));
#6844=ORIENTED_EDGE('',*,*,#6395,.F.);
#6845=ORIENTED_EDGE('',*,*,#6477,.F.);
#6846=ORIENTED_EDGE('',*,*,#6847,.T.);
#6847=EDGE_CURVE('NONE',#6470,#6848,#6850,.T.);
#6848=VERTEX_POINT('NONE',#6849);
#6849=CARTESIAN_POINT('',(2.915695495,1.044830658,-2.7));
#6850=LINE('',#6851,#6852);
#6851=CARTESIAN_POINT('',(3.065606395,1.05,-2.699999999));
#6852=VECTOR('',#6853,1.0);
#6853=DIRECTION('',(-0.999405999,-0.034462276,-6.10822157E-10));
#6854=ORIENTED_EDGE('',*,*,#6855,.T.);
#6855=EDGE_CURVE('NONE',#6848,#6492,#6856,.F.);
#6856=LINE('',#6857,#6858);
#6857=CARTESIAN_POINT('',(2.904994161,1.355169341,-2.725503011));
#6858=VECTOR('',#6859,1.0);
#6859=DIRECTION('',(0.034346633,-0.996052358,0.081853588));
#6860=ORIENTED_EDGE('',*,*,#6501,.F.);
#6861=PLANE('',#6862);
#6862=AXIS2_PLACEMENT_3D('',#6863,#6864,#6865);
#6863=CARTESIAN_POINT('',(2.8,1.650229306,-2.750018822));
#6864=DIRECTION('',(-0.002820862,0.081804967,0.996644365));
#6865=DIRECTION('',(0.0,-0.99664833,0.081805293));
#6866=ADVANCED_FACE('NONE',(#6867),#6887,.F.);
#6867=FACE_BOUND('NONE',#6868,.T.);
#6868=EDGE_LOOP('',(#6869,#6870,#6871,#6879,#6885,#6886));
#6869=ORIENTED_EDGE('',*,*,#6404,.F.);
#6870=ORIENTED_EDGE('',*,*,#6839,.F.);
#6871=ORIENTED_EDGE('',*,*,#6872,.T.);
#6872=EDGE_CURVE('NONE',#6832,#6873,#6875,.T.);
#6873=VERTEX_POINT('NONE',#6874);
#6874=CARTESIAN_POINT('',(2.8,1.5,-3.2));
#6875=LINE('',#6876,#6877);
#6876=CARTESIAN_POINT('',(2.8,1.5,-3.09163585));
#6877=VECTOR('',#6878,1.0);
#6878=DIRECTION('',(0.0,0.0,-1.0));
#6879=ORIENTED_EDGE('',*,*,#6880,.T.);
#6880=EDGE_CURVE('NONE',#6873,#6150,#6881,.T.);
#6881=LINE('',#6882,#6883);
#6882=CARTESIAN_POINT('',(2.8,1.575,-3.2));
#6883=VECTOR('',#6884,1.0);
#6884=DIRECTION('',(0.0,1.0,0.0));
#6885=ORIENTED_EDGE('',*,*,#6149,.F.);
#6886=ORIENTED_EDGE('',*,*,#6429,.F.);
#6887=PLANE('',#6888);
#6888=AXIS2_PLACEMENT_3D('',#6889,#6890,#6891);
#6889=CARTESIAN_POINT('',(2.8,1.5,-3.2));
#6890=DIRECTION('',(-1.0,0.0,0.0));
#6891=DIRECTION('',(0.0,0.0,1.0));
#6892=ADVANCED_FACE('NONE',(#6893),#6911,.F.);
#6893=FACE_BOUND('NONE',#6894,.T.);
#6894=EDGE_LOOP('',(#6895,#6903,#6904,#6905));
#6895=ORIENTED_EDGE('',*,*,#6896,.T.);
#6896=EDGE_CURVE('NONE',#6897,#6158,#6899,.F.);
#6897=VERTEX_POINT('NONE',#6898);
#6898=CARTESIAN_POINT('',(2.5,1.5,-3.2));
#6899=LINE('',#6900,#6901);
#6900=CARTESIAN_POINT('',(2.5,1.575,-3.2));
#6901=VECTOR('',#6902,1.0);
#6902=DIRECTION('',(0.0,-1.0,0.0));
#6903=ORIENTED_EDGE('',*,*,#6157,.F.);
#6904=ORIENTED_EDGE('',*,*,#6880,.F.);
#6905=ORIENTED_EDGE('',*,*,#6906,.T.);
#6906=EDGE_CURVE('NONE',#6873,#6897,#6907,.T.);
#6907=LINE('',#6908,#6909);
#6908=CARTESIAN_POINT('',(2.025,1.5,-3.2));
#6909=VECTOR('',#6910,1.0);
#6910=DIRECTION('',(-1.0,0.0,0.0));
#6911=PLANE('',#6912);
#6912=AXIS2_PLACEMENT_3D('',#6913,#6914,#6915);
#6913=CARTESIAN_POINT('',(2.5,1.5,-3.2));
#6914=DIRECTION('',(0.0,0.0,1.0));
#6915=DIRECTION('',(1.0,0.0,0.0));
#6916=ADVANCED_FACE('NONE',(#6917),#6936,.F.);
#6917=FACE_BOUND('NONE',#6918,.T.);
#6918=EDGE_LOOP('',(#6919,#6920,#6921,#6930));
#6919=ORIENTED_EDGE('',*,*,#6165,.F.);
#6920=ORIENTED_EDGE('',*,*,#6896,.F.);
#6921=ORIENTED_EDGE('',*,*,#6922,.T.);
#6922=EDGE_CURVE('NONE',#6897,#6923,#6925,.T.);
#6923=VERTEX_POINT('NONE',#6924);
#6924=CARTESIAN_POINT('',(2.4,1.5,-3.1));
#6925=CIRCLE('',#6926,0.1);
#6926=AXIS2_PLACEMENT_3D('',#6927,#6928,#6929);
#6927=CARTESIAN_POINT('',(2.4,1.5,-3.2));
#6928=DIRECTION('',(-1.084202172E-15,-1.0,0.0));
#6929=DIRECTION('',(1.0,-1.084202172E-15,0.0));
#6930=ORIENTED_EDGE('',*,*,#6931,.T.);
#6931=EDGE_CURVE('NONE',#6923,#6166,#6932,.T.);
#6932=LINE('',#6933,#6934);
#6933=CARTESIAN_POINT('',(2.4,1.575,-3.1));
#6934=VECTOR('',#6935,1.0);
#6935=DIRECTION('',(0.0,1.0,0.0));
#6936=CYLINDRICAL_SURFACE('',#6937,0.1);
#6937=AXIS2_PLACEMENT_3D('',#6938,#6939,#6940);
#6938=CARTESIAN_POINT('',(2.4,1.65,-3.2));
#6939=DIRECTION('',(-1.084202172E-15,-1.0,0.0));
#6940=DIRECTION('',(1.0,-1.084202172E-15,0.0));
#6941=ADVANCED_FACE('NONE',(#6942),#6960,.F.);
#6942=FACE_BOUND('NONE',#6943,.T.);
#6943=EDGE_LOOP('',(#6944,#6952,#6953,#6954));
#6944=ORIENTED_EDGE('',*,*,#6945,.T.);
#6945=EDGE_CURVE('NONE',#6946,#6175,#6948,.F.);
#6946=VERTEX_POINT('NONE',#6947);
#6947=CARTESIAN_POINT('',(1.8,1.5,-3.1));
#6948=LINE('',#6949,#6950);
#6949=CARTESIAN_POINT('',(1.8,1.575,-3.1));
#6950=VECTOR('',#6951,1.0);
#6951=DIRECTION('',(0.0,-1.0,0.0));
#6952=ORIENTED_EDGE('',*,*,#6174,.F.);
#6953=ORIENTED_EDGE('',*,*,#6931,.F.);
#6954=ORIENTED_EDGE('',*,*,#6955,.T.);
#6955=EDGE_CURVE('NONE',#6923,#6946,#6956,.T.);
#6956=LINE('',#6957,#6958);
#6957=CARTESIAN_POINT('',(2.025,1.5,-3.1));
#6958=VECTOR('',#6959,1.0);
#6959=DIRECTION('',(-1.0,0.0,0.0));
#6960=PLANE('',#6961);
#6961=AXIS2_PLACEMENT_3D('',#6962,#6963,#6964);
#6962=CARTESIAN_POINT('',(1.8,1.5,-3.1));
#6963=DIRECTION('',(0.0,0.0,1.0));
#6964=DIRECTION('',(1.0,0.0,0.0));
#6965=ADVANCED_FACE('NONE',(#6966),#6985,.F.);
#6966=FACE_BOUND('NONE',#6967,.T.);
#6967=EDGE_LOOP('',(#6968,#6969,#6970,#6979));
#6968=ORIENTED_EDGE('',*,*,#6182,.F.);
#6969=ORIENTED_EDGE('',*,*,#6945,.F.);
#6970=ORIENTED_EDGE('',*,*,#6971,.T.);
#6971=EDGE_CURVE('NONE',#6946,#6972,#6974,.T.);
#6972=VERTEX_POINT('NONE',#6973);
#6973=CARTESIAN_POINT('',(1.7,1.5,-3.2));
#6974=CIRCLE('',#6975,0.1);
#6975=AXIS2_PLACEMENT_3D('',#6976,#6977,#6978);
#6976=CARTESIAN_POINT('',(1.8,1.5,-3.2));
#6977=DIRECTION('',(-1.084202172E-15,-1.0,0.0));
#6978=DIRECTION('',(1.0,-1.084202172E-15,0.0));
#6979=ORIENTED_EDGE('',*,*,#6980,.T.);
#6980=EDGE_CURVE('NONE',#6972,#6183,#6981,.T.);
#6981=LINE('',#6982,#6983);
#6982=CARTESIAN_POINT('',(1.7,1.575,-3.2));
#6983=VECTOR('',#6984,1.0);
#6984=DIRECTION('',(0.0,1.0,0.0));
#6985=CYLINDRICAL_SURFACE('',#6986,0.1);
#6986=AXIS2_PLACEMENT_3D('',#6987,#6988,#6989);
#6987=CARTESIAN_POINT('',(1.8,1.65,-3.2));
#6988=DIRECTION('',(-1.084202172E-15,-1.0,0.0));
#6989=DIRECTION('',(1.0,-1.084202172E-15,0.0));
#6990=ADVANCED_FACE('NONE',(#6991),#7016,.T.);
#6991=FACE_BOUND('NONE',#6992,.T.);
#6992=EDGE_LOOP('',(#6993,#7003,#7009,#7010));
#6993=ORIENTED_EDGE('',*,*,#6994,.T.);
#6994=EDGE_CURVE('NONE',#6995,#6997,#6999,.F.);
#6995=VERTEX_POINT('NONE',#6996);
#6996=CARTESIAN_POINT('',(3.05,0.88,-2.75));
#6997=VERTEX_POINT('NONE',#6998);
#6998=CARTESIAN_POINT('',(3.05,1.2,-2.75));
#6999=LINE('',#7000,#7001);
#7000=CARTESIAN_POINT('',(3.05,1.04,-2.75));
#7001=VECTOR('',#7002,1.0);
#7002=DIRECTION('',(0.0,-1.0,0.0));
#7003=ORIENTED_EDGE('',*,*,#7004,.T.);
#7004=EDGE_CURVE('NONE',#6997,#537,#7005,.F.);
#7005=LINE('',#7006,#7007);
#7006=CARTESIAN_POINT('',(2.95,1.35,-2.75));
#7007=VECTOR('',#7008,1.0);
#7008=DIRECTION('',(0.554700196,-0.832050294,0.0));
#7009=ORIENTED_EDGE('',*,*,#536,.F.);
#7010=ORIENTED_EDGE('',*,*,#7011,.T.);
#7011=EDGE_CURVE('NONE',#465,#6995,#7012,.F.);
#7012=LINE('',#7013,#7014);
#7013=CARTESIAN_POINT('',(2.77335,0.85485,-2.75));
#7014=VECTOR('',#7015,1.0);
#7015=DIRECTION('',(-0.995893206,-0.090535746,0.0));
#7016=PLANE('',#7017);
#7017=AXIS2_PLACEMENT_3D('',#7018,#7019,#7020);
#7018=CARTESIAN_POINT('',(2.85,0.857989091,-2.75));
#7019=DIRECTION('',(0.0,0.0,1.0));
#7020=DIRECTION('',(1.0,0.0,0.0));
#7021=ADVANCED_FACE('NONE',(#7022),#7047,.T.);
#7022=FACE_BOUND('NONE',#7023,.T.);
#7023=EDGE_LOOP('',(#7024,#7025,#7033,#7041));
#7024=ORIENTED_EDGE('',*,*,#6526,.F.);
#7025=ORIENTED_EDGE('',*,*,#7026,.T.);
#7026=EDGE_CURVE('NONE',#6519,#7027,#7029,.F.);
#7027=VERTEX_POINT('NONE',#7028);
#7028=CARTESIAN_POINT('',(2.440787701,0.828216716,-3.324533332));
#7029=LINE('',#7030,#7031);
#7030=CARTESIAN_POINT('',(2.440787701,0.828216715,-3.324533332));
#7031=VECTOR('',#7032,1.0);
#7032=DIRECTION('',(0.034462276,-0.999405999,1.866183797E-10));
#7033=ORIENTED_EDGE('',*,*,#7034,.T.);
#7034=EDGE_CURVE('NONE',#7027,#7035,#7037,.T.);
#7035=VERTEX_POINT('NONE',#7036);
#7036=CARTESIAN_POINT('',(2.555626113,0.832176661,-3.420951474));
#7037=LINE('',#7038,#7039);
#7038=CARTESIAN_POINT('',(2.440787702,0.828216716,-3.324533333));
#7039=VECTOR('',#7040,1.0);
#7040=DIRECTION('',(0.765589412,0.026399635,-0.64278761));
#7041=ORIENTED_EDGE('',*,*,#7042,.T.);
#7042=EDGE_CURVE('NONE',#7035,#6527,#7043,.F.);
#7043=LINE('',#7044,#7045);
#7044=CARTESIAN_POINT('',(2.583034067,0.037346003,-3.420951474));
#7045=VECTOR('',#7046,1.0);
#7046=DIRECTION('',(-0.034462276,0.999405999,3.203653057E-10));
#7047=PLANE('',#7048);
#7048=AXIS2_PLACEMENT_3D('',#7049,#7050,#7051);
#7049=CARTESIAN_POINT('',(2.583944601,0.028593313,-3.421461945));
#7050=DIRECTION('',(-0.642405793,-0.022151924,-0.766044443));
#7051=DIRECTION('',(-0.766232464,-1.734723476E-18,0.642563468));
#7052=ADVANCED_FACE('NONE',(#7053),#7071,.T.);
#7053=FACE_BOUND('NONE',#7054,.T.);
#7054=EDGE_LOOP('',(#7055,#7056,#7057,#7065));
#7055=ORIENTED_EDGE('',*,*,#6534,.F.);
#7056=ORIENTED_EDGE('',*,*,#7042,.F.);
#7057=ORIENTED_EDGE('',*,*,#7058,.T.);
#7058=EDGE_CURVE('NONE',#7035,#7059,#7061,.T.);
#7059=VERTEX_POINT('NONE',#7060);
#7060=CARTESIAN_POINT('',(3.037430458,0.848790604,-2.846418142));
#7061=LINE('',#7062,#7063);
#7062=CARTESIAN_POINT('',(2.555626113,0.832176661,-3.420951474));
#7063=VECTOR('',#7064,1.0);
#7064=DIRECTION('',(0.642405793,0.022151924,0.766044443));
#7065=ORIENTED_EDGE('',*,*,#7066,.T.);
#7066=EDGE_CURVE('NONE',#7059,#6535,#7067,.T.);
#7067=LINE('',#7068,#7069);
#7068=CARTESIAN_POINT('',(3.051134435,0.451375274,-2.846418142));
#7069=VECTOR('',#7070,1.0);
#7070=DIRECTION('',(0.034462276,-0.999405999,-1.948409982E-10));
#7071=PLANE('',#7072);
#7072=AXIS2_PLACEMENT_3D('',#7073,#7074,#7075);
#7073=CARTESIAN_POINT('',(3.068233741,0.032477335,-2.843256452));
#7074=DIRECTION('',(0.765589412,0.026399636,-0.64278761));
#7075=DIRECTION('',(-0.643011719,0.0,-0.765856337));
#7076=ADVANCED_FACE('NONE',(#7077),#7089,.T.);
#7077=FACE_BOUND('NONE',#7078,.T.);
#7078=EDGE_LOOP('',(#7079,#7080,#7081,#7082));
#7079=ORIENTED_EDGE('',*,*,#6453,.F.);
#7080=ORIENTED_EDGE('',*,*,#6542,.F.);
#7081=ORIENTED_EDGE('',*,*,#7066,.F.);
#7082=ORIENTED_EDGE('',*,*,#7083,.T.);
#7083=EDGE_CURVE('NONE',#7059,#6454,#7084,.T.);
#7084=CIRCLE('',#7085,0.15);
#7085=AXIS2_PLACEMENT_3D('',#7086,#7087,#7088);
#7086=CARTESIAN_POINT('',(2.922592046,0.844830659,-2.75));
#7087=DIRECTION('',(0.034462276,-0.999405999,4.981876569E-17));
#7088=DIRECTION('',(0.999405999,0.034462276,-8.859277744E-33));
#7089=CYLINDRICAL_SURFACE('',#7090,0.15);
#7090=AXIS2_PLACEMENT_3D('',#7091,#7092,#7093);
#7091=CARTESIAN_POINT('',(2.922592046,0.844830659,-2.75));
#7092=DIRECTION('',(0.034462276,-0.999405999,4.981876569E-17));
#7093=DIRECTION('',(0.999405999,0.034462276,-8.859277744E-33));
#7094=ADVANCED_FACE('NONE',(#7095),#7113,.F.);
#7095=FACE_BOUND('NONE',#7096,.T.);
#7096=EDGE_LOOP('',(#7097,#7098,#7099,#7107));
#7097=ORIENTED_EDGE('',*,*,#6847,.F.);
#7098=ORIENTED_EDGE('',*,*,#6469,.F.);
#7099=ORIENTED_EDGE('',*,*,#7100,.T.);
#7100=EDGE_CURVE('NONE',#6462,#7101,#7103,.T.);
#7101=VERTEX_POINT('NONE',#7102);
#7102=CARTESIAN_POINT('',(2.922592046,0.844830659,-2.7));
#7103=LINE('',#7104,#7105);
#7104=CARTESIAN_POINT('',(2.754750178,0.839043008,-2.7));
#7105=VECTOR('',#7106,1.0);
#7106=DIRECTION('',(-0.999405999,-0.034462276,0.0));
#7107=ORIENTED_EDGE('',*,*,#7108,.T.);
#7108=EDGE_CURVE('NONE',#7101,#6848,#7109,.F.);
#7109=LINE('',#7110,#7111);
#7110=CARTESIAN_POINT('',(2.927497081,0.702584671,-2.7));
#7111=VECTOR('',#7112,1.0);
#7112=DIRECTION('',(0.034462276,-0.999405999,0.0));
#7113=PLANE('',#7114);
#7114=AXIS2_PLACEMENT_3D('',#7115,#7116,#7117);
#7115=CARTESIAN_POINT('',(2.91475465,0.843599643,-2.7));
#7116=DIRECTION('',(0.0,0.0,1.0));
#7117=DIRECTION('',(1.0,0.0,0.0));
#7118=ADVANCED_FACE('NONE',(#7119),#7140,.T.);
#7119=FACE_BOUND('NONE',#7120,.T.);
#7120=EDGE_LOOP('',(#7121,#7122,#7123,#7131,#7137,#7138,#7139));
#7121=ORIENTED_EDGE('',*,*,#6855,.F.);
#7122=ORIENTED_EDGE('',*,*,#7108,.F.);
#7123=ORIENTED_EDGE('',*,*,#7124,.T.);
#7124=EDGE_CURVE('NONE',#7101,#7125,#7127,.T.);
#7125=VERTEX_POINT('NONE',#7126);
#7126=CARTESIAN_POINT('',(2.922592046,0.844830659,-2.75));
#7127=LINE('',#7128,#7129);
#7128=CARTESIAN_POINT('',(2.922592046,0.844830659,-3.062638591));
#7129=VECTOR('',#7130,1.0);
#7130=DIRECTION('',(0.0,0.0,-1.0));
#7131=ORIENTED_EDGE('',*,*,#7132,.T.);
#7132=EDGE_CURVE('NONE',#7125,#6517,#7133,.F.);
#7133=LINE('',#7134,#7135);
#7134=CARTESIAN_POINT('',(2.95,0.05,-2.75));
#7135=VECTOR('',#7136,1.0);
#7136=DIRECTION('',(-0.034462276,0.999405999,-1.86618925E-10));
#7137=ORIENTED_EDGE('',*,*,#6551,.F.);
#7138=ORIENTED_EDGE('',*,*,#593,.F.);
#7139=ORIENTED_EDGE('',*,*,#6491,.F.);
#7140=PLANE('',#7141);
#7141=AXIS2_PLACEMENT_3D('',#7142,#7143,#7144);
#7142=CARTESIAN_POINT('',(2.904994161,1.355169341,-2.75));
#7143=DIRECTION('',(-0.999405999,-0.034462276,0.0));
#7144=DIRECTION('',(0.034462276,-0.999405999,0.0));
#7145=ADVANCED_FACE('NONE',(#7146),#7173,.T.);
#7146=FACE_BOUND('NONE',#7147,.T.);
#7147=EDGE_LOOP('',(#7148,#7149,#7157,#7165,#7171,#7172));
#7148=ORIENTED_EDGE('',*,*,#7132,.F.);
#7149=ORIENTED_EDGE('',*,*,#7150,.T.);
#7150=EDGE_CURVE('NONE',#7125,#7151,#7153,.T.);
#7151=VERTEX_POINT('NONE',#7152);
#7152=CARTESIAN_POINT('',(2.504581533,0.830416503,-3.248461617));
#7153=LINE('',#7154,#7155);
#7154=CARTESIAN_POINT('',(2.922592046,0.844830659,-2.75));
#7155=VECTOR('',#7156,1.0);
#7156=DIRECTION('',(-0.642405793,-0.022151924,-0.766044443));
#7157=ORIENTED_EDGE('',*,*,#7158,.T.);
#7158=EDGE_CURVE('NONE',#7151,#7159,#7161,.F.);
#7159=VERTEX_POINT('NONE',#7160);
#7160=CARTESIAN_POINT('',(2.503292695,0.830335733,-3.25));
#7161=LINE('',#7162,#7163);
#7162=CARTESIAN_POINT('',(2.503293946,0.83029945,-3.25));
#7163=VECTOR('',#7164,1.0);
#7164=DIRECTION('',(0.640740929,0.058249175,0.765544313));
#7165=ORIENTED_EDGE('',*,*,#7166,.T.);
#7166=EDGE_CURVE('NONE',#7159,#7027,#7167,.T.);
#7167=LINE('',#7168,#7169);
#7168=CARTESIAN_POINT('',(2.503291443,0.830372017,-3.25));
#7169=VECTOR('',#7170,1.0);
#7170=DIRECTION('',(-0.642405793,-0.022151924,-0.766044443));
#7171=ORIENTED_EDGE('',*,*,#7026,.F.);
#7172=ORIENTED_EDGE('',*,*,#6516,.F.);
#7173=PLANE('',#7174);
#7174=AXIS2_PLACEMENT_3D('',#7175,#7176,#7177);
#7175=CARTESIAN_POINT('',(2.454001086,0.028517389,-3.341639671));
#7176=DIRECTION('',(-0.765589412,-0.026399635,0.64278761));
#7177=DIRECTION('',(0.643011719,0.0,0.765856337));
#7178=ADVANCED_FACE('NONE',(#7179),#7198,.F.);
#7179=FACE_BOUND('NONE',#7180,.T.);
#7180=EDGE_LOOP('',(#7181,#7189,#7190,#7191,#7192));
#7181=ORIENTED_EDGE('',*,*,#7182,.T.);
#7182=EDGE_CURVE('NONE',#7183,#6567,#7185,.T.);
#7183=VERTEX_POINT('NONE',#7184);
#7184=CARTESIAN_POINT('',(1.2,1.5,-3.2));
#7185=LINE('',#7186,#7187);
#7186=CARTESIAN_POINT('',(1.2,1.418839334,-3.2));
#7187=VECTOR('',#7188,1.0);
#7188=DIRECTION('',(0.0,1.0,0.0));
#7189=ORIENTED_EDGE('',*,*,#6566,.F.);
#7190=ORIENTED_EDGE('',*,*,#6191,.F.);
#7191=ORIENTED_EDGE('',*,*,#6980,.F.);
#7192=ORIENTED_EDGE('',*,*,#7193,.T.);
#7193=EDGE_CURVE('NONE',#6972,#7183,#7194,.T.);
#7194=LINE('',#7195,#7196);
#7195=CARTESIAN_POINT('',(2.025,1.5,-3.2));
#7196=VECTOR('',#7197,1.0);
#7197=DIRECTION('',(-1.0,0.0,0.0));
#7198=PLANE('',#7199);
#7199=AXIS2_PLACEMENT_3D('',#7200,#7201,#7202);
#7200=CARTESIAN_POINT('',(1.2,1.5,-3.2));
#7201=DIRECTION('',(0.0,0.0,1.0));
#7202=DIRECTION('',(1.0,0.0,0.0));
#7203=ADVANCED_FACE('NONE',(#7204),#7223,.F.);
#7204=FACE_BOUND('NONE',#7205,.T.);
#7205=EDGE_LOOP('',(#7206,#7207,#7208,#7209,#7217));
#7206=ORIENTED_EDGE('',*,*,#6649,.F.);
#7207=ORIENTED_EDGE('',*,*,#6223,.F.);
#7208=ORIENTED_EDGE('',*,*,#6599,.F.);
#7209=ORIENTED_EDGE('',*,*,#7210,.T.);
#7210=EDGE_CURVE('NONE',#6591,#7211,#7213,.T.);
#7211=VERTEX_POINT('NONE',#7212);
#7212=CARTESIAN_POINT('',(-1.2,1.5,-3.2));
#7213=LINE('',#7214,#7215);
#7214=CARTESIAN_POINT('',(-1.2,1.418839334,-3.2));
#7215=VECTOR('',#7216,1.0);
#7216=DIRECTION('',(0.0,-1.0,0.0));
#7217=ORIENTED_EDGE('',*,*,#7218,.T.);
#7218=EDGE_CURVE('NONE',#7211,#6650,#7219,.T.);
#7219=LINE('',#7220,#7221);
#7220=CARTESIAN_POINT('',(-2.025,1.5,-3.2));
#7221=VECTOR('',#7222,1.0);
#7222=DIRECTION('',(-1.0,0.0,0.0));
#7223=PLANE('',#7224);
#7224=AXIS2_PLACEMENT_3D('',#7225,#7226,#7227);
#7225=CARTESIAN_POINT('',(-1.7,1.5,-3.2));
#7226=DIRECTION('',(0.0,0.0,1.0));
#7227=DIRECTION('',(1.0,0.0,0.0));
#7228=ADVANCED_FACE('NONE',(#7229),#7272,.T.);
#7229=FACE_BOUND('NONE',#7230,.T.);
#7230=EDGE_LOOP('',(#7231,#7242,#7248,#7249,#7257,#7266));
#7231=ORIENTED_EDGE('',*,*,#7232,.T.);
#7232=EDGE_CURVE('NONE',#7233,#7235,#7237,.T.);
#7233=VERTEX_POINT('NONE',#7234);
#7234=CARTESIAN_POINT('',(-1.0,0.99,-3.4));
#7235=VERTEX_POINT('NONE',#7236);
#7236=CARTESIAN_POINT('',(-1.2,1.19,-3.4));
#7237=CIRCLE('',#7238,0.2);
#7238=AXIS2_PLACEMENT_3D('',#7239,#7240,#7241);
#7239=CARTESIAN_POINT('',(-1.0,1.19,-3.4));
#7240=DIRECTION('',(0.0,1.084202172E-15,-1.0));
#7241=DIRECTION('',(0.0,1.0,1.084202172E-15));
#7242=ORIENTED_EDGE('',*,*,#7243,.T.);
#7243=EDGE_CURVE('NONE',#7235,#6626,#7244,.T.);
#7244=LINE('',#7245,#7246);
#7245=CARTESIAN_POINT('',(-1.2,1.418839334,-3.4));
#7246=VECTOR('',#7247,1.0);
#7247=DIRECTION('',(0.0,1.0,0.0));
#7248=ORIENTED_EDGE('',*,*,#6625,.F.);
#7249=ORIENTED_EDGE('',*,*,#7250,.T.);
#7250=EDGE_CURVE('NONE',#6617,#7251,#7253,.T.);
#7251=VERTEX_POINT('NONE',#7252);
#7252=CARTESIAN_POINT('',(1.2,1.19,-3.4));
#7253=LINE('',#7254,#7255);
#7254=CARTESIAN_POINT('',(1.2,1.418839334,-3.4));
#7255=VECTOR('',#7256,1.0);
#7256=DIRECTION('',(0.0,-1.0,0.0));
#7257=ORIENTED_EDGE('',*,*,#7258,.T.);
#7258=EDGE_CURVE('NONE',#7251,#7259,#7261,.T.);
#7259=VERTEX_POINT('NONE',#7260);
#7260=CARTESIAN_POINT('',(1.0,0.99,-3.4));
#7261=CIRCLE('',#7262,0.2);
#7262=AXIS2_PLACEMENT_3D('',#7263,#7264,#7265);
#7263=CARTESIAN_POINT('',(1.0,1.19,-3.4));
#7264=DIRECTION('',(-1.175494351E-30,1.084202172E-15,-1.0));
#7265=DIRECTION('',(-1.274473529E-45,1.0,1.084202172E-15));
#7266=ORIENTED_EDGE('',*,*,#7267,.T.);
#7267=EDGE_CURVE('NONE',#7259,#7233,#7268,.F.);
#7268=LINE('',#7269,#7270);
#7269=CARTESIAN_POINT('',(0.0,0.99,-3.4));
#7270=VECTOR('',#7271,1.0);
#7271=DIRECTION('',(1.0,0.0,0.0));
#7272=PLANE('',#7273);
#7273=AXIS2_PLACEMENT_3D('',#7274,#7275,#7276);
#7274=CARTESIAN_POINT('',(1.2,0.99,-3.4));
#7275=DIRECTION('',(0.0,0.0,-1.0));
#7276=DIRECTION('',(-1.0,0.0,0.0));
#7277=ADVANCED_FACE('NONE',(#7278),#7312,.T.);
#7278=FACE_BOUND('NONE',#7279,.T.);
#7279=EDGE_LOOP('',(#7280,#7290,#7298,#7306));
#7280=ORIENTED_EDGE('',*,*,#7281,.T.);
#7281=EDGE_CURVE('NONE',#7282,#7284,#7286,.T.);
#7282=VERTEX_POINT('NONE',#7283);
#7283=CARTESIAN_POINT('',(-1.325,-0.9,-2.375));
#7284=VERTEX_POINT('NONE',#7285);
#7285=CARTESIAN_POINT('',(-1.325,-0.9,-3.175));
#7286=LINE('',#7287,#7288);
#7287=CARTESIAN_POINT('',(-1.325,-0.9,-2.775));
#7288=VECTOR('',#7289,1.0);
#7289=DIRECTION('',(0.0,0.0,-1.0));
#7290=ORIENTED_EDGE('',*,*,#7291,.T.);
#7291=EDGE_CURVE('NONE',#7284,#7292,#7294,.T.);
#7292=VERTEX_POINT('NONE',#7293);
#7293=CARTESIAN_POINT('',(-0.525,-0.9,-3.175));
#7294=LINE('',#7295,#7296);
#7295=CARTESIAN_POINT('',(-0.925,-0.9,-3.175));
#7296=VECTOR('',#7297,1.0);
#7297=DIRECTION('',(1.0,0.0,0.0));
#7298=ORIENTED_EDGE('',*,*,#7299,.T.);
#7299=EDGE_CURVE('NONE',#7292,#7300,#7302,.T.);
#7300=VERTEX_POINT('NONE',#7301);
#7301=CARTESIAN_POINT('',(-0.525,-0.9,-2.375));
#7302=LINE('',#7303,#7304);
#7303=CARTESIAN_POINT('',(-0.525,-0.9,-2.775));
#7304=VECTOR('',#7305,1.0);
#7305=DIRECTION('',(0.0,0.0,1.0));
#7306=ORIENTED_EDGE('',*,*,#7307,.T.);
#7307=EDGE_CURVE('NONE',#7300,#7282,#7308,.T.);
#7308=LINE('',#7309,#7310);
#7309=CARTESIAN_POINT('',(-0.925,-0.9,-2.375));
#7310=VECTOR('',#7311,1.0);
#7311=DIRECTION('',(-1.0,0.0,0.0));
#7312=PLANE('',#7313);
#7313=AXIS2_PLACEMENT_3D('',#7314,#7315,#7316);
#7314=CARTESIAN_POINT('',(-1.325,-0.9,-2.375));
#7315=DIRECTION('',(0.0,-1.0,0.0));
#7316=DIRECTION('',(0.0,0.0,-1.0));
#7317=ADVANCED_FACE('NONE',(#7318),#7382,.F.);
#7318=FACE_BOUND('NONE',#7319,.T.);
#7319=EDGE_LOOP('',(#7320,#7321,#7322,#7323,#7324,#7325,#7326,#7334,#7342,#7350,#7358,#7366,#7374,#7380,#7381));
#7320=ORIENTED_EDGE('',*,*,#6764,.F.);
#7321=ORIENTED_EDGE('',*,*,#6739,.F.);
#7322=ORIENTED_EDGE('',*,*,#6706,.F.);
#7323=ORIENTED_EDGE('',*,*,#6690,.F.);
#7324=ORIENTED_EDGE('',*,*,#6657,.F.);
#7325=ORIENTED_EDGE('',*,*,#7218,.F.);
#7326=ORIENTED_EDGE('',*,*,#7327,.T.);
#7327=EDGE_CURVE('NONE',#7211,#7328,#7330,.T.);
#7328=VERTEX_POINT('NONE',#7329);
#7329=CARTESIAN_POINT('',(-1.2,1.5,-3.313855607));
#7330=LINE('',#7331,#7332);
#7331=CARTESIAN_POINT('',(-1.2,1.5,-3.3));
#7332=VECTOR('',#7333,1.0);
#7333=DIRECTION('',(0.0,0.0,-1.0));
#7334=ORIENTED_EDGE('',*,*,#7335,.T.);
#7335=EDGE_CURVE('NONE',#7328,#7336,#7338,.F.);
#7336=VERTEX_POINT('NONE',#7337);
#7337=CARTESIAN_POINT('',(-1.25,1.5,-3.313855607));
#7338=LINE('',#7339,#7340);
#7339=CARTESIAN_POINT('',(-2.025,1.5,-3.313855607));
#7340=VECTOR('',#7341,1.0);
#7341=DIRECTION('',(1.0,0.0,0.0));
#7342=ORIENTED_EDGE('',*,*,#7343,.T.);
#7343=EDGE_CURVE('NONE',#7336,#7344,#7346,.F.);
#7344=VERTEX_POINT('NONE',#7345);
#7345=CARTESIAN_POINT('',(-1.25,1.5,-3.45));
#7346=LINE('',#7347,#7348);
#7347=CARTESIAN_POINT('',(-1.249999999,1.5,-3.09163585));
#7348=VECTOR('',#7349,1.0);
#7349=DIRECTION('',(0.0,0.0,1.0));
#7350=ORIENTED_EDGE('',*,*,#7351,.T.);
#7351=EDGE_CURVE('NONE',#7344,#7352,#7354,.F.);
#7352=VERTEX_POINT('NONE',#7353);
#7353=CARTESIAN_POINT('',(-1.35,1.5,-3.45));
#7354=LINE('',#7355,#7356);
#7355=CARTESIAN_POINT('',(-2.025,1.5,-3.45));
#7356=VECTOR('',#7357,1.0);
#7357=DIRECTION('',(1.0,0.0,0.0));
#7358=ORIENTED_EDGE('',*,*,#7359,.T.);
#7359=EDGE_CURVE('NONE',#7352,#7360,#7362,.F.);
#7360=VERTEX_POINT('NONE',#7361);
#7361=CARTESIAN_POINT('',(-1.55,1.5,-3.25));
#7362=LINE('',#7363,#7364);
#7363=CARTESIAN_POINT('',(-1.55,1.5,-3.25));
#7364=VECTOR('',#7365,1.0);
#7365=DIRECTION('',(0.707106781,0.0,-0.707106781));
#7366=ORIENTED_EDGE('',*,*,#7367,.T.);
#7367=EDGE_CURVE('NONE',#7360,#7368,#7370,.T.);
#7368=VERTEX_POINT('NONE',#7369);
#7369=CARTESIAN_POINT('',(-2.85,1.5,-3.25));
#7370=LINE('',#7371,#7372);
#7371=CARTESIAN_POINT('',(-2.3,1.5,-3.25));
#7372=VECTOR('',#7373,1.0);
#7373=DIRECTION('',(-1.0,0.0,0.0));
#7374=ORIENTED_EDGE('',*,*,#7375,.T.);
#7375=EDGE_CURVE('NONE',#7368,#850,#7376,.F.);
#7376=LINE('',#7377,#7378);
#7377=CARTESIAN_POINT('',(-2.85,1.5,-3.0));
#7378=VECTOR('',#7379,1.0);
#7379=DIRECTION('',(0.0,0.0,-1.0));
#7380=ORIENTED_EDGE('',*,*,#849,.F.);
#7381=ORIENTED_EDGE('',*,*,#6785,.F.);
#7382=PLANE('',#7383);
#7383=AXIS2_PLACEMENT_3D('',#7384,#7385,#7386);
#7384=CARTESIAN_POINT('',(-2.85,1.5,-2.733271701));
#7385=DIRECTION('',(0.0,-1.0,0.0));
#7386=DIRECTION('',(0.0,0.0,-1.0));
#7387=ADVANCED_FACE('NONE',(#7388),#7406,.T.);
#7388=FACE_BOUND('NONE',#7389,.T.);
#7389=EDGE_LOOP('',(#7390,#7391,#7392,#7400));
#7390=ORIENTED_EDGE('',*,*,#6800,.F.);
#7391=ORIENTED_EDGE('',*,*,#7375,.F.);
#7392=ORIENTED_EDGE('',*,*,#7393,.T.);
#7393=EDGE_CURVE('NONE',#7368,#7394,#7396,.T.);
#7394=VERTEX_POINT('NONE',#7395);
#7395=CARTESIAN_POINT('',(-3.05,1.2,-3.25));
#7396=LINE('',#7397,#7398);
#7397=CARTESIAN_POINT('',(-2.85,1.5,-3.25));
#7398=VECTOR('',#7399,1.0);
#7399=DIRECTION('',(-0.554700196,-0.832050294,0.0));
#7400=ORIENTED_EDGE('',*,*,#7401,.T.);
#7401=EDGE_CURVE('NONE',#7394,#6801,#7402,.F.);
#7402=LINE('',#7403,#7404);
#7403=CARTESIAN_POINT('',(-3.05,1.2,-3.0));
#7404=VECTOR('',#7405,1.0);
#7405=DIRECTION('',(0.0,0.0,-1.0));
#7406=PLANE('',#7407);
#7407=AXIS2_PLACEMENT_3D('',#7408,#7409,#7410);
#7408=CARTESIAN_POINT('',(-2.85,1.5,-3.25));
#7409=DIRECTION('',(-0.832050294,0.554700196,0.0));
#7410=DIRECTION('',(-0.554700196,-0.832050294,0.0));
#7411=ADVANCED_FACE('NONE',(#7412),#7430,.T.);
#7412=FACE_BOUND('NONE',#7413,.T.);
#7413=EDGE_LOOP('',(#7414,#7415,#7416,#7424));
#7414=ORIENTED_EDGE('',*,*,#6808,.F.);
#7415=ORIENTED_EDGE('',*,*,#7401,.F.);
#7416=ORIENTED_EDGE('',*,*,#7417,.T.);
#7417=EDGE_CURVE('NONE',#7394,#7418,#7420,.T.);
#7418=VERTEX_POINT('NONE',#7419);
#7419=CARTESIAN_POINT('',(-3.05,0.88,-3.25));
#7420=LINE('',#7421,#7422);
#7421=CARTESIAN_POINT('',(-3.05,0.3,-3.25));
#7422=VECTOR('',#7423,1.0);
#7423=DIRECTION('',(0.0,-1.0,0.0));
#7424=ORIENTED_EDGE('',*,*,#7425,.T.);
#7425=EDGE_CURVE('NONE',#7418,#6809,#7426,.F.);
#7426=LINE('',#7427,#7428);
#7427=CARTESIAN_POINT('',(-3.05,0.88,-3.0));
#7428=VECTOR('',#7429,1.0);
#7429=DIRECTION('',(0.0,0.0,-1.0));
#7430=PLANE('',#7431);
#7431=AXIS2_PLACEMENT_3D('',#7432,#7433,#7434);
#7432=CARTESIAN_POINT('',(-3.05,0.88,-3.25));
#7433=DIRECTION('',(-1.0,0.0,0.0));
#7434=DIRECTION('',(0.0,0.0,1.0));
#7435=ADVANCED_FACE('NONE',(#7436),#7447,.T.);
#7436=FACE_BOUND('NONE',#7437,.T.);
#7437=EDGE_LOOP('',(#7438,#7439,#7445,#7446));
#7438=ORIENTED_EDGE('',*,*,#7425,.F.);
#7439=ORIENTED_EDGE('',*,*,#7440,.T.);
#7440=EDGE_CURVE('NONE',#7418,#718,#7441,.T.);
#7441=LINE('',#7442,#7443);
#7442=CARTESIAN_POINT('',(-3.05,0.88,-3.25));
#7443=VECTOR('',#7444,1.0);
#7444=DIRECTION('',(0.995893206,-0.090535746,0.0));
#7445=ORIENTED_EDGE('',*,*,#715,.F.);
#7446=ORIENTED_EDGE('',*,*,#6816,.F.);
#7447=PLANE('',#7448);
#7448=AXIS2_PLACEMENT_3D('',#7449,#7450,#7451);
#7449=CARTESIAN_POINT('',(-3.05,0.88,-3.25));
#7450=DIRECTION('',(-0.090535746,-0.995893206,0.0));
#7451=DIRECTION('',(0.995893206,-0.090535746,0.0));
#7452=ADVANCED_FACE('NONE',(#7453),#7478,.T.);
#7453=FACE_BOUND('NONE',#7454,.T.);
#7454=EDGE_LOOP('',(#7455,#7456,#7464,#7472));
#7455=ORIENTED_EDGE('',*,*,#6994,.F.);
#7456=ORIENTED_EDGE('',*,*,#7457,.T.);
#7457=EDGE_CURVE('NONE',#6995,#7458,#7460,.F.);
#7458=VERTEX_POINT('NONE',#7459);
#7459=CARTESIAN_POINT('',(3.05,0.88,-3.25));
#7460=LINE('',#7461,#7462);
#7461=CARTESIAN_POINT('',(3.05,0.88,-3.0));
#7462=VECTOR('',#7463,1.0);
#7463=DIRECTION('',(0.0,0.0,1.0));
#7464=ORIENTED_EDGE('',*,*,#7465,.T.);
#7465=EDGE_CURVE('NONE',#7458,#7466,#7468,.T.);
#7466=VERTEX_POINT('NONE',#7467);
#7467=CARTESIAN_POINT('',(3.05,1.2,-3.25));
#7468=LINE('',#7469,#7470);
#7469=CARTESIAN_POINT('',(3.05,0.3,-3.25));
#7470=VECTOR('',#7471,1.0);
#7471=DIRECTION('',(0.0,1.0,0.0));
#7472=ORIENTED_EDGE('',*,*,#7473,.T.);
#7473=EDGE_CURVE('NONE',#7466,#6997,#7474,.F.);
#7474=LINE('',#7475,#7476);
#7475=CARTESIAN_POINT('',(3.05,1.2,-3.0));
#7476=VECTOR('',#7477,1.0);
#7477=DIRECTION('',(0.0,0.0,-1.0));
#7478=PLANE('',#7479);
#7479=AXIS2_PLACEMENT_3D('',#7480,#7481,#7482);
#7480=CARTESIAN_POINT('',(3.05,0.88,-2.75));
#7481=DIRECTION('',(1.0,0.0,0.0));
#7482=DIRECTION('',(0.0,0.0,-1.0));
#7483=ADVANCED_FACE('NONE',(#7484),#7502,.T.);
#7484=FACE_BOUND('NONE',#7485,.T.);
#7485=EDGE_LOOP('',(#7486,#7487,#7488,#7496));
#7486=ORIENTED_EDGE('',*,*,#7004,.F.);
#7487=ORIENTED_EDGE('',*,*,#7473,.F.);
#7488=ORIENTED_EDGE('',*,*,#7489,.T.);
#7489=EDGE_CURVE('NONE',#7466,#7490,#7492,.T.);
#7490=VERTEX_POINT('NONE',#7491);
#7491=CARTESIAN_POINT('',(2.85,1.5,-3.25));
#7492=LINE('',#7493,#7494);
#7493=CARTESIAN_POINT('',(3.05,1.2,-3.25));
#7494=VECTOR('',#7495,1.0);
#7495=DIRECTION('',(-0.554700196,0.832050294,0.0));
#7496=ORIENTED_EDGE('',*,*,#7497,.T.);
#7497=EDGE_CURVE('NONE',#7490,#537,#7498,.T.);
#7498=LINE('',#7499,#7500);
#7499=CARTESIAN_POINT('',(2.85,1.5,-3.09163585));
#7500=VECTOR('',#7501,1.0);
#7501=DIRECTION('',(0.0,0.0,1.0));
#7502=PLANE('',#7503);
#7503=AXIS2_PLACEMENT_3D('',#7504,#7505,#7506);
#7504=CARTESIAN_POINT('',(3.05,1.2,-3.25));
#7505=DIRECTION('',(0.832050294,0.554700196,0.0));
#7506=DIRECTION('',(-0.554700196,0.832050294,0.0));
#7507=ADVANCED_FACE('NONE',(#7508),#7565,.F.);
#7508=FACE_BOUND('NONE',#7509,.T.);
#7509=EDGE_LOOP('',(#7510,#7511,#7512,#7513,#7514,#7515,#7516,#7517,#7518,#7526,#7534,#7542,#7550,#7558,#7564));
#7510=ORIENTED_EDGE('',*,*,#6971,.F.);
#7511=ORIENTED_EDGE('',*,*,#6955,.F.);
#7512=ORIENTED_EDGE('',*,*,#6922,.F.);
#7513=ORIENTED_EDGE('',*,*,#6906,.F.);
#7514=ORIENTED_EDGE('',*,*,#6872,.F.);
#7515=ORIENTED_EDGE('',*,*,#6831,.F.);
#7516=ORIENTED_EDGE('',*,*,#544,.F.);
#7517=ORIENTED_EDGE('',*,*,#7497,.F.);
#7518=ORIENTED_EDGE('',*,*,#7519,.T.);
#7519=EDGE_CURVE('NONE',#7490,#7520,#7522,.T.);
#7520=VERTEX_POINT('NONE',#7521);
#7521=CARTESIAN_POINT('',(1.55,1.5,-3.25));
#7522=LINE('',#7523,#7524);
#7523=CARTESIAN_POINT('',(2.3,1.5,-3.25));
#7524=VECTOR('',#7525,1.0);
#7525=DIRECTION('',(-1.0,0.0,0.0));
#7526=ORIENTED_EDGE('',*,*,#7527,.T.);
#7527=EDGE_CURVE('NONE',#7520,#7528,#7530,.F.);
#7528=VERTEX_POINT('NONE',#7529);
#7529=CARTESIAN_POINT('',(1.35,1.5,-3.45));
#7530=LINE('',#7531,#7532);
#7531=CARTESIAN_POINT('',(1.35,1.5,-3.45));
#7532=VECTOR('',#7533,1.0);
#7533=DIRECTION('',(0.707106781,0.0,0.707106781));
#7534=ORIENTED_EDGE('',*,*,#7535,.T.);
#7535=EDGE_CURVE('NONE',#7528,#7536,#7538,.F.);
#7536=VERTEX_POINT('NONE',#7537);
#7537=CARTESIAN_POINT('',(1.25,1.5,-3.45));
#7538=LINE('',#7539,#7540);
#7539=CARTESIAN_POINT('',(2.025,1.5,-3.45));
#7540=VECTOR('',#7541,1.0);
#7541=DIRECTION('',(1.0,0.0,0.0));
#7542=ORIENTED_EDGE('',*,*,#7543,.T.);
#7543=EDGE_CURVE('NONE',#7536,#7544,#7546,.F.);
#7544=VERTEX_POINT('NONE',#7545);
#7545=CARTESIAN_POINT('',(1.249999999,1.5,-3.313855607));
#7546=LINE('',#7547,#7548);
#7547=CARTESIAN_POINT('',(1.249999999,1.5,-3.09163585));
#7548=VECTOR('',#7549,1.0);
#7549=DIRECTION('',(0.0,0.0,-1.0));
#7550=ORIENTED_EDGE('',*,*,#7551,.T.);
#7551=EDGE_CURVE('NONE',#7544,#7552,#7554,.F.);
#7552=VERTEX_POINT('NONE',#7553);
#7553=CARTESIAN_POINT('',(1.2,1.5,-3.313855607));
#7554=LINE('',#7555,#7556);
#7555=CARTESIAN_POINT('',(2.025,1.5,-3.313855607));
#7556=VECTOR('',#7557,1.0);
#7557=DIRECTION('',(1.0,0.0,0.0));
#7558=ORIENTED_EDGE('',*,*,#7559,.T.);
#7559=EDGE_CURVE('NONE',#7552,#7183,#7560,.T.);
#7560=LINE('',#7561,#7562);
#7561=CARTESIAN_POINT('',(1.2,1.5,-3.3));
#7562=VECTOR('',#7563,1.0);
#7563=DIRECTION('',(0.0,0.0,1.0));
#7564=ORIENTED_EDGE('',*,*,#7193,.F.);
#7565=PLANE('',#7566);
#7566=AXIS2_PLACEMENT_3D('',#7567,#7568,#7569);
#7567=CARTESIAN_POINT('',(1.2,1.5,-2.733271701));
#7568=DIRECTION('',(0.0,-1.0,0.0));
#7569=DIRECTION('',(0.0,0.0,-1.0));
#7570=ADVANCED_FACE('NONE',(#7571),#7597,.T.);
#7571=FACE_BOUND('NONE',#7572,.T.);
#7572=EDGE_LOOP('',(#7573,#7574,#7580,#7581,#7589,#7595,#7596));
#7573=ORIENTED_EDGE('',*,*,#462,.F.);
#7574=ORIENTED_EDGE('',*,*,#7575,.T.);
#7575=EDGE_CURVE('NONE',#463,#7159,#7576,.T.);
#7576=LINE('',#7577,#7578);
#7577=CARTESIAN_POINT('',(2.4967,0.8297,-3.25));
#7578=VECTOR('',#7579,1.0);
#7579=DIRECTION('',(0.995893206,0.090535746,0.0));
#7580=ORIENTED_EDGE('',*,*,#7158,.F.);
#7581=ORIENTED_EDGE('',*,*,#7582,.T.);
#7582=EDGE_CURVE('NONE',#7151,#7583,#7585,.T.);
#7583=VERTEX_POINT('NONE',#7584);
#7584=CARTESIAN_POINT('',(2.504581533,0.830416503,-3.25));
#7585=LINE('',#7586,#7587);
#7586=CARTESIAN_POINT('',(2.504581533,0.830416503,-3.062638591));
#7587=VECTOR('',#7588,1.0);
#7588=DIRECTION('',(0.0,0.0,-1.0));
#7589=ORIENTED_EDGE('',*,*,#7590,.T.);
#7590=EDGE_CURVE('NONE',#7583,#7458,#7591,.T.);
#7591=LINE('',#7592,#7593);
#7592=CARTESIAN_POINT('',(2.4967,0.8297,-3.25));
#7593=VECTOR('',#7594,1.0);
#7594=DIRECTION('',(0.995893206,0.090535746,0.0));
#7595=ORIENTED_EDGE('',*,*,#7457,.F.);
#7596=ORIENTED_EDGE('',*,*,#7011,.F.);
#7597=PLANE('',#7598);
#7598=AXIS2_PLACEMENT_3D('',#7599,#7600,#7601);
#7599=CARTESIAN_POINT('',(2.4967,0.8297,-3.25));
#7600=DIRECTION('',(0.090535746,-0.995893206,0.0));
#7601=DIRECTION('',(0.995893206,0.090535746,0.0));
#7602=ADVANCED_FACE('NONE',(#7603),#7620,.F.);
#7603=FACE_BOUND('NONE',#7604,.T.);
#7604=EDGE_LOOP('',(#7605,#7611,#7612,#7613,#7614,#7615,#7616,#7617,#7618,#7619));
#7605=ORIENTED_EDGE('',*,*,#7606,.T.);
#7606=EDGE_CURVE('NONE',#7159,#7583,#7607,.T.);
#7607=LINE('',#7608,#7609);
#7608=CARTESIAN_POINT('',(2.43699741,0.828086016,-3.25));
#7609=VECTOR('',#7610,1.0);
#7610=DIRECTION('',(0.999405999,0.034462276,0.0));
#7611=ORIENTED_EDGE('',*,*,#7582,.F.);
#7612=ORIENTED_EDGE('',*,*,#7150,.F.);
#7613=ORIENTED_EDGE('',*,*,#7124,.F.);
#7614=ORIENTED_EDGE('',*,*,#7100,.F.);
#7615=ORIENTED_EDGE('',*,*,#6461,.F.);
#7616=ORIENTED_EDGE('',*,*,#7083,.F.);
#7617=ORIENTED_EDGE('',*,*,#7058,.F.);
#7618=ORIENTED_EDGE('',*,*,#7034,.F.);
#7619=ORIENTED_EDGE('',*,*,#7166,.F.);
#7620=PLANE('',#7621);
#7621=AXIS2_PLACEMENT_3D('',#7622,#7623,#7624);
#7622=CARTESIAN_POINT('',(2.43699741,0.828086016,-3.425277183));
#7623=DIRECTION('',(0.034462276,-0.999405999,0.0));
#7624=DIRECTION('',(0.999405999,0.034462276,0.0));
#7625=ADVANCED_FACE('NONE',(#7626),#7652,.T.);
#7626=FACE_BOUND('NONE',#7627,.T.);
#7627=EDGE_LOOP('',(#7628,#7636,#7637,#7645));
#7628=ORIENTED_EDGE('',*,*,#7629,.T.);
#7629=EDGE_CURVE('NONE',#7630,#7259,#7632,.F.);
#7630=VERTEX_POINT('NONE',#7631);
#7631=CARTESIAN_POINT('',(1.0,0.99,-3.313855607));
#7632=LINE('',#7633,#7634);
#7633=CARTESIAN_POINT('',(1.0,0.99,-3.356927803));
#7634=VECTOR('',#7635,1.0);
#7635=DIRECTION('',(0.0,0.0,1.0));
#7636=ORIENTED_EDGE('',*,*,#7258,.F.);
#7637=ORIENTED_EDGE('',*,*,#7638,.T.);
#7638=EDGE_CURVE('NONE',#7251,#7639,#7641,.T.);
#7639=VERTEX_POINT('NONE',#7640);
#7640=CARTESIAN_POINT('',(1.2,1.19,-3.313855607));
#7641=LINE('',#7642,#7643);
#7642=CARTESIAN_POINT('',(1.2,1.19,-3.3));
#7643=VECTOR('',#7644,1.0);
#7644=DIRECTION('',(0.0,0.0,1.0));
#7645=ORIENTED_EDGE('',*,*,#7646,.T.);
#7646=EDGE_CURVE('NONE',#7639,#7630,#7647,.F.);
#7647=CIRCLE('',#7648,0.2);
#7648=AXIS2_PLACEMENT_3D('',#7649,#7650,#7651);
#7649=CARTESIAN_POINT('',(1.0,1.19,-3.313855607));
#7650=DIRECTION('',(1.175494351E-30,-1.084202172E-15,1.0));
#7651=DIRECTION('',(-1.274473529E-45,1.0,1.084202172E-15));
#7652=CYLINDRICAL_SURFACE('',#7653,0.2);
#7653=AXIS2_PLACEMENT_3D('',#7654,#7655,#7656);
#7654=CARTESIAN_POINT('',(1.0,1.19,-3.313855607));
#7655=DIRECTION('',(-1.175494351E-30,1.084202172E-15,-1.0));
#7656=DIRECTION('',(-1.274473529E-45,1.0,1.084202172E-15));
#7657=ADVANCED_FACE('NONE',(#7658),#7671,.F.);
#7658=FACE_BOUND('NONE',#7659,.T.);
#7659=EDGE_LOOP('',(#7660,#7661,#7667,#7668,#7669,#7670));
#7660=ORIENTED_EDGE('',*,*,#7559,.F.);
#7661=ORIENTED_EDGE('',*,*,#7662,.T.);
#7662=EDGE_CURVE('NONE',#7552,#7639,#7663,.F.);
#7663=LINE('',#7664,#7665);
#7664=CARTESIAN_POINT('',(1.2,1.19,-3.313855607));
#7665=VECTOR('',#7666,1.0);
#7666=DIRECTION('',(0.0,1.0,0.0));
#7667=ORIENTED_EDGE('',*,*,#7638,.F.);
#7668=ORIENTED_EDGE('',*,*,#7250,.F.);
#7669=ORIENTED_EDGE('',*,*,#6616,.F.);
#7670=ORIENTED_EDGE('',*,*,#7182,.F.);
#7671=PLANE('',#7672);
#7672=AXIS2_PLACEMENT_3D('',#7673,#7674,#7675);
#7673=CARTESIAN_POINT('',(1.2,1.19,-3.4));
#7674=DIRECTION('',(-1.0,0.0,0.0));
#7675=DIRECTION('',(0.0,0.0,1.0));
#7676=ADVANCED_FACE('NONE',(#7677),#7697,.F.);
#7677=FACE_BOUND('NONE',#7678,.T.);
#7678=EDGE_LOOP('',(#7679,#7680,#7681,#7682,#7683,#7691));
#7679=ORIENTED_EDGE('',*,*,#7327,.F.);
#7680=ORIENTED_EDGE('',*,*,#7210,.F.);
#7681=ORIENTED_EDGE('',*,*,#6633,.F.);
#7682=ORIENTED_EDGE('',*,*,#7243,.F.);
#7683=ORIENTED_EDGE('',*,*,#7684,.T.);
#7684=EDGE_CURVE('NONE',#7235,#7685,#7687,.T.);
#7685=VERTEX_POINT('NONE',#7686);
#7686=CARTESIAN_POINT('',(-1.2,1.19,-3.313855607));
#7687=LINE('',#7688,#7689);
#7688=CARTESIAN_POINT('',(-1.2,1.19,-3.356927803));
#7689=VECTOR('',#7690,1.0);
#7690=DIRECTION('',(0.0,0.0,1.0));
#7691=ORIENTED_EDGE('',*,*,#7692,.T.);
#7692=EDGE_CURVE('NONE',#7685,#7328,#7693,.F.);
#7693=LINE('',#7694,#7695);
#7694=CARTESIAN_POINT('',(-1.2,1.19,-3.313855607));
#7695=VECTOR('',#7696,1.0);
#7696=DIRECTION('',(0.0,-1.0,0.0));
#7697=PLANE('',#7698);
#7698=AXIS2_PLACEMENT_3D('',#7699,#7700,#7701);
#7699=CARTESIAN_POINT('',(-1.2,1.19,-3.2));
#7700=DIRECTION('',(1.0,0.0,0.0));
#7701=DIRECTION('',(0.0,0.0,-1.0));
#7702=ADVANCED_FACE('NONE',(#7703),#7722,.T.);
#7703=FACE_BOUND('NONE',#7704,.T.);
#7704=EDGE_LOOP('',(#7705,#7706,#7707,#7715));
#7705=ORIENTED_EDGE('',*,*,#7684,.F.);
#7706=ORIENTED_EDGE('',*,*,#7232,.F.);
#7707=ORIENTED_EDGE('',*,*,#7708,.T.);
#7708=EDGE_CURVE('NONE',#7233,#7709,#7711,.F.);
#7709=VERTEX_POINT('NONE',#7710);
#7710=CARTESIAN_POINT('',(-1.0,0.99,-3.313855607));
#7711=LINE('',#7712,#7713);
#7712=CARTESIAN_POINT('',(-1.0,0.99,-3.356927803));
#7713=VECTOR('',#7714,1.0);
#7714=DIRECTION('',(0.0,0.0,-1.0));
#7715=ORIENTED_EDGE('',*,*,#7716,.T.);
#7716=EDGE_CURVE('NONE',#7709,#7685,#7717,.F.);
#7717=CIRCLE('',#7718,0.2);
#7718=AXIS2_PLACEMENT_3D('',#7719,#7720,#7721);
#7719=CARTESIAN_POINT('',(-1.0,1.19,-3.313855607));
#7720=DIRECTION('',(0.0,-1.084202172E-15,1.0));
#7721=DIRECTION('',(0.0,1.0,1.084202172E-15));
#7722=CYLINDRICAL_SURFACE('',#7723,0.2);
#7723=AXIS2_PLACEMENT_3D('',#7724,#7725,#7726);
#7724=CARTESIAN_POINT('',(-1.0,1.19,-3.313855607));
#7725=DIRECTION('',(0.0,1.084202172E-15,-1.0));
#7726=DIRECTION('',(0.0,1.0,1.084202172E-15));
#7727=ADVANCED_FACE('NONE',(#7728),#7739,.T.);
#7728=FACE_BOUND('NONE',#7729,.T.);
#7729=EDGE_LOOP('',(#7730,#7731,#7732,#7733));
#7730=ORIENTED_EDGE('',*,*,#7708,.F.);
#7731=ORIENTED_EDGE('',*,*,#7267,.F.);
#7732=ORIENTED_EDGE('',*,*,#7629,.F.);
#7733=ORIENTED_EDGE('',*,*,#7734,.T.);
#7734=EDGE_CURVE('NONE',#7630,#7709,#7735,.F.);
#7735=LINE('',#7736,#7737);
#7736=CARTESIAN_POINT('',(0.0,0.99,-3.313855607));
#7737=VECTOR('',#7738,1.0);
#7738=DIRECTION('',(1.0,0.0,0.0));
#7739=PLANE('',#7740);
#7740=AXIS2_PLACEMENT_3D('',#7741,#7742,#7743);
#7741=CARTESIAN_POINT('',(-1.0,0.99,-3.313855607));
#7742=DIRECTION('',(0.0,-1.0,0.0));
#7743=DIRECTION('',(0.0,0.0,-1.0));
#7744=ADVANCED_FACE('NONE',(#7745),#7770,.F.);
#7745=FACE_BOUND('NONE',#7746,.T.);
#7746=EDGE_LOOP('',(#7747,#7755,#7756,#7764));
#7747=ORIENTED_EDGE('',*,*,#7748,.T.);
#7748=EDGE_CURVE('NONE',#7749,#7282,#7751,.T.);
#7749=VERTEX_POINT('NONE',#7750);
#7750=CARTESIAN_POINT('',(-1.325,-0.8,-2.375));
#7751=LINE('',#7752,#7753);
#7752=CARTESIAN_POINT('',(-1.325,-0.85,-2.375));
#7753=VECTOR('',#7754,1.0);
#7754=DIRECTION('',(0.0,-1.0,0.0));
#7755=ORIENTED_EDGE('',*,*,#7307,.F.);
#7756=ORIENTED_EDGE('',*,*,#7757,.T.);
#7757=EDGE_CURVE('NONE',#7300,#7758,#7760,.T.);
#7758=VERTEX_POINT('NONE',#7759);
#7759=CARTESIAN_POINT('',(-0.525,-0.8,-2.375));
#7760=LINE('',#7761,#7762);
#7761=CARTESIAN_POINT('',(-0.525,-0.85,-2.375));
#7762=VECTOR('',#7763,1.0);
#7763=DIRECTION('',(0.0,1.0,0.0));
#7764=ORIENTED_EDGE('',*,*,#7765,.T.);
#7765=EDGE_CURVE('NONE',#7758,#7749,#7766,.F.);
#7766=LINE('',#7767,#7768);
#7767=CARTESIAN_POINT('',(-0.925,-0.8,-2.375));
#7768=VECTOR('',#7769,1.0);
#7769=DIRECTION('',(1.0,0.0,0.0));
#7770=PLANE('',#7771);
#7771=AXIS2_PLACEMENT_3D('',#7772,#7773,#7774);
#7772=CARTESIAN_POINT('',(-0.525,-0.9,-2.375));
#7773=DIRECTION('',(0.0,0.0,-1.0));
#7774=DIRECTION('',(-1.0,0.0,0.0));
#7775=ADVANCED_FACE('NONE',(#7776),#7794,.F.);
#7776=FACE_BOUND('NONE',#7777,.T.);
#7777=EDGE_LOOP('',(#7778,#7779,#7780,#7788));
#7778=ORIENTED_EDGE('',*,*,#7757,.F.);
#7779=ORIENTED_EDGE('',*,*,#7299,.F.);
#7780=ORIENTED_EDGE('',*,*,#7781,.T.);
#7781=EDGE_CURVE('NONE',#7292,#7782,#7784,.T.);
#7782=VERTEX_POINT('NONE',#7783);
#7783=CARTESIAN_POINT('',(-0.525,-0.8,-3.175));
#7784=LINE('',#7785,#7786);
#7785=CARTESIAN_POINT('',(-0.525,-0.85,-3.175));
#7786=VECTOR('',#7787,1.0);
#7787=DIRECTION('',(0.0,1.0,0.0));
#7788=ORIENTED_EDGE('',*,*,#7789,.T.);
#7789=EDGE_CURVE('NONE',#7782,#7758,#7790,.F.);
#7790=LINE('',#7791,#7792);
#7791=CARTESIAN_POINT('',(-0.525,-0.8,-2.775));
#7792=VECTOR('',#7793,1.0);
#7793=DIRECTION('',(0.0,0.0,-1.0));
#7794=PLANE('',#7795);
#7795=AXIS2_PLACEMENT_3D('',#7796,#7797,#7798);
#7796=CARTESIAN_POINT('',(-0.525,-0.9,-3.175));
#7797=DIRECTION('',(-1.0,0.0,0.0));
#7798=DIRECTION('',(0.0,0.0,1.0));
#7799=ADVANCED_FACE('NONE',(#7800),#7818,.F.);
#7800=FACE_BOUND('NONE',#7801,.T.);
#7801=EDGE_LOOP('',(#7802,#7803,#7804,#7812));
#7802=ORIENTED_EDGE('',*,*,#7781,.F.);
#7803=ORIENTED_EDGE('',*,*,#7291,.F.);
#7804=ORIENTED_EDGE('',*,*,#7805,.T.);
#7805=EDGE_CURVE('NONE',#7284,#7806,#7808,.T.);
#7806=VERTEX_POINT('NONE',#7807);
#7807=CARTESIAN_POINT('',(-1.325,-0.8,-3.175));
#7808=LINE('',#7809,#7810);
#7809=CARTESIAN_POINT('',(-1.325,-0.85,-3.175));
#7810=VECTOR('',#7811,1.0);
#7811=DIRECTION('',(0.0,1.0,0.0));
#7812=ORIENTED_EDGE('',*,*,#7813,.T.);
#7813=EDGE_CURVE('NONE',#7806,#7782,#7814,.F.);
#7814=LINE('',#7815,#7816);
#7815=CARTESIAN_POINT('',(-0.925,-0.8,-3.175));
#7816=VECTOR('',#7817,1.0);
#7817=DIRECTION('',(-1.0,0.0,0.0));
#7818=PLANE('',#7819);
#7819=AXIS2_PLACEMENT_3D('',#7820,#7821,#7822);
#7820=CARTESIAN_POINT('',(-1.325,-0.9,-3.175));
#7821=DIRECTION('',(0.0,0.0,1.0));
#7822=DIRECTION('',(1.0,0.0,0.0));
#7823=ADVANCED_FACE('NONE',(#7824),#7835,.F.);
#7824=FACE_BOUND('NONE',#7825,.T.);
#7825=EDGE_LOOP('',(#7826,#7827,#7828,#7829));
#7826=ORIENTED_EDGE('',*,*,#7805,.F.);
#7827=ORIENTED_EDGE('',*,*,#7281,.F.);
#7828=ORIENTED_EDGE('',*,*,#7748,.F.);
#7829=ORIENTED_EDGE('',*,*,#7830,.T.);
#7830=EDGE_CURVE('NONE',#7749,#7806,#7831,.F.);
#7831=LINE('',#7832,#7833);
#7832=CARTESIAN_POINT('',(-1.325,-0.8,-2.775));
#7833=VECTOR('',#7834,1.0);
#7834=DIRECTION('',(0.0,0.0,1.0));
#7835=PLANE('',#7836);
#7836=AXIS2_PLACEMENT_3D('',#7837,#7838,#7839);
#7837=CARTESIAN_POINT('',(-1.325,-0.9,-2.375));
#7838=DIRECTION('',(1.0,0.0,0.0));
#7839=DIRECTION('',(0.0,0.0,-1.0));
#7840=ADVANCED_FACE('NONE',(#7841),#7894,.F.);
#7841=FACE_BOUND('NONE',#7842,.T.);
#7842=EDGE_LOOP('',(#7843,#7853,#7861,#7867,#7868,#7869,#7870,#7871,#7872,#7880,#7888));
#7843=ORIENTED_EDGE('',*,*,#7844,.T.);
#7844=EDGE_CURVE('NONE',#7845,#7847,#7849,.F.);
#7845=VERTEX_POINT('NONE',#7846);
#7846=CARTESIAN_POINT('',(-1.85,-0.7,-3.25));
#7847=VERTEX_POINT('NONE',#7848);
#7848=CARTESIAN_POINT('',(-2.45,-0.7,-3.25));
#7849=LINE('',#7850,#7851);
#7850=CARTESIAN_POINT('',(-2.15,-0.7,-3.25));
#7851=VECTOR('',#7852,1.0);
#7852=DIRECTION('',(1.0,0.0,0.0));
#7853=ORIENTED_EDGE('',*,*,#7854,.T.);
#7854=EDGE_CURVE('NONE',#7847,#7855,#7857,.F.);
#7855=VERTEX_POINT('NONE',#7856);
#7856=CARTESIAN_POINT('',(-2.449999999,-0.9,-3.25));
#7857=LINE('',#7858,#7859);
#7858=CARTESIAN_POINT('',(-2.45,0.3,-3.25));
#7859=VECTOR('',#7860,1.0);
#7860=DIRECTION('',(0.0,1.0,0.0));
#7861=ORIENTED_EDGE('',*,*,#7862,.T.);
#7862=EDGE_CURVE('NONE',#7855,#726,#7863,.F.);
#7863=LINE('',#7864,#7865);
#7864=CARTESIAN_POINT('',(-2.3,-0.9,-3.25));
#7865=VECTOR('',#7866,1.0);
#7866=DIRECTION('',(1.0,0.0,0.0));
#7867=ORIENTED_EDGE('',*,*,#725,.F.);
#7868=ORIENTED_EDGE('',*,*,#7440,.F.);
#7869=ORIENTED_EDGE('',*,*,#7417,.F.);
#7870=ORIENTED_EDGE('',*,*,#7393,.F.);
#7871=ORIENTED_EDGE('',*,*,#7367,.F.);
#7872=ORIENTED_EDGE('',*,*,#7873,.T.);
#7873=EDGE_CURVE('NONE',#7360,#7874,#7876,.T.);
#7874=VERTEX_POINT('NONE',#7875);
#7875=CARTESIAN_POINT('',(-1.550000001,-0.9,-3.25));
#7876=LINE('',#7877,#7878);
#7877=CARTESIAN_POINT('',(-1.55,0.3,-3.25));
#7878=VECTOR('',#7879,1.0);
#7879=DIRECTION('',(0.0,-1.0,0.0));
#7880=ORIENTED_EDGE('',*,*,#7881,.T.);
#7881=EDGE_CURVE('NONE',#7874,#7882,#7884,.F.);
#7882=VERTEX_POINT('NONE',#7883);
#7883=CARTESIAN_POINT('',(-1.850000001,-0.9,-3.25));
#7884=LINE('',#7885,#7886);
#7885=CARTESIAN_POINT('',(-2.3,-0.9,-3.25));
#7886=VECTOR('',#7887,1.0);
#7887=DIRECTION('',(1.0,0.0,0.0));
#7888=ORIENTED_EDGE('',*,*,#7889,.T.);
#7889=EDGE_CURVE('NONE',#7882,#7845,#7890,.F.);
#7890=LINE('',#7891,#7892);
#7891=CARTESIAN_POINT('',(-1.85,0.3,-3.25));
#7892=VECTOR('',#7893,1.0);
#7893=DIRECTION('',(0.0,-1.0,0.0));
#7894=PLANE('',#7895);
#7895=AXIS2_PLACEMENT_3D('',#7896,#7897,#7898);
#7896=CARTESIAN_POINT('',(-3.05,-0.9,-3.25));
#7897=DIRECTION('',(0.0,0.0,1.0));
#7898=DIRECTION('',(1.0,0.0,0.0));
#7899=ADVANCED_FACE('NONE',(#7900),#7955,.F.);
#7900=FACE_BOUND('NONE',#7901,.T.);
#7901=EDGE_LOOP('',(#7902,#7903,#7904,#7912,#7920,#7928,#7936,#7944,#7950,#7951,#7952,#7953,#7954));
#7902=ORIENTED_EDGE('',*,*,#7575,.F.);
#7903=ORIENTED_EDGE('',*,*,#488,.F.);
#7904=ORIENTED_EDGE('',*,*,#7905,.T.);
#7905=EDGE_CURVE('NONE',#481,#7906,#7908,.F.);
#7906=VERTEX_POINT('NONE',#7907);
#7907=CARTESIAN_POINT('',(2.449999999,-0.9,-3.25));
#7908=LINE('',#7909,#7910);
#7909=CARTESIAN_POINT('',(2.3,-0.9,-3.25));
#7910=VECTOR('',#7911,1.0);
#7911=DIRECTION('',(1.0,0.0,0.0));
#7912=ORIENTED_EDGE('',*,*,#7913,.T.);
#7913=EDGE_CURVE('NONE',#7906,#7914,#7916,.F.);
#7914=VERTEX_POINT('NONE',#7915);
#7915=CARTESIAN_POINT('',(2.45,-0.7,-3.25));
#7916=LINE('',#7917,#7918);
#7917=CARTESIAN_POINT('',(2.45,0.3,-3.25));
#7918=VECTOR('',#7919,1.0);
#7919=DIRECTION('',(0.0,-1.0,0.0));
#7920=ORIENTED_EDGE('',*,*,#7921,.T.);
#7921=EDGE_CURVE('NONE',#7914,#7922,#7924,.F.);
#7922=VERTEX_POINT('NONE',#7923);
#7923=CARTESIAN_POINT('',(1.85,-0.7,-3.25));
#7924=LINE('',#7925,#7926);
#7925=CARTESIAN_POINT('',(2.3,-0.700000001,-3.25));
#7926=VECTOR('',#7927,1.0);
#7927=DIRECTION('',(1.0,0.0,0.0));
#7928=ORIENTED_EDGE('',*,*,#7929,.T.);
#7929=EDGE_CURVE('NONE',#7922,#7930,#7932,.F.);
#7930=VERTEX_POINT('NONE',#7931);
#7931=CARTESIAN_POINT('',(1.850000001,-0.9,-3.25));
#7932=LINE('',#7933,#7934);
#7933=CARTESIAN_POINT('',(1.85,0.3,-3.25));
#7934=VECTOR('',#7935,1.0);
#7935=DIRECTION('',(0.0,1.0,0.0));
#7936=ORIENTED_EDGE('',*,*,#7937,.T.);
#7937=EDGE_CURVE('NONE',#7930,#7938,#7940,.F.);
#7938=VERTEX_POINT('NONE',#7939);
#7939=CARTESIAN_POINT('',(1.550000001,-0.9,-3.25));
#7940=LINE('',#7941,#7942);
#7941=CARTESIAN_POINT('',(2.3,-0.9,-3.25));
#7942=VECTOR('',#7943,1.0);
#7943=DIRECTION('',(1.0,0.0,0.0));
#7944=ORIENTED_EDGE('',*,*,#7945,.T.);
#7945=EDGE_CURVE('NONE',#7938,#7520,#7946,.T.);
#7946=LINE('',#7947,#7948);
#7947=CARTESIAN_POINT('',(1.55,0.3,-3.25));
#7948=VECTOR('',#7949,1.0);
#7949=DIRECTION('',(0.0,1.0,0.0));
#7950=ORIENTED_EDGE('',*,*,#7519,.F.);
#7951=ORIENTED_EDGE('',*,*,#7489,.F.);
#7952=ORIENTED_EDGE('',*,*,#7465,.F.);
#7953=ORIENTED_EDGE('',*,*,#7590,.F.);
#7954=ORIENTED_EDGE('',*,*,#7606,.F.);
#7955=PLANE('',#7956);
#7956=AXIS2_PLACEMENT_3D('',#7957,#7958,#7959);
#7957=CARTESIAN_POINT('',(1.55,-0.9,-3.25));
#7958=DIRECTION('',(0.0,0.0,1.0));
#7959=DIRECTION('',(1.0,0.0,0.0));
#7960=ADVANCED_FACE('NONE',(#7961),#7992,.T.);
#7961=FACE_BOUND('NONE',#7962,.T.);
#7962=EDGE_LOOP('',(#7963,#7964,#7965,#7966,#7967,#7968,#7976,#7984,#7990,#7991));
#7963=ORIENTED_EDGE('',*,*,#7716,.F.);
#7964=ORIENTED_EDGE('',*,*,#7734,.F.);
#7965=ORIENTED_EDGE('',*,*,#7646,.F.);
#7966=ORIENTED_EDGE('',*,*,#7662,.F.);
#7967=ORIENTED_EDGE('',*,*,#7551,.F.);
#7968=ORIENTED_EDGE('',*,*,#7969,.T.);
#7969=EDGE_CURVE('NONE',#7544,#7970,#7972,.T.);
#7970=VERTEX_POINT('NONE',#7971);
#7971=CARTESIAN_POINT('',(1.25,0.88,-3.313855607));
#7972=LINE('',#7973,#7974);
#7973=CARTESIAN_POINT('',(1.25,1.19,-3.313855607));
#7974=VECTOR('',#7975,1.0);
#7975=DIRECTION('',(0.0,-1.0,0.0));
#7976=ORIENTED_EDGE('',*,*,#7977,.T.);
#7977=EDGE_CURVE('NONE',#7970,#7978,#7980,.F.);
#7978=VERTEX_POINT('NONE',#7979);
#7979=CARTESIAN_POINT('',(-1.25,0.88,-3.313855607));
#7980=LINE('',#7981,#7982);
#7981=CARTESIAN_POINT('',(0.0,0.88,-3.313855607));
#7982=VECTOR('',#7983,1.0);
#7983=DIRECTION('',(1.0,0.0,0.0));
#7984=ORIENTED_EDGE('',*,*,#7985,.T.);
#7985=EDGE_CURVE('NONE',#7978,#7336,#7986,.T.);
#7986=LINE('',#7987,#7988);
#7987=CARTESIAN_POINT('',(-1.25,1.19,-3.313855607));
#7988=VECTOR('',#7989,1.0);
#7989=DIRECTION('',(0.0,1.0,0.0));
#7990=ORIENTED_EDGE('',*,*,#7335,.F.);
#7991=ORIENTED_EDGE('',*,*,#7692,.F.);
#7992=PLANE('',#7993);
#7993=AXIS2_PLACEMENT_3D('',#7994,#7995,#7996);
#7994=CARTESIAN_POINT('',(1.25,0.88,-3.313855607));
#7995=DIRECTION('',(0.0,0.0,-1.0));
#7996=DIRECTION('',(-1.0,0.0,0.0));
#7997=ADVANCED_FACE('NONE',(#7998),#8017,.F.);
#7998=FACE_BOUND('NONE',#7999,.T.);
#7999=EDGE_LOOP('',(#8000,#8001,#8009,#8016));
#8000=ORIENTED_EDGE('',*,*,#1307,.F.);
#8001=ORIENTED_EDGE('',*,*,#8002,.T.);
#8002=EDGE_CURVE('NONE',#1300,#8003,#8005,.T.);
#8003=VERTEX_POINT('NONE',#8004);
#8004=CARTESIAN_POINT('',(-0.724784451,0.4,-0.480240802));
#8005=LINE('',#8006,#8007);
#8006=CARTESIAN_POINT('',(-0.724784451,0.225,-0.480240802));
#8007=VECTOR('',#8008,1.0);
#8008=DIRECTION('',(0.0,1.0,0.0));
#8009=ORIENTED_EDGE('',*,*,#8010,.T.);
#8010=EDGE_CURVE('NONE',#8003,#377,#8011,.T.);
#8011=CIRCLE('',#8012,0.15);
#8012=AXIS2_PLACEMENT_3D('',#8013,#8014,#8015);
#8013=CARTESIAN_POINT('',(-0.618718434,0.4,-0.58630682));
#8014=DIRECTION('',(0.0,1.0,0.0));
#8015=DIRECTION('',(7.228014483E-16,0.0,-1.0));
#8016=ORIENTED_EDGE('',*,*,#376,.F.);
#8017=CYLINDRICAL_SURFACE('',#8018,0.15);
#8018=AXIS2_PLACEMENT_3D('',#8019,#8020,#8021);
#8019=CARTESIAN_POINT('',(-0.618718434,0.4,-0.58630682));
#8020=DIRECTION('',(0.0,-1.0,0.0));
#8021=DIRECTION('',(0.0,0.0,-1.0));
#8022=ADVANCED_FACE('NONE',(#8023),#8049,.F.);
#8023=FACE_BOUND('NONE',#8024,.T.);
#8024=EDGE_LOOP('',(#8025,#8026,#8034,#8042,#8048));
#8025=ORIENTED_EDGE('',*,*,#8010,.F.);
#8026=ORIENTED_EDGE('',*,*,#8027,.T.);
#8027=EDGE_CURVE('NONE',#8003,#8028,#8030,.T.);
#8028=VERTEX_POINT('NONE',#8029);
#8029=CARTESIAN_POINT('',(-0.830850468,0.4,-0.586306819));
#8030=LINE('',#8031,#8032);
#8031=CARTESIAN_POINT('',(-0.972271824,0.4,-0.727728175));
#8032=VECTOR('',#8033,1.0);
#8033=DIRECTION('',(-0.707106781,0.0,-0.707106781));
#8034=ORIENTED_EDGE('',*,*,#8035,.T.);
#8035=EDGE_CURVE('NONE',#8028,#8036,#8038,.F.);
#8036=VERTEX_POINT('NONE',#8037);
#8037=CARTESIAN_POINT('',(-0.618718434,0.4,-0.798438854));
#8038=LINE('',#8039,#8040);
#8039=CARTESIAN_POINT('',(-0.724784451,0.4,-0.692372837));
#8040=VECTOR('',#8041,1.0);
#8041=DIRECTION('',(-0.707106781,0.0,0.707106781));
#8042=ORIENTED_EDGE('',*,*,#8043,.T.);
#8043=EDGE_CURVE('NONE',#8036,#385,#8044,.T.);
#8044=LINE('',#8045,#8046);
#8045=CARTESIAN_POINT('',(-0.512652417,0.4,-0.692372837));
#8046=VECTOR('',#8047,1.0);
#8047=DIRECTION('',(0.707106783,0.0,0.70710678));
#8048=ORIENTED_EDGE('',*,*,#384,.F.);
#8049=PLANE('',#8050);
#8050=AXIS2_PLACEMENT_3D('',#8051,#8052,#8053);
#8051=CARTESIAN_POINT('',(-0.833396052,0.4,-0.800611646));
#8052=DIRECTION('',(0.0,1.0,0.0));
#8053=DIRECTION('',(0.0,0.0,1.0));
#8054=ADVANCED_FACE('NONE',(#8055),#8080,.T.);
#8055=FACE_BOUND('NONE',#8056,.T.);
#8056=EDGE_LOOP('',(#8057,#8067,#8073,#8074));
#8057=ORIENTED_EDGE('',*,*,#8058,.T.);
#8058=EDGE_CURVE('NONE',#8059,#8061,#8063,.F.);
#8059=VERTEX_POINT('NONE',#8060);
#8060=CARTESIAN_POINT('',(0.035355339,0.4,-1.452512627));
#8061=VERTEX_POINT('NONE',#8062);
#8062=CARTESIAN_POINT('',(0.247487373,0.4,-1.664644661));
#8063=LINE('',#8064,#8065);
#8064=CARTESIAN_POINT('',(0.141421356,0.4,-1.558578644));
#8065=VECTOR('',#8066,1.0);
#8066=DIRECTION('',(-0.707106781,0.0,0.707106781));
#8067=ORIENTED_EDGE('',*,*,#8068,.T.);
#8068=EDGE_CURVE('NONE',#8061,#417,#8069,.T.);
#8069=LINE('',#8070,#8071);
#8070=CARTESIAN_POINT('',(0.353553391,0.4,-1.558578644));
#8071=VECTOR('',#8072,1.0);
#8072=DIRECTION('',(0.707106783,0.0,0.70710678));
#8073=ORIENTED_EDGE('',*,*,#416,.F.);
#8074=ORIENTED_EDGE('',*,*,#8075,.T.);
#8075=EDGE_CURVE('NONE',#409,#8059,#8076,.F.);
#8076=LINE('',#8077,#8078);
#8077=CARTESIAN_POINT('',(0.141421356,0.4,-1.346446609));
#8078=VECTOR('',#8079,1.0);
#8079=DIRECTION('',(0.70710678,0.0,0.707106783));
#8080=PLANE('',#8081);
#8081=AXIS2_PLACEMENT_3D('',#8082,#8083,#8084);
#8082=CARTESIAN_POINT('',(0.032809755,0.4,-1.237835008));
#8083=DIRECTION('',(0.0,-1.0,0.0));
#8084=DIRECTION('',(0.0,0.0,-1.0));
#8085=ADVANCED_FACE('NONE',(#8086),#8111,.F.);
#8086=FACE_BOUND('NONE',#8087,.T.);
#8087=EDGE_LOOP('',(#8088,#8098,#8104,#8105));
#8088=ORIENTED_EDGE('',*,*,#8089,.T.);
#8089=EDGE_CURVE('NONE',#8090,#8092,#8094,.F.);
#8090=VERTEX_POINT('NONE',#8091);
#8091=CARTESIAN_POINT('',(-1.425,-0.8,-2.275));
#8092=VERTEX_POINT('NONE',#8093);
#8093=CARTESIAN_POINT('',(-0.425,-0.8,-2.275));
#8094=LINE('',#8095,#8096);
#8095=CARTESIAN_POINT('',(-0.925,-0.8,-2.275));
#8096=VECTOR('',#8097,1.0);
#8097=DIRECTION('',(-1.0,0.0,0.0));
#8098=ORIENTED_EDGE('',*,*,#8099,.T.);
#8099=EDGE_CURVE('NONE',#8092,#775,#8100,.T.);
#8100=LINE('',#8101,#8102);
#8101=CARTESIAN_POINT('',(-0.425,-0.85,-2.275));
#8102=VECTOR('',#8103,1.0);
#8103=DIRECTION('',(0.0,-1.0,0.0));
#8104=ORIENTED_EDGE('',*,*,#774,.F.);
#8105=ORIENTED_EDGE('',*,*,#8106,.T.);
#8106=EDGE_CURVE('NONE',#766,#8090,#8107,.T.);
#8107=LINE('',#8108,#8109);
#8108=CARTESIAN_POINT('',(-1.425,-0.85,-2.275));
#8109=VECTOR('',#8110,1.0);
#8110=DIRECTION('',(0.0,1.0,0.0));
#8111=PLANE('',#8112);
#8112=AXIS2_PLACEMENT_3D('',#8113,#8114,#8115);
#8113=CARTESIAN_POINT('',(-1.425,-0.8884848,-2.275));
#8114=DIRECTION('',(0.0,0.0,1.0));
#8115=DIRECTION('',(1.0,0.0,0.0));
#8116=ADVANCED_FACE('NONE',(#8117,#8123),#8148,.T.);
#8117=FACE_BOUND('NONE',#8118,.T.);
#8118=EDGE_LOOP('',(#8119,#8120,#8121,#8122));
#8119=ORIENTED_EDGE('',*,*,#7813,.F.);
#8120=ORIENTED_EDGE('',*,*,#7830,.F.);
#8121=ORIENTED_EDGE('',*,*,#7765,.F.);
#8122=ORIENTED_EDGE('',*,*,#7789,.F.);
#8123=FACE_BOUND('NONE',#8124,.T.);
#8124=EDGE_LOOP('',(#8125,#8133,#8141,#8147));
#8125=ORIENTED_EDGE('',*,*,#8126,.T.);
#8126=EDGE_CURVE('NONE',#8090,#8127,#8129,.T.);
#8127=VERTEX_POINT('NONE',#8128);
#8128=CARTESIAN_POINT('',(-1.425,-0.8,-3.275));
#8129=LINE('',#8130,#8131);
#8130=CARTESIAN_POINT('',(-1.425,-0.8,-2.775));
#8131=VECTOR('',#8132,1.0);
#8132=DIRECTION('',(0.0,0.0,-1.0));
#8133=ORIENTED_EDGE('',*,*,#8134,.T.);
#8134=EDGE_CURVE('NONE',#8127,#8135,#8137,.T.);
#8135=VERTEX_POINT('NONE',#8136);
#8136=CARTESIAN_POINT('',(-0.425,-0.8,-3.275));
#8137=LINE('',#8138,#8139);
#8138=CARTESIAN_POINT('',(-0.925,-0.8,-3.275));
#8139=VECTOR('',#8140,1.0);
#8140=DIRECTION('',(1.0,0.0,0.0));
#8141=ORIENTED_EDGE('',*,*,#8142,.T.);
#8142=EDGE_CURVE('NONE',#8135,#8092,#8143,.T.);
#8143=LINE('',#8144,#8145);
#8144=CARTESIAN_POINT('',(-0.425,-0.8,-2.775));
#8145=VECTOR('',#8146,1.0);
#8146=DIRECTION('',(0.0,0.0,1.0));
#8147=ORIENTED_EDGE('',*,*,#8089,.F.);
#8148=PLANE('',#8149);
#8149=AXIS2_PLACEMENT_3D('',#8150,#8151,#8152);
#8150=CARTESIAN_POINT('',(-1.425,-0.8,-2.275));
#8151=DIRECTION('',(0.0,-1.0,0.0));
#8152=DIRECTION('',(0.0,0.0,-1.0));
#8153=ADVANCED_FACE('NONE',(#8154),#8179,.T.);
#8154=FACE_BOUND('NONE',#8155,.T.);
#8155=EDGE_LOOP('',(#8156,#8166,#8172,#8173));
#8156=ORIENTED_EDGE('',*,*,#8157,.T.);
#8157=EDGE_CURVE('NONE',#8158,#8160,#8162,.F.);
#8158=VERTEX_POINT('NONE',#8159);
#8159=CARTESIAN_POINT('',(-1.85,-0.7,-3.415));
#8160=VERTEX_POINT('NONE',#8161);
#8161=CARTESIAN_POINT('',(-2.45,-0.7,-3.415));
#8162=LINE('',#8163,#8164);
#8163=CARTESIAN_POINT('',(-2.15,-0.7,-3.415));
#8164=VECTOR('',#8165,1.0);
#8165=DIRECTION('',(1.0,0.0,0.0));
#8166=ORIENTED_EDGE('',*,*,#8167,.T.);
#8167=EDGE_CURVE('NONE',#8160,#7847,#8168,.T.);
#8168=LINE('',#8169,#8170);
#8169=CARTESIAN_POINT('',(-2.45,-0.7,-3.3325));
#8170=VECTOR('',#8171,1.0);
#8171=DIRECTION('',(0.0,0.0,1.0));
#8172=ORIENTED_EDGE('',*,*,#7844,.F.);
#8173=ORIENTED_EDGE('',*,*,#8174,.T.);
#8174=EDGE_CURVE('NONE',#7845,#8158,#8175,.T.);
#8175=LINE('',#8176,#8177);
#8176=CARTESIAN_POINT('',(-1.85,-0.7,-3.3325));
#8177=VECTOR('',#8178,1.0);
#8178=DIRECTION('',(0.0,0.0,-1.0));
#8179=PLANE('',#8180);
#8180=AXIS2_PLACEMENT_3D('',#8181,#8182,#8183);
#8181=CARTESIAN_POINT('',(-2.45,-0.7,-3.415));
#8182=DIRECTION('',(0.0,1.0,0.0));
#8183=DIRECTION('',(0.0,0.0,1.0));
#8184=ADVANCED_FACE('NONE',(#8185),#8203,.F.);
#8185=FACE_BOUND('NONE',#8186,.T.);
#8186=EDGE_LOOP('',(#8187,#8195,#8196,#8197));
#8187=ORIENTED_EDGE('',*,*,#8188,.T.);
#8188=EDGE_CURVE('NONE',#8189,#7874,#8191,.F.);
#8189=VERTEX_POINT('NONE',#8190);
#8190=CARTESIAN_POINT('',(-1.35,-0.9,-3.45));
#8191=LINE('',#8192,#8193);
#8192=CARTESIAN_POINT('',(-1.45,-0.9,-3.35));
#8193=VECTOR('',#8194,1.0);
#8194=DIRECTION('',(0.707106781,0.0,-0.707106781));
#8195=ORIENTED_EDGE('',*,*,#7873,.F.);
#8196=ORIENTED_EDGE('',*,*,#7359,.F.);
#8197=ORIENTED_EDGE('',*,*,#8198,.T.);
#8198=EDGE_CURVE('NONE',#7352,#8189,#8199,.T.);
#8199=LINE('',#8200,#8201);
#8200=CARTESIAN_POINT('',(-1.35,0.3,-3.45));
#8201=VECTOR('',#8202,1.0);
#8202=DIRECTION('',(0.0,-1.0,0.0));
#8203=PLANE('',#8204);
#8204=AXIS2_PLACEMENT_3D('',#8205,#8206,#8207);
#8205=CARTESIAN_POINT('',(-1.55,-0.9,-3.25));
#8206=DIRECTION('',(0.707106781,0.0,0.707106781));
#8207=DIRECTION('',(0.707106781,0.0,-0.707106781));
#8208=ADVANCED_FACE('NONE',(#8209),#8227,.F.);
#8209=FACE_BOUND('NONE',#8210,.T.);
#8210=EDGE_LOOP('',(#8211,#8219,#8225,#8226));
#8211=ORIENTED_EDGE('',*,*,#8212,.T.);
#8212=EDGE_CURVE('NONE',#7938,#8213,#8215,.F.);
#8213=VERTEX_POINT('NONE',#8214);
#8214=CARTESIAN_POINT('',(1.35,-0.9,-3.45));
#8215=LINE('',#8216,#8217);
#8216=CARTESIAN_POINT('',(1.45,-0.9,-3.35));
#8217=VECTOR('',#8218,1.0);
#8218=DIRECTION('',(0.707106781,0.0,0.707106781));
#8219=ORIENTED_EDGE('',*,*,#8220,.T.);
#8220=EDGE_CURVE('NONE',#8213,#7528,#8221,.T.);
#8221=LINE('',#8222,#8223);
#8222=CARTESIAN_POINT('',(1.35,0.3,-3.45));
#8223=VECTOR('',#8224,1.0);
#8224=DIRECTION('',(0.0,1.0,0.0));
#8225=ORIENTED_EDGE('',*,*,#7527,.F.);
#8226=ORIENTED_EDGE('',*,*,#7945,.F.);
#8227=PLANE('',#8228);
#8228=AXIS2_PLACEMENT_3D('',#8229,#8230,#8231);
#8229=CARTESIAN_POINT('',(1.35,-0.9,-3.45));
#8230=DIRECTION('',(-0.707106781,0.0,0.707106781));
#8231=DIRECTION('',(0.707106781,0.0,0.707106781));
#8232=ADVANCED_FACE('NONE',(#8233),#8251,.F.);
#8233=FACE_BOUND('NONE',#8234,.T.);
#8234=EDGE_LOOP('',(#8235,#8236,#8237,#8245));
#8235=ORIENTED_EDGE('',*,*,#7969,.F.);
#8236=ORIENTED_EDGE('',*,*,#7543,.F.);
#8237=ORIENTED_EDGE('',*,*,#8238,.T.);
#8238=EDGE_CURVE('NONE',#7536,#8239,#8241,.T.);
#8239=VERTEX_POINT('NONE',#8240);
#8240=CARTESIAN_POINT('',(1.25,0.88,-3.45));
#8241=LINE('',#8242,#8243);
#8242=CARTESIAN_POINT('',(1.25,0.3,-3.45));
#8243=VECTOR('',#8244,1.0);
#8244=DIRECTION('',(0.0,-1.0,0.0));
#8245=ORIENTED_EDGE('',*,*,#8246,.T.);
#8246=EDGE_CURVE('NONE',#8239,#7970,#8247,.F.);
#8247=LINE('',#8248,#8249);
#8248=CARTESIAN_POINT('',(1.25,0.88,-3.381927804));
#8249=VECTOR('',#8250,1.0);
#8250=DIRECTION('',(0.0,0.0,-1.0));
#8251=PLANE('',#8252);
#8252=AXIS2_PLACEMENT_3D('',#8253,#8254,#8255);
#8253=CARTESIAN_POINT('',(1.25,0.88,-3.313855607));
#8254=DIRECTION('',(1.0,0.0,0.0));
#8255=DIRECTION('',(0.0,0.0,-1.0));
#8256=ADVANCED_FACE('NONE',(#8257),#8275,.T.);
#8257=FACE_BOUND('NONE',#8258,.T.);
#8258=EDGE_LOOP('',(#8259,#8267,#8273,#8274));
#8259=ORIENTED_EDGE('',*,*,#8260,.T.);
#8260=EDGE_CURVE('NONE',#8239,#8261,#8263,.T.);
#8261=VERTEX_POINT('NONE',#8262);
#8262=CARTESIAN_POINT('',(-1.25,0.88,-3.45));
#8263=LINE('',#8264,#8265);
#8264=CARTESIAN_POINT('',(0.0,0.880000001,-3.45));
#8265=VECTOR('',#8266,1.0);
#8266=DIRECTION('',(-1.0,0.0,0.0));
#8267=ORIENTED_EDGE('',*,*,#8268,.T.);
#8268=EDGE_CURVE('NONE',#8261,#7978,#8269,.T.);
#8269=LINE('',#8270,#8271);
#8270=CARTESIAN_POINT('',(-1.25,0.88,-3.381927804));
#8271=VECTOR('',#8272,1.0);
#8272=DIRECTION('',(0.0,0.0,1.0));
#8273=ORIENTED_EDGE('',*,*,#7977,.F.);
#8274=ORIENTED_EDGE('',*,*,#8246,.F.);
#8275=PLANE('',#8276);
#8276=AXIS2_PLACEMENT_3D('',#8277,#8278,#8279);
#8277=CARTESIAN_POINT('',(-1.25,0.88,-3.45));
#8278=DIRECTION('',(0.0,1.0,0.0));
#8279=DIRECTION('',(0.0,0.0,1.0));
#8280=ADVANCED_FACE('NONE',(#8281),#8292,.F.);
#8281=FACE_BOUND('NONE',#8282,.T.);
#8282=EDGE_LOOP('',(#8283,#8284,#8285,#8291));
#8283=ORIENTED_EDGE('',*,*,#7985,.F.);
#8284=ORIENTED_EDGE('',*,*,#8268,.F.);
#8285=ORIENTED_EDGE('',*,*,#8286,.T.);
#8286=EDGE_CURVE('NONE',#8261,#7344,#8287,.T.);
#8287=LINE('',#8288,#8289);
#8288=CARTESIAN_POINT('',(-1.25,0.3,-3.45));
#8289=VECTOR('',#8290,1.0);
#8290=DIRECTION('',(0.0,1.0,0.0));
#8291=ORIENTED_EDGE('',*,*,#7343,.F.);
#8292=PLANE('',#8293);
#8293=AXIS2_PLACEMENT_3D('',#8294,#8295,#8296);
#8294=CARTESIAN_POINT('',(-1.25,0.88,-3.45));
#8295=DIRECTION('',(-1.0,0.0,0.0));
#8296=DIRECTION('',(0.0,0.0,1.0));
#8297=ADVANCED_FACE('NONE',(#8298),#8323,.T.);
#8298=FACE_BOUND('NONE',#8299,.T.);
#8299=EDGE_LOOP('',(#8300,#8310,#8316,#8317));
#8300=ORIENTED_EDGE('',*,*,#8301,.T.);
#8301=EDGE_CURVE('NONE',#8302,#8304,#8306,.F.);
#8302=VERTEX_POINT('NONE',#8303);
#8303=CARTESIAN_POINT('',(2.45,-0.7,-3.415));
#8304=VERTEX_POINT('NONE',#8305);
#8305=CARTESIAN_POINT('',(1.85,-0.7,-3.415));
#8306=LINE('',#8307,#8308);
#8307=CARTESIAN_POINT('',(2.15,-0.7,-3.415));
#8308=VECTOR('',#8309,1.0);
#8309=DIRECTION('',(1.0,0.0,0.0));
#8310=ORIENTED_EDGE('',*,*,#8311,.T.);
#8311=EDGE_CURVE('NONE',#8304,#7922,#8312,.T.);
#8312=LINE('',#8313,#8314);
#8313=CARTESIAN_POINT('',(1.85,-0.7,-3.3325));
#8314=VECTOR('',#8315,1.0);
#8315=DIRECTION('',(0.0,0.0,1.0));
#8316=ORIENTED_EDGE('',*,*,#7921,.F.);
#8317=ORIENTED_EDGE('',*,*,#8318,.T.);
#8318=EDGE_CURVE('NONE',#7914,#8302,#8319,.T.);
#8319=LINE('',#8320,#8321);
#8320=CARTESIAN_POINT('',(2.45,-0.7,-3.3325));
#8321=VECTOR('',#8322,1.0);
#8322=DIRECTION('',(0.0,0.0,-1.0));
#8323=PLANE('',#8324);
#8324=AXIS2_PLACEMENT_3D('',#8325,#8326,#8327);
#8325=CARTESIAN_POINT('',(1.85,-0.7,-3.415));
#8326=DIRECTION('',(0.0,1.0,0.0));
#8327=DIRECTION('',(0.0,0.0,1.0));
#8328=ADVANCED_FACE('NONE',(#8329),#8363,.T.);
#8329=FACE_BOUND('NONE',#8330,.T.);
#8330=EDGE_LOOP('',(#8331,#8341,#8349,#8357));
#8331=ORIENTED_EDGE('',*,*,#8332,.T.);
#8332=EDGE_CURVE('NONE',#8333,#8335,#8337,.F.);
#8333=VERTEX_POINT('NONE',#8334);
#8334=CARTESIAN_POINT('',(-0.247487373,0.4,-1.735355339));
#8335=VERTEX_POINT('NONE',#8336);
#8336=CARTESIAN_POINT('',(-0.459619408,0.4,-1.947487373));
#8337=LINE('',#8338,#8339);
#8338=CARTESIAN_POINT('',(-0.353553391,0.4,-1.841421356));
#8339=VECTOR('',#8340,1.0);
#8340=DIRECTION('',(0.707106783,0.0,0.70710678));
#8341=ORIENTED_EDGE('',*,*,#8342,.T.);
#8342=EDGE_CURVE('NONE',#8335,#8343,#8345,.T.);
#8343=VERTEX_POINT('NONE',#8344);
#8344=CARTESIAN_POINT('',(-0.247487373,0.4,-2.159619408));
#8345=LINE('',#8346,#8347);
#8346=CARTESIAN_POINT('',(-0.353553391,0.4,-2.053553391));
#8347=VECTOR('',#8348,1.0);
#8348=DIRECTION('',(0.707106781,0.0,-0.707106781));
#8349=ORIENTED_EDGE('',*,*,#8350,.T.);
#8350=EDGE_CURVE('NONE',#8343,#8351,#8353,.T.);
#8351=VERTEX_POINT('NONE',#8352);
#8352=CARTESIAN_POINT('',(-0.035355339,0.4,-1.947487373));
#8353=LINE('',#8354,#8355);
#8354=CARTESIAN_POINT('',(-0.141421356,0.4,-2.05355339));
#8355=VECTOR('',#8356,1.0);
#8356=DIRECTION('',(0.70710678,0.0,0.707106783));
#8357=ORIENTED_EDGE('',*,*,#8358,.T.);
#8358=EDGE_CURVE('NONE',#8351,#8333,#8359,.T.);
#8359=LINE('',#8360,#8361);
#8360=CARTESIAN_POINT('',(-0.141421356,0.4,-1.841421356));
#8361=VECTOR('',#8362,1.0);
#8362=DIRECTION('',(-0.707106781,0.0,0.707106781));
#8363=PLANE('',#8364);
#8364=AXIS2_PLACEMENT_3D('',#8365,#8366,#8367);
#8365=CARTESIAN_POINT('',(-0.462164992,0.4,-1.732809755));
#8366=DIRECTION('',(0.0,-1.0,0.0));
#8367=DIRECTION('',(0.0,0.0,-1.0));
#8368=ADVANCED_FACE('NONE',(#8369),#8395,.F.);
#8369=FACE_BOUND('NONE',#8370,.T.);
#8370=EDGE_LOOP('',(#8371,#8372,#8380,#8389));
#8371=ORIENTED_EDGE('',*,*,#233,.F.);
#8372=ORIENTED_EDGE('',*,*,#8373,.T.);
#8373=EDGE_CURVE('NONE',#226,#8374,#8376,.T.);
#8374=VERTEX_POINT('NONE',#8375);
#8375=CARTESIAN_POINT('',(-1.219759198,0.4,-1.187347584));
#8376=LINE('',#8377,#8378);
#8377=CARTESIAN_POINT('',(-1.219759198,-0.25,-1.187347584));
#8378=VECTOR('',#8379,1.0);
#8379=DIRECTION('',(0.0,1.0,0.0));
#8380=ORIENTED_EDGE('',*,*,#8381,.T.);
#8381=EDGE_CURVE('NONE',#8374,#8382,#8384,.T.);
#8382=VERTEX_POINT('NONE',#8383);
#8383=CARTESIAN_POINT('',(-1.219759198,0.4,-0.975215549));
#8384=CIRCLE('',#8385,0.15);
#8385=AXIS2_PLACEMENT_3D('',#8386,#8387,#8388);
#8386=CARTESIAN_POINT('',(-1.11369318,0.4,-1.081281566));
#8387=DIRECTION('',(0.0,1.0,0.0));
#8388=DIRECTION('',(1.445602897E-15,0.0,-1.0));
#8389=ORIENTED_EDGE('',*,*,#8390,.T.);
#8390=EDGE_CURVE('NONE',#8382,#234,#8391,.T.);
#8391=LINE('',#8392,#8393);
#8392=CARTESIAN_POINT('',(-1.219759198,0.225,-0.975215549));
#8393=VECTOR('',#8394,1.0);
#8394=DIRECTION('',(0.0,-1.0,0.0));
#8395=CYLINDRICAL_SURFACE('',#8396,0.15);
#8396=AXIS2_PLACEMENT_3D('',#8397,#8398,#8399);
#8397=CARTESIAN_POINT('',(-1.11369318,0.4,-1.081281566));
#8398=DIRECTION('',(0.0,-1.0,0.0));
#8399=DIRECTION('',(0.0,0.0,-1.0));
#8400=ADVANCED_FACE('NONE',(#8401),#8434,.F.);
#8401=FACE_BOUND('NONE',#8402,.T.);
#8402=EDGE_LOOP('',(#8403,#8404,#8412,#8420,#8428));
#8403=ORIENTED_EDGE('',*,*,#8381,.F.);
#8404=ORIENTED_EDGE('',*,*,#8405,.T.);
#8405=EDGE_CURVE('NONE',#8374,#8406,#8408,.T.);
#8406=VERTEX_POINT('NONE',#8407);
#8407=CARTESIAN_POINT('',(-1.11369318,0.4,-1.293413601));
#8408=LINE('',#8409,#8410);
#8409=CARTESIAN_POINT('',(-0.353553391,0.4,-2.053553391));
#8410=VECTOR('',#8411,1.0);
#8411=DIRECTION('',(0.707106781,0.0,-0.707106781));
#8412=ORIENTED_EDGE('',*,*,#8413,.T.);
#8413=EDGE_CURVE('NONE',#8406,#8414,#8416,.T.);
#8414=VERTEX_POINT('NONE',#8415);
#8415=CARTESIAN_POINT('',(-0.901561146,0.4,-1.081281566));
#8416=LINE('',#8417,#8418);
#8417=CARTESIAN_POINT('',(-1.007627163,0.4,-1.187347584));
#8418=VECTOR('',#8419,1.0);
#8419=DIRECTION('',(0.70710678,0.0,0.707106783));
#8420=ORIENTED_EDGE('',*,*,#8421,.T.);
#8421=EDGE_CURVE('NONE',#8414,#8422,#8424,.T.);
#8422=VERTEX_POINT('NONE',#8423);
#8423=CARTESIAN_POINT('',(-1.113693181,0.4,-0.869149532));
#8424=LINE('',#8425,#8426);
#8425=CARTESIAN_POINT('',(-1.007627163,0.4,-0.975215549));
#8426=VECTOR('',#8427,1.0);
#8427=DIRECTION('',(-0.707106781,0.0,0.707106781));
#8428=ORIENTED_EDGE('',*,*,#8429,.T.);
#8429=EDGE_CURVE('NONE',#8422,#8382,#8430,.T.);
#8430=LINE('',#8431,#8432);
#8431=CARTESIAN_POINT('',(-0.972271824,0.4,-0.727728175));
#8432=VECTOR('',#8433,1.0);
#8433=DIRECTION('',(-0.707106781,0.0,-0.707106781));
#8434=PLANE('',#8435);
#8435=AXIS2_PLACEMENT_3D('',#8436,#8437,#8438);
#8436=CARTESIAN_POINT('',(-1.265865973,0.4,-1.295959185));
#8437=DIRECTION('',(0.0,1.0,0.0));
#8438=DIRECTION('',(0.0,0.0,1.0));
#8439=ADVANCED_FACE('NONE',(#8440),#8465,.T.);
#8440=FACE_BOUND('NONE',#8441,.T.);
#8441=EDGE_LOOP('',(#8442,#8443,#8451,#8459));
#8442=ORIENTED_EDGE('',*,*,#8058,.F.);
#8443=ORIENTED_EDGE('',*,*,#8444,.T.);
#8444=EDGE_CURVE('NONE',#8059,#8445,#8447,.F.);
#8445=VERTEX_POINT('NONE',#8446);
#8446=CARTESIAN_POINT('',(0.035355339,0.15,-1.452512627));
#8447=LINE('',#8448,#8449);
#8448=CARTESIAN_POINT('',(0.035355339,0.275,-1.452512627));
#8449=VECTOR('',#8450,1.0);
#8450=DIRECTION('',(0.0,1.0,0.0));
#8451=ORIENTED_EDGE('',*,*,#8452,.T.);
#8452=EDGE_CURVE('NONE',#8445,#8453,#8455,.T.);
#8453=VERTEX_POINT('NONE',#8454);
#8454=CARTESIAN_POINT('',(0.247487373,0.15,-1.664644661));
#8455=LINE('',#8456,#8457);
#8456=CARTESIAN_POINT('',(0.035355339,0.15,-1.452512627));
#8457=VECTOR('',#8458,1.0);
#8458=DIRECTION('',(0.707106781,0.0,-0.707106781));
#8459=ORIENTED_EDGE('',*,*,#8460,.T.);
#8460=EDGE_CURVE('NONE',#8453,#8061,#8461,.T.);
#8461=LINE('',#8462,#8463);
#8462=CARTESIAN_POINT('',(0.247487373,0.275,-1.664644661));
#8463=VECTOR('',#8464,1.0);
#8464=DIRECTION('',(0.0,1.0,0.0));
#8465=PLANE('',#8466);
#8466=AXIS2_PLACEMENT_3D('',#8467,#8468,#8469);
#8467=CARTESIAN_POINT('',(0.035355339,0.15,-1.452512627));
#8468=DIRECTION('',(0.707106781,0.0,0.707106781));
#8469=DIRECTION('',(0.707106781,0.0,-0.707106781));
#8470=ADVANCED_FACE('NONE',(#8471),#8482,.F.);
#8471=FACE_BOUND('NONE',#8472,.T.);
#8472=EDGE_LOOP('',(#8473,#8474,#8475,#8476));
#8473=ORIENTED_EDGE('',*,*,#424,.F.);
#8474=ORIENTED_EDGE('',*,*,#8068,.F.);
#8475=ORIENTED_EDGE('',*,*,#8460,.F.);
#8476=ORIENTED_EDGE('',*,*,#8477,.T.);
#8477=EDGE_CURVE('NONE',#8453,#425,#8478,.T.);
#8478=LINE('',#8479,#8480);
#8479=CARTESIAN_POINT('',(0.459619408,0.15,-1.452512627));
#8480=VECTOR('',#8481,1.0);
#8481=DIRECTION('',(0.707106783,0.0,0.70710678));
#8482=PLANE('',#8483);
#8483=AXIS2_PLACEMENT_3D('',#8484,#8485,#8486);
#8484=CARTESIAN_POINT('',(0.459619408,0.15,-1.452512627));
#8485=DIRECTION('',(0.70710678,0.0,-0.707106783));
#8486=DIRECTION('',(-0.707106783,0.0,-0.70710678));
#8487=ADVANCED_FACE('NONE',(#8488),#8513,.F.);
#8488=FACE_BOUND('NONE',#8489,.T.);
#8489=EDGE_LOOP('',(#8490,#8498,#8499,#8507));
#8490=ORIENTED_EDGE('',*,*,#8491,.T.);
#8491=EDGE_CURVE('NONE',#8492,#8351,#8494,.T.);
#8492=VERTEX_POINT('NONE',#8493);
#8493=CARTESIAN_POINT('',(-0.035355339,0.15,-1.947487373));
#8494=LINE('',#8495,#8496);
#8495=CARTESIAN_POINT('',(-0.035355339,0.275,-1.947487373));
#8496=VECTOR('',#8497,1.0);
#8497=DIRECTION('',(0.0,1.0,0.0));
#8498=ORIENTED_EDGE('',*,*,#8350,.F.);
#8499=ORIENTED_EDGE('',*,*,#8500,.T.);
#8500=EDGE_CURVE('NONE',#8343,#8501,#8503,.T.);
#8501=VERTEX_POINT('NONE',#8502);
#8502=CARTESIAN_POINT('',(-0.247487373,0.15,-2.159619409));
#8503=LINE('',#8504,#8505);
#8504=CARTESIAN_POINT('',(-0.247487373,-0.25,-2.159619409));
#8505=VECTOR('',#8506,1.0);
#8506=DIRECTION('',(0.0,-1.0,0.0));
#8507=ORIENTED_EDGE('',*,*,#8508,.T.);
#8508=EDGE_CURVE('NONE',#8501,#8492,#8509,.T.);
#8509=LINE('',#8510,#8511);
#8510=CARTESIAN_POINT('',(-0.035355339,0.15,-1.947487373));
#8511=VECTOR('',#8512,1.0);
#8512=DIRECTION('',(0.70710678,0.0,0.707106783));
#8513=PLANE('',#8514);
#8514=AXIS2_PLACEMENT_3D('',#8515,#8516,#8517);
#8515=CARTESIAN_POINT('',(-0.035355339,0.15,-1.947487373));
#8516=DIRECTION('',(0.707106783,0.0,-0.70710678));
#8517=DIRECTION('',(-0.70710678,0.0,-0.707106783));
#8518=ADVANCED_FACE('NONE',(#8519),#8537,.F.);
#8519=FACE_BOUND('NONE',#8520,.T.);
#8520=EDGE_LOOP('',(#8521,#8529,#8530,#8531));
#8521=ORIENTED_EDGE('',*,*,#8522,.T.);
#8522=EDGE_CURVE('NONE',#8523,#8333,#8525,.F.);
#8523=VERTEX_POINT('NONE',#8524);
#8524=CARTESIAN_POINT('',(-0.247487373,0.15,-1.735355339));
#8525=LINE('',#8526,#8527);
#8526=CARTESIAN_POINT('',(-0.247487373,0.275,-1.735355339));
#8527=VECTOR('',#8528,1.0);
#8528=DIRECTION('',(0.0,-1.0,0.0));
#8529=ORIENTED_EDGE('',*,*,#8358,.F.);
#8530=ORIENTED_EDGE('',*,*,#8491,.F.);
#8531=ORIENTED_EDGE('',*,*,#8532,.T.);
#8532=EDGE_CURVE('NONE',#8492,#8523,#8533,.T.);
#8533=LINE('',#8534,#8535);
#8534=CARTESIAN_POINT('',(-0.247487373,0.15,-1.735355339));
#8535=VECTOR('',#8536,1.0);
#8536=DIRECTION('',(-0.707106781,0.0,0.707106781));
#8537=PLANE('',#8538);
#8538=AXIS2_PLACEMENT_3D('',#8539,#8540,#8541);
#8539=CARTESIAN_POINT('',(-0.247487373,0.15,-1.735355339));
#8540=DIRECTION('',(0.707106781,0.0,0.707106781));
#8541=DIRECTION('',(0.707106781,0.0,-0.707106781));
#8542=ADVANCED_FACE('NONE',(#8543),#8561,.T.);
#8543=FACE_BOUND('NONE',#8544,.T.);
#8544=EDGE_LOOP('',(#8545,#8546,#8547,#8555));
#8545=ORIENTED_EDGE('',*,*,#8332,.F.);
#8546=ORIENTED_EDGE('',*,*,#8522,.F.);
#8547=ORIENTED_EDGE('',*,*,#8548,.T.);
#8548=EDGE_CURVE('NONE',#8523,#8549,#8551,.T.);
#8549=VERTEX_POINT('NONE',#8550);
#8550=CARTESIAN_POINT('',(-0.459619409,0.15,-1.947487373));
#8551=LINE('',#8552,#8553);
#8552=CARTESIAN_POINT('',(-0.247487373,0.15,-1.735355339));
#8553=VECTOR('',#8554,1.0);
#8554=DIRECTION('',(-0.707106783,0.0,-0.70710678));
#8555=ORIENTED_EDGE('',*,*,#8556,.T.);
#8556=EDGE_CURVE('NONE',#8549,#8335,#8557,.T.);
#8557=LINE('',#8558,#8559);
#8558=CARTESIAN_POINT('',(-0.459619409,-0.25,-1.947487373));
#8559=VECTOR('',#8560,1.0);
#8560=DIRECTION('',(0.0,1.0,0.0));
#8561=PLANE('',#8562);
#8562=AXIS2_PLACEMENT_3D('',#8563,#8564,#8565);
#8563=CARTESIAN_POINT('',(-0.247487373,0.15,-1.735355339));
#8564=DIRECTION('',(0.70710678,0.0,-0.707106783));
#8565=DIRECTION('',(-0.707106783,0.0,-0.70710678));
#8566=ADVANCED_FACE('NONE',(#8567),#8592,.F.);
#8567=FACE_BOUND('NONE',#8568,.T.);
#8568=EDGE_LOOP('',(#8569,#8577,#8585,#8591));
#8569=ORIENTED_EDGE('',*,*,#8570,.T.);
#8570=EDGE_CURVE('NONE',#8406,#8571,#8573,.T.);
#8571=VERTEX_POINT('NONE',#8572);
#8572=CARTESIAN_POINT('',(-1.11369318,0.15,-1.293413602));
#8573=LINE('',#8574,#8575);
#8574=CARTESIAN_POINT('',(-1.11369318,-0.25,-1.293413602));
#8575=VECTOR('',#8576,1.0);
#8576=DIRECTION('',(0.0,-1.0,0.0));
#8577=ORIENTED_EDGE('',*,*,#8578,.T.);
#8578=EDGE_CURVE('NONE',#8571,#8579,#8581,.T.);
#8579=VERTEX_POINT('NONE',#8580);
#8580=CARTESIAN_POINT('',(-0.901561146,0.15,-1.081281566));
#8581=LINE('',#8582,#8583);
#8582=CARTESIAN_POINT('',(-0.901561146,0.15,-1.081281566));
#8583=VECTOR('',#8584,1.0);
#8584=DIRECTION('',(0.70710678,0.0,0.707106783));
#8585=ORIENTED_EDGE('',*,*,#8586,.T.);
#8586=EDGE_CURVE('NONE',#8579,#8414,#8587,.T.);
#8587=LINE('',#8588,#8589);
#8588=CARTESIAN_POINT('',(-0.901561146,0.275,-1.081281566));
#8589=VECTOR('',#8590,1.0);
#8590=DIRECTION('',(0.0,1.0,0.0));
#8591=ORIENTED_EDGE('',*,*,#8413,.F.);
#8592=PLANE('',#8593);
#8593=AXIS2_PLACEMENT_3D('',#8594,#8595,#8596);
#8594=CARTESIAN_POINT('',(-0.901561146,0.15,-1.081281566));
#8595=DIRECTION('',(0.707106783,0.0,-0.70710678));
#8596=DIRECTION('',(-0.70710678,0.0,-0.707106783));
#8597=ADVANCED_FACE('NONE',(#8598),#8616,.F.);
#8598=FACE_BOUND('NONE',#8599,.T.);
#8599=EDGE_LOOP('',(#8600,#8601,#8609,#8615));
#8600=ORIENTED_EDGE('',*,*,#8586,.F.);
#8601=ORIENTED_EDGE('',*,*,#8602,.T.);
#8602=EDGE_CURVE('NONE',#8579,#8603,#8605,.T.);
#8603=VERTEX_POINT('NONE',#8604);
#8604=CARTESIAN_POINT('',(-1.113693181,0.15,-0.869149532));
#8605=LINE('',#8606,#8607);
#8606=CARTESIAN_POINT('',(-1.11369318,0.15,-0.869149532));
#8607=VECTOR('',#8608,1.0);
#8608=DIRECTION('',(-0.707106781,0.0,0.707106781));
#8609=ORIENTED_EDGE('',*,*,#8610,.T.);
#8610=EDGE_CURVE('NONE',#8603,#8422,#8611,.T.);
#8611=LINE('',#8612,#8613);
#8612=CARTESIAN_POINT('',(-1.113693181,0.225,-0.869149532));
#8613=VECTOR('',#8614,1.0);
#8614=DIRECTION('',(0.0,1.0,0.0));
#8615=ORIENTED_EDGE('',*,*,#8421,.F.);
#8616=PLANE('',#8617);
#8617=AXIS2_PLACEMENT_3D('',#8618,#8619,#8620);
#8618=CARTESIAN_POINT('',(-1.11369318,0.15,-0.869149532));
#8619=DIRECTION('',(0.707106781,0.0,0.707106781));
#8620=DIRECTION('',(0.707106781,0.0,-0.707106781));
#8621=ADVANCED_FACE('NONE',(#8622),#8645,.F.);
#8622=FACE_BOUND('NONE',#8623,.T.);
#8623=EDGE_LOOP('',(#8624,#8625,#8626,#8627,#8628,#8629,#8630,#8638,#8644));
#8624=ORIENTED_EDGE('',*,*,#8002,.F.);
#8625=ORIENTED_EDGE('',*,*,#1299,.F.);
#8626=ORIENTED_EDGE('',*,*,#242,.F.);
#8627=ORIENTED_EDGE('',*,*,#8390,.F.);
#8628=ORIENTED_EDGE('',*,*,#8429,.F.);
#8629=ORIENTED_EDGE('',*,*,#8610,.F.);
#8630=ORIENTED_EDGE('',*,*,#8631,.T.);
#8631=EDGE_CURVE('NONE',#8603,#8632,#8634,.T.);
#8632=VERTEX_POINT('NONE',#8633);
#8633=CARTESIAN_POINT('',(-0.830850468,0.15,-0.58630682));
#8634=LINE('',#8635,#8636);
#8635=CARTESIAN_POINT('',(-1.219759198,0.15,-0.975215549));
#8636=VECTOR('',#8637,1.0);
#8637=DIRECTION('',(0.707106781,0.0,0.707106781));
#8638=ORIENTED_EDGE('',*,*,#8639,.T.);
#8639=EDGE_CURVE('NONE',#8632,#8028,#8640,.F.);
#8640=LINE('',#8641,#8642);
#8641=CARTESIAN_POINT('',(-0.830850468,0.275,-0.58630682));
#8642=VECTOR('',#8643,1.0);
#8643=DIRECTION('',(0.0,-1.0,0.0));
#8644=ORIENTED_EDGE('',*,*,#8027,.F.);
#8645=PLANE('',#8646);
#8646=AXIS2_PLACEMENT_3D('',#8647,#8648,#8649);
#8647=CARTESIAN_POINT('',(-1.219759198,0.05,-0.975215549));
#8648=DIRECTION('',(-0.707106781,0.0,0.707106781));
#8649=DIRECTION('',(0.707106781,0.0,0.707106781));
#8650=ADVANCED_FACE('NONE',(#8651),#8669,.T.);
#8651=FACE_BOUND('NONE',#8652,.T.);
#8652=EDGE_LOOP('',(#8653,#8654,#8662,#8668));
#8653=ORIENTED_EDGE('',*,*,#8639,.F.);
#8654=ORIENTED_EDGE('',*,*,#8655,.T.);
#8655=EDGE_CURVE('NONE',#8632,#8656,#8658,.T.);
#8656=VERTEX_POINT('NONE',#8657);
#8657=CARTESIAN_POINT('',(-0.618718434,0.15,-0.798438854));
#8658=LINE('',#8659,#8660);
#8659=CARTESIAN_POINT('',(-0.830850468,0.15,-0.58630682));
#8660=VECTOR('',#8661,1.0);
#8661=DIRECTION('',(0.707106781,0.0,-0.707106781));
#8662=ORIENTED_EDGE('',*,*,#8663,.T.);
#8663=EDGE_CURVE('NONE',#8656,#8036,#8664,.T.);
#8664=LINE('',#8665,#8666);
#8665=CARTESIAN_POINT('',(-0.618718434,0.275,-0.798438854));
#8666=VECTOR('',#8667,1.0);
#8667=DIRECTION('',(0.0,1.0,0.0));
#8668=ORIENTED_EDGE('',*,*,#8035,.F.);
#8669=PLANE('',#8670);
#8670=AXIS2_PLACEMENT_3D('',#8671,#8672,#8673);
#8671=CARTESIAN_POINT('',(-0.830850468,0.15,-0.58630682));
#8672=DIRECTION('',(0.707106781,0.0,0.707106781));
#8673=DIRECTION('',(0.707106781,0.0,-0.707106781));
#8674=ADVANCED_FACE('NONE',(#8675),#8686,.F.);
#8675=FACE_BOUND('NONE',#8676,.T.);
#8676=EDGE_LOOP('',(#8677,#8678,#8684,#8685));
#8677=ORIENTED_EDGE('',*,*,#8663,.F.);
#8678=ORIENTED_EDGE('',*,*,#8679,.T.);
#8679=EDGE_CURVE('NONE',#8656,#393,#8680,.T.);
#8680=LINE('',#8681,#8682);
#8681=CARTESIAN_POINT('',(-0.406586399,0.15,-0.58630682));
#8682=VECTOR('',#8683,1.0);
#8683=DIRECTION('',(0.707106783,0.0,0.70710678));
#8684=ORIENTED_EDGE('',*,*,#392,.F.);
#8685=ORIENTED_EDGE('',*,*,#8043,.F.);
#8686=PLANE('',#8687);
#8687=AXIS2_PLACEMENT_3D('',#8688,#8689,#8690);
#8688=CARTESIAN_POINT('',(-0.406586399,0.15,-0.58630682));
#8689=DIRECTION('',(0.70710678,0.0,-0.707106783));
#8690=DIRECTION('',(-0.707106783,0.0,-0.70710678));
#8691=ADVANCED_FACE('NONE',(#8692),#8703,.T.);
#8692=FACE_BOUND('NONE',#8693,.T.);
#8693=EDGE_LOOP('',(#8694,#8695,#8696,#8702));
#8694=ORIENTED_EDGE('',*,*,#8075,.F.);
#8695=ORIENTED_EDGE('',*,*,#408,.F.);
#8696=ORIENTED_EDGE('',*,*,#8697,.T.);
#8697=EDGE_CURVE('NONE',#401,#8445,#8698,.T.);
#8698=LINE('',#8699,#8700);
#8699=CARTESIAN_POINT('',(0.247487373,0.15,-1.240380592));
#8700=VECTOR('',#8701,1.0);
#8701=DIRECTION('',(-0.70710678,0.0,-0.707106783));
#8702=ORIENTED_EDGE('',*,*,#8444,.F.);
#8703=PLANE('',#8704);
#8704=AXIS2_PLACEMENT_3D('',#8705,#8706,#8707);
#8705=CARTESIAN_POINT('',(0.247487373,0.15,-1.240380592));
#8706=DIRECTION('',(0.707106783,0.0,-0.70710678));
#8707=DIRECTION('',(-0.70710678,0.0,-0.707106783));
#8708=ADVANCED_FACE('NONE',(#8709),#8734,.T.);
#8709=FACE_BOUND('NONE',#8710,.T.);
#8710=EDGE_LOOP('',(#8711,#8712,#8720,#8728));
#8711=ORIENTED_EDGE('',*,*,#440,.F.);
#8712=ORIENTED_EDGE('',*,*,#8713,.T.);
#8713=EDGE_CURVE('NONE',#433,#8714,#8716,.T.);
#8714=VERTEX_POINT('NONE',#8715);
#8715=CARTESIAN_POINT('',(0.901561146,0.15,-2.318718434));
#8716=LINE('',#8717,#8718);
#8717=CARTESIAN_POINT('',(1.11369318,0.15,-2.106586399));
#8718=VECTOR('',#8719,1.0);
#8719=DIRECTION('',(-0.70710678,0.0,-0.707106783));
#8720=ORIENTED_EDGE('',*,*,#8721,.T.);
#8721=EDGE_CURVE('NONE',#8714,#8722,#8724,.F.);
#8722=VERTEX_POINT('NONE',#8723);
#8723=CARTESIAN_POINT('',(0.901561146,0.4,-2.318718434));
#8724=LINE('',#8725,#8726);
#8725=CARTESIAN_POINT('',(0.901561146,0.275,-2.318718434));
#8726=VECTOR('',#8727,1.0);
#8727=DIRECTION('',(0.0,-1.0,0.0));
#8728=ORIENTED_EDGE('',*,*,#8729,.T.);
#8729=EDGE_CURVE('NONE',#8722,#441,#8730,.T.);
#8730=LINE('',#8731,#8732);
#8731=CARTESIAN_POINT('',(1.11369318,0.4,-2.106586399));
#8732=VECTOR('',#8733,1.0);
#8733=DIRECTION('',(0.70710678,0.0,0.707106783));
#8734=PLANE('',#8735);
#8735=AXIS2_PLACEMENT_3D('',#8736,#8737,#8738);
#8736=CARTESIAN_POINT('',(1.11369318,0.15,-2.106586399));
#8737=DIRECTION('',(0.707106783,0.0,-0.70710678));
#8738=DIRECTION('',(-0.70710678,0.0,-0.707106783));
#8739=ADVANCED_FACE('NONE',(#8740),#8759,.F.);
#8740=FACE_BOUND('NONE',#8741,.T.);
#8741=EDGE_LOOP('',(#8742,#8743,#8751,#8757,#8758));
#8742=ORIENTED_EDGE('',*,*,#8142,.F.);
#8743=ORIENTED_EDGE('',*,*,#8744,.T.);
#8744=EDGE_CURVE('NONE',#8135,#8745,#8747,.T.);
#8745=VERTEX_POINT('NONE',#8746);
#8746=CARTESIAN_POINT('',(-0.425000002,-0.9,-3.275));
#8747=LINE('',#8748,#8749);
#8748=CARTESIAN_POINT('',(-0.425,-0.85,-3.275));
#8749=VECTOR('',#8750,1.0);
#8750=DIRECTION('',(0.0,-1.0,0.0));
#8751=ORIENTED_EDGE('',*,*,#8752,.T.);
#8752=EDGE_CURVE('NONE',#8745,#783,#8753,.F.);
#8753=LINE('',#8754,#8755);
#8754=CARTESIAN_POINT('',(-0.425000003,-0.9,-2.9));
#8755=VECTOR('',#8756,1.0);
#8756=DIRECTION('',(0.0,0.0,-1.0));
#8757=ORIENTED_EDGE('',*,*,#782,.F.);
#8758=ORIENTED_EDGE('',*,*,#8099,.F.);
#8759=PLANE('',#8760);
#8760=AXIS2_PLACEMENT_3D('',#8761,#8762,#8763);
#8761=CARTESIAN_POINT('',(-0.425,-0.9,-2.275));
#8762=DIRECTION('',(1.0,0.0,0.0));
#8763=DIRECTION('',(0.0,0.0,-1.0));
#8764=ADVANCED_FACE('NONE',(#8765),#8783,.F.);
#8765=FACE_BOUND('NONE',#8766,.T.);
#8766=EDGE_LOOP('',(#8767,#8768,#8769,#8777));
#8767=ORIENTED_EDGE('',*,*,#8744,.F.);
#8768=ORIENTED_EDGE('',*,*,#8134,.F.);
#8769=ORIENTED_EDGE('',*,*,#8770,.T.);
#8770=EDGE_CURVE('NONE',#8127,#8771,#8773,.T.);
#8771=VERTEX_POINT('NONE',#8772);
#8772=CARTESIAN_POINT('',(-1.425,-0.9,-3.275));
#8773=LINE('',#8774,#8775);
#8774=CARTESIAN_POINT('',(-1.425,-0.85,-3.275));
#8775=VECTOR('',#8776,1.0);
#8776=DIRECTION('',(0.0,-1.0,0.0));
#8777=ORIENTED_EDGE('',*,*,#8778,.T.);
#8778=EDGE_CURVE('NONE',#8771,#8745,#8779,.F.);
#8779=LINE('',#8780,#8781);
#8780=CARTESIAN_POINT('',(0.0,-0.9,-3.275));
#8781=VECTOR('',#8782,1.0);
#8782=DIRECTION('',(-1.0,0.0,0.0));
#8783=PLANE('',#8784);
#8784=AXIS2_PLACEMENT_3D('',#8785,#8786,#8787);
#8785=CARTESIAN_POINT('',(-0.425,-0.9,-3.275));
#8786=DIRECTION('',(0.0,0.0,-1.0));
#8787=DIRECTION('',(-1.0,0.0,0.0));
#8788=ADVANCED_FACE('NONE',(#8789),#8801,.F.);
#8789=FACE_BOUND('NONE',#8790,.T.);
#8790=EDGE_LOOP('',(#8791,#8792,#8793,#8794,#8795));
#8791=ORIENTED_EDGE('',*,*,#8770,.F.);
#8792=ORIENTED_EDGE('',*,*,#8126,.F.);
#8793=ORIENTED_EDGE('',*,*,#8106,.F.);
#8794=ORIENTED_EDGE('',*,*,#765,.F.);
#8795=ORIENTED_EDGE('',*,*,#8796,.T.);
#8796=EDGE_CURVE('NONE',#758,#8771,#8797,.F.);
#8797=LINE('',#8798,#8799);
#8798=CARTESIAN_POINT('',(-1.425,-0.9,-2.9));
#8799=VECTOR('',#8800,1.0);
#8800=DIRECTION('',(0.0,0.0,1.0));
#8801=PLANE('',#8802);
#8802=AXIS2_PLACEMENT_3D('',#8803,#8804,#8805);
#8803=CARTESIAN_POINT('',(-1.425,-0.9,-3.275));
#8804=DIRECTION('',(-1.0,0.0,0.0));
#8805=DIRECTION('',(0.0,0.0,1.0));
#8806=ADVANCED_FACE('NONE',(#8807),#8825,.F.);
#8807=FACE_BOUND('NONE',#8808,.T.);
#8808=EDGE_LOOP('',(#8809,#8810,#8811,#8819));
#8809=ORIENTED_EDGE('',*,*,#7854,.F.);
#8810=ORIENTED_EDGE('',*,*,#8167,.F.);
#8811=ORIENTED_EDGE('',*,*,#8812,.T.);
#8812=EDGE_CURVE('NONE',#8160,#8813,#8815,.F.);
#8813=VERTEX_POINT('NONE',#8814);
#8814=CARTESIAN_POINT('',(-2.449999999,-0.9,-3.415));
#8815=LINE('',#8816,#8817);
#8816=CARTESIAN_POINT('',(-2.45,-0.8,-3.415));
#8817=VECTOR('',#8818,1.0);
#8818=DIRECTION('',(0.0,1.0,0.0));
#8819=ORIENTED_EDGE('',*,*,#8820,.T.);
#8820=EDGE_CURVE('NONE',#8813,#7855,#8821,.F.);
#8821=LINE('',#8822,#8823);
#8822=CARTESIAN_POINT('',(-2.449999998,-0.9,-2.9));
#8823=VECTOR('',#8824,1.0);
#8824=DIRECTION('',(0.0,0.0,-1.0));
#8825=PLANE('',#8826);
#8826=AXIS2_PLACEMENT_3D('',#8827,#8828,#8829);
#8827=CARTESIAN_POINT('',(-2.45,-0.9,-3.25));
#8828=DIRECTION('',(1.0,0.0,0.0));
#8829=DIRECTION('',(0.0,0.0,-1.0));
#8830=ADVANCED_FACE('NONE',(#8831),#8849,.T.);
#8831=FACE_BOUND('NONE',#8832,.T.);
#8832=EDGE_LOOP('',(#8833,#8841,#8842,#8843));
#8833=ORIENTED_EDGE('',*,*,#8834,.T.);
#8834=EDGE_CURVE('NONE',#8835,#8813,#8837,.F.);
#8835=VERTEX_POINT('NONE',#8836);
#8836=CARTESIAN_POINT('',(-1.850000001,-0.9,-3.415));
#8837=LINE('',#8838,#8839);
#8838=CARTESIAN_POINT('',(0.0,-0.9,-3.415));
#8839=VECTOR('',#8840,1.0);
#8840=DIRECTION('',(1.0,0.0,0.0));
#8841=ORIENTED_EDGE('',*,*,#8812,.F.);
#8842=ORIENTED_EDGE('',*,*,#8157,.F.);
#8843=ORIENTED_EDGE('',*,*,#8844,.T.);
#8844=EDGE_CURVE('NONE',#8158,#8835,#8845,.T.);
#8845=LINE('',#8846,#8847);
#8846=CARTESIAN_POINT('',(-1.85,-0.8,-3.415));
#8847=VECTOR('',#8848,1.0);
#8848=DIRECTION('',(0.0,-1.0,0.0));
#8849=PLANE('',#8850);
#8850=AXIS2_PLACEMENT_3D('',#8851,#8852,#8853);
#8851=CARTESIAN_POINT('',(-1.85,-0.9,-3.415));
#8852=DIRECTION('',(0.0,0.0,-1.0));
#8853=DIRECTION('',(-1.0,0.0,0.0));
#8854=ADVANCED_FACE('NONE',(#8855),#8866,.F.);
#8855=FACE_BOUND('NONE',#8856,.T.);
#8856=EDGE_LOOP('',(#8857,#8858,#8864,#8865));
#8857=ORIENTED_EDGE('',*,*,#7889,.F.);
#8858=ORIENTED_EDGE('',*,*,#8859,.T.);
#8859=EDGE_CURVE('NONE',#7882,#8835,#8860,.F.);
#8860=LINE('',#8861,#8862);
#8861=CARTESIAN_POINT('',(-1.850000003,-0.9,-2.9));
#8862=VECTOR('',#8863,1.0);
#8863=DIRECTION('',(0.0,0.0,1.0));
#8864=ORIENTED_EDGE('',*,*,#8844,.F.);
#8865=ORIENTED_EDGE('',*,*,#8174,.F.);
#8866=PLANE('',#8867);
#8867=AXIS2_PLACEMENT_3D('',#8868,#8869,#8870);
#8868=CARTESIAN_POINT('',(-1.85,-0.9,-3.415));
#8869=DIRECTION('',(-1.0,0.0,0.0));
#8870=DIRECTION('',(0.0,0.0,1.0));
#8871=ADVANCED_FACE('NONE',(#8872),#8887,.F.);
#8872=FACE_BOUND('NONE',#8873,.T.);
#8873=EDGE_LOOP('',(#8874,#8875,#8876,#8877,#8878,#8879,#8885,#8886));
#8874=ORIENTED_EDGE('',*,*,#8286,.F.);
#8875=ORIENTED_EDGE('',*,*,#8260,.F.);
#8876=ORIENTED_EDGE('',*,*,#8238,.F.);
#8877=ORIENTED_EDGE('',*,*,#7535,.F.);
#8878=ORIENTED_EDGE('',*,*,#8220,.F.);
#8879=ORIENTED_EDGE('',*,*,#8880,.T.);
#8880=EDGE_CURVE('NONE',#8213,#8189,#8881,.F.);
#8881=LINE('',#8882,#8883);
#8882=CARTESIAN_POINT('',(0.0,-0.9,-3.45));
#8883=VECTOR('',#8884,1.0);
#8884=DIRECTION('',(1.0,0.0,0.0));
#8885=ORIENTED_EDGE('',*,*,#8198,.F.);
#8886=ORIENTED_EDGE('',*,*,#7351,.F.);
#8887=PLANE('',#8888);
#8888=AXIS2_PLACEMENT_3D('',#8889,#8890,#8891);
#8889=CARTESIAN_POINT('',(-1.35,-0.9,-3.45));
#8890=DIRECTION('',(0.0,0.0,1.0));
#8891=DIRECTION('',(1.0,0.0,0.0));
#8892=ADVANCED_FACE('NONE',(#8893),#8911,.F.);
#8893=FACE_BOUND('NONE',#8894,.T.);
#8894=EDGE_LOOP('',(#8895,#8896,#8897,#8905));
#8895=ORIENTED_EDGE('',*,*,#7929,.F.);
#8896=ORIENTED_EDGE('',*,*,#8311,.F.);
#8897=ORIENTED_EDGE('',*,*,#8898,.T.);
#8898=EDGE_CURVE('NONE',#8304,#8899,#8901,.F.);
#8899=VERTEX_POINT('NONE',#8900);
#8900=CARTESIAN_POINT('',(1.850000001,-0.9,-3.415));
#8901=LINE('',#8902,#8903);
#8902=CARTESIAN_POINT('',(1.85,-0.8,-3.415));
#8903=VECTOR('',#8904,1.0);
#8904=DIRECTION('',(0.0,1.0,0.0));
#8905=ORIENTED_EDGE('',*,*,#8906,.T.);
#8906=EDGE_CURVE('NONE',#8899,#7930,#8907,.F.);
#8907=LINE('',#8908,#8909);
#8908=CARTESIAN_POINT('',(1.850000003,-0.9,-2.9));
#8909=VECTOR('',#8910,1.0);
#8910=DIRECTION('',(0.0,0.0,-1.0));
#8911=PLANE('',#8912);
#8912=AXIS2_PLACEMENT_3D('',#8913,#8914,#8915);
#8913=CARTESIAN_POINT('',(1.85,-0.9,-3.25));
#8914=DIRECTION('',(1.0,0.0,0.0));
#8915=DIRECTION('',(0.0,0.0,-1.0));
#8916=ADVANCED_FACE('NONE',(#8917),#8935,.T.);
#8917=FACE_BOUND('NONE',#8918,.T.);
#8918=EDGE_LOOP('',(#8919,#8927,#8928,#8929));
#8919=ORIENTED_EDGE('',*,*,#8920,.T.);
#8920=EDGE_CURVE('NONE',#8921,#8899,#8923,.F.);
#8921=VERTEX_POINT('NONE',#8922);
#8922=CARTESIAN_POINT('',(2.449999999,-0.9,-3.415));
#8923=LINE('',#8924,#8925);
#8924=CARTESIAN_POINT('',(0.0,-0.9,-3.415));
#8925=VECTOR('',#8926,1.0);
#8926=DIRECTION('',(1.0,0.0,0.0));
#8927=ORIENTED_EDGE('',*,*,#8898,.F.);
#8928=ORIENTED_EDGE('',*,*,#8301,.F.);
#8929=ORIENTED_EDGE('',*,*,#8930,.T.);
#8930=EDGE_CURVE('NONE',#8302,#8921,#8931,.T.);
#8931=LINE('',#8932,#8933);
#8932=CARTESIAN_POINT('',(2.45,-0.8,-3.415));
#8933=VECTOR('',#8934,1.0);
#8934=DIRECTION('',(0.0,-1.0,0.0));
#8935=PLANE('',#8936);
#8936=AXIS2_PLACEMENT_3D('',#8937,#8938,#8939);
#8937=CARTESIAN_POINT('',(2.45,-0.9,-3.415));
#8938=DIRECTION('',(0.0,0.0,-1.0));
#8939=DIRECTION('',(-1.0,0.0,0.0));
#8940=ADVANCED_FACE('NONE',(#8941),#8952,.F.);
#8941=FACE_BOUND('NONE',#8942,.T.);
#8942=EDGE_LOOP('',(#8943,#8944,#8950,#8951));
#8943=ORIENTED_EDGE('',*,*,#7913,.F.);
#8944=ORIENTED_EDGE('',*,*,#8945,.T.);
#8945=EDGE_CURVE('NONE',#7906,#8921,#8946,.F.);
#8946=LINE('',#8947,#8948);
#8947=CARTESIAN_POINT('',(2.449999998,-0.9,-2.9));
#8948=VECTOR('',#8949,1.0);
#8949=DIRECTION('',(0.0,0.0,1.0));
#8950=ORIENTED_EDGE('',*,*,#8930,.F.);
#8951=ORIENTED_EDGE('',*,*,#8318,.F.);
#8952=PLANE('',#8953);
#8953=AXIS2_PLACEMENT_3D('',#8954,#8955,#8956);
#8954=CARTESIAN_POINT('',(2.45,-0.9,-3.415));
#8955=DIRECTION('',(-1.0,0.0,0.0));
#8956=DIRECTION('',(0.0,0.0,1.0));
#8957=ADVANCED_FACE('NONE',(#8958),#8992,.T.);
#8958=FACE_BOUND('NONE',#8959,.T.);
#8959=EDGE_LOOP('',(#8960,#8970,#8978,#8986));
#8960=ORIENTED_EDGE('',*,*,#8961,.T.);
#8961=EDGE_CURVE('NONE',#8962,#8964,#8966,.T.);
#8962=VERTEX_POINT('NONE',#8963);
#8963=CARTESIAN_POINT('',(0.618718434,0.4,-2.601561146));
#8964=VERTEX_POINT('NONE',#8965);
#8965=CARTESIAN_POINT('',(0.618718434,0.15,-2.601561146));
#8966=LINE('',#8967,#8968);
#8967=CARTESIAN_POINT('',(0.618718434,0.275,-2.601561146));
#8968=VECTOR('',#8969,1.0);
#8969=DIRECTION('',(0.0,-1.0,0.0));
#8970=ORIENTED_EDGE('',*,*,#8971,.T.);
#8971=EDGE_CURVE('NONE',#8964,#8972,#8974,.T.);
#8972=VERTEX_POINT('NONE',#8973);
#8973=CARTESIAN_POINT('',(0.406586398,0.15,-2.81369318));
#8974=LINE('',#8975,#8976);
#8975=CARTESIAN_POINT('',(0.618718434,0.15,-2.601561146));
#8976=VECTOR('',#8977,1.0);
#8977=DIRECTION('',(-0.707106783,0.0,-0.70710678));
#8978=ORIENTED_EDGE('',*,*,#8979,.T.);
#8979=EDGE_CURVE('NONE',#8972,#8980,#8982,.T.);
#8980=VERTEX_POINT('NONE',#8981);
#8981=CARTESIAN_POINT('',(0.406586398,0.4,-2.81369318));
#8982=LINE('',#8983,#8984);
#8983=CARTESIAN_POINT('',(0.406586398,-0.25,-2.81369318));
#8984=VECTOR('',#8985,1.0);
#8985=DIRECTION('',(0.0,1.0,0.0));
#8986=ORIENTED_EDGE('',*,*,#8987,.T.);
#8987=EDGE_CURVE('NONE',#8980,#8962,#8988,.T.);
#8988=LINE('',#8989,#8990);
#8989=CARTESIAN_POINT('',(0.618718434,0.4,-2.601561146));
#8990=VECTOR('',#8991,1.0);
#8991=DIRECTION('',(0.707106783,0.0,0.70710678));
#8992=PLANE('',#8993);
#8993=AXIS2_PLACEMENT_3D('',#8994,#8995,#8996);
#8994=CARTESIAN_POINT('',(0.618718434,0.15,-2.601561146));
#8995=DIRECTION('',(0.70710678,0.0,-0.707106783));
#8996=DIRECTION('',(-0.707106783,0.0,-0.70710678));
#8997=ADVANCED_FACE('NONE',(#8998),#9044,.F.);
#8998=FACE_BOUND('NONE',#8999,.T.);
#8999=EDGE_LOOP('',(#9000,#9001,#9002,#9003,#9004,#9012,#9020,#9026,#9027,#9033,#9034,#9035,#9036,#9042,#9043));
#9000=ORIENTED_EDGE('',*,*,#8373,.F.);
#9001=ORIENTED_EDGE('',*,*,#223,.F.);
#9002=ORIENTED_EDGE('',*,*,#1079,.F.);
#9003=ORIENTED_EDGE('',*,*,#799,.F.);
#9004=ORIENTED_EDGE('',*,*,#9005,.T.);
#9005=EDGE_CURVE('NONE',#792,#9006,#9008,.F.);
#9006=VERTEX_POINT('NONE',#9007);
#9007=CARTESIAN_POINT('',(0.512652416,-0.9,-2.919759198));
#9008=LINE('',#9009,#9010);
#9009=CARTESIAN_POINT('',(0.512652414,-0.9,-2.919759198));
#9010=VECTOR('',#9011,1.0);
#9011=DIRECTION('',(-0.707106781,0.0,0.707106781));
#9012=ORIENTED_EDGE('',*,*,#9013,.T.);
#9013=EDGE_CURVE('NONE',#9006,#9014,#9016,.F.);
#9014=VERTEX_POINT('NONE',#9015);
#9015=CARTESIAN_POINT('',(0.512652416,0.4,-2.919759198));
#9016=LINE('',#9017,#9018);
#9017=CARTESIAN_POINT('',(0.512652417,-0.25,-2.919759197));
#9018=VECTOR('',#9019,1.0);
#9019=DIRECTION('',(0.0,-1.0,0.0));
#9020=ORIENTED_EDGE('',*,*,#9021,.T.);
#9021=EDGE_CURVE('NONE',#9014,#8980,#9022,.T.);
#9022=LINE('',#9023,#9024);
#9023=CARTESIAN_POINT('',(0.512652416,0.4,-2.919759198));
#9024=VECTOR('',#9025,1.0);
#9025=DIRECTION('',(-0.707106781,0.0,0.707106781));
#9026=ORIENTED_EDGE('',*,*,#8979,.F.);
#9027=ORIENTED_EDGE('',*,*,#9028,.T.);
#9028=EDGE_CURVE('NONE',#8972,#8501,#9029,.T.);
#9029=LINE('',#9030,#9031);
#9030=CARTESIAN_POINT('',(0.512652416,0.15,-2.919759198));
#9031=VECTOR('',#9032,1.0);
#9032=DIRECTION('',(-0.707106781,0.0,0.707106781));
#9033=ORIENTED_EDGE('',*,*,#8500,.F.);
#9034=ORIENTED_EDGE('',*,*,#8342,.F.);
#9035=ORIENTED_EDGE('',*,*,#8556,.F.);
#9036=ORIENTED_EDGE('',*,*,#9037,.T.);
#9037=EDGE_CURVE('NONE',#8549,#8571,#9038,.T.);
#9038=LINE('',#9039,#9040);
#9039=CARTESIAN_POINT('',(0.512652416,0.15,-2.919759198));
#9040=VECTOR('',#9041,1.0);
#9041=DIRECTION('',(-0.707106781,0.0,0.707106781));
#9042=ORIENTED_EDGE('',*,*,#8570,.F.);
#9043=ORIENTED_EDGE('',*,*,#8405,.F.);
#9044=PLANE('',#9045);
#9045=AXIS2_PLACEMENT_3D('',#9046,#9047,#9048);
#9046=CARTESIAN_POINT('',(0.512652416,-0.9,-2.919759198));
#9047=DIRECTION('',(-0.707106781,0.0,-0.707106781));
#9048=DIRECTION('',(-0.707106781,0.0,0.707106781));
#9049=ADVANCED_FACE('NONE',(#9050),#9075,.F.);
#9050=FACE_BOUND('NONE',#9051,.T.);
#9051=EDGE_LOOP('',(#9052,#9062,#9068,#9069));
#9052=ORIENTED_EDGE('',*,*,#9053,.T.);
#9053=EDGE_CURVE('NONE',#9054,#9056,#9058,.T.);
#9054=VERTEX_POINT('NONE',#9055);
#9055=CARTESIAN_POINT('',(0.830850468,0.4,-2.813693181));
#9056=VERTEX_POINT('NONE',#9057);
#9057=CARTESIAN_POINT('',(0.830850468,0.15,-2.813693181));
#9058=LINE('',#9059,#9060);
#9059=CARTESIAN_POINT('',(0.830850468,-0.25,-2.813693181));
#9060=VECTOR('',#9061,1.0);
#9061=DIRECTION('',(0.0,-1.0,0.0));
#9062=ORIENTED_EDGE('',*,*,#9063,.T.);
#9063=EDGE_CURVE('NONE',#9056,#8964,#9064,.T.);
#9064=LINE('',#9065,#9066);
#9065=CARTESIAN_POINT('',(0.618718434,0.15,-2.601561146));
#9066=VECTOR('',#9067,1.0);
#9067=DIRECTION('',(-0.707106781,0.0,0.707106781));
#9068=ORIENTED_EDGE('',*,*,#8961,.F.);
#9069=ORIENTED_EDGE('',*,*,#9070,.T.);
#9070=EDGE_CURVE('NONE',#8962,#9054,#9071,.T.);
#9071=LINE('',#9072,#9073);
#9072=CARTESIAN_POINT('',(0.618718434,0.4,-2.601561146));
#9073=VECTOR('',#9074,1.0);
#9074=DIRECTION('',(0.707106781,0.0,-0.707106781));
#9075=PLANE('',#9076);
#9076=AXIS2_PLACEMENT_3D('',#9077,#9078,#9079);
#9077=CARTESIAN_POINT('',(0.618718434,0.15,-2.601561146));
#9078=DIRECTION('',(0.707106781,0.0,0.707106781));
#9079=DIRECTION('',(0.707106781,0.0,-0.707106781));
#9080=ADVANCED_FACE('NONE',(#9081),#9115,.F.);
#9081=FACE_BOUND('NONE',#9082,.T.);
#9082=EDGE_LOOP('',(#9083,#9084,#9085,#9086,#9087,#9088,#9089,#9090,#9091,#9092,#9093,#9094,#9095,#9096,#9104,#9110,#9111,#9112,#9113,#9114));
#9083=ORIENTED_EDGE('',*,*,#400,.F.);
#9084=ORIENTED_EDGE('',*,*,#8679,.F.);
#9085=ORIENTED_EDGE('',*,*,#8655,.F.);
#9086=ORIENTED_EDGE('',*,*,#8631,.F.);
#9087=ORIENTED_EDGE('',*,*,#8602,.F.);
#9088=ORIENTED_EDGE('',*,*,#8578,.F.);
#9089=ORIENTED_EDGE('',*,*,#9037,.F.);
#9090=ORIENTED_EDGE('',*,*,#8548,.F.);
#9091=ORIENTED_EDGE('',*,*,#8532,.F.);
#9092=ORIENTED_EDGE('',*,*,#8508,.F.);
#9093=ORIENTED_EDGE('',*,*,#9028,.F.);
#9094=ORIENTED_EDGE('',*,*,#8971,.F.);
#9095=ORIENTED_EDGE('',*,*,#9063,.F.);
#9096=ORIENTED_EDGE('',*,*,#9097,.T.);
#9097=EDGE_CURVE('NONE',#9056,#9098,#9100,.T.);
#9098=VERTEX_POINT('NONE',#9099);
#9099=CARTESIAN_POINT('',(1.113693181,0.15,-2.530850468));
#9100=LINE('',#9101,#9102);
#9101=CARTESIAN_POINT('',(0.972271824,0.15,-2.672271825));
#9102=VECTOR('',#9103,1.0);
#9103=DIRECTION('',(0.707106781,0.0,0.707106781));
#9104=ORIENTED_EDGE('',*,*,#9105,.T.);
#9105=EDGE_CURVE('NONE',#9098,#8714,#9106,.F.);
#9106=LINE('',#9107,#9108);
#9107=CARTESIAN_POINT('',(1.007627163,0.15,-2.424784451));
#9108=VECTOR('',#9109,1.0);
#9109=DIRECTION('',(0.707106781,0.0,-0.707106781));
#9110=ORIENTED_EDGE('',*,*,#8713,.F.);
#9111=ORIENTED_EDGE('',*,*,#432,.F.);
#9112=ORIENTED_EDGE('',*,*,#8477,.F.);
#9113=ORIENTED_EDGE('',*,*,#8452,.F.);
#9114=ORIENTED_EDGE('',*,*,#8697,.F.);
#9115=PLANE('',#9116);
#9116=AXIS2_PLACEMENT_3D('',#9117,#9118,#9119);
#9117=CARTESIAN_POINT('',(-1.11369318,0.15,-2.81369318));
#9118=DIRECTION('',(0.0,1.0,0.0));
#9119=DIRECTION('',(0.0,0.0,1.0));
#9120=ADVANCED_FACE('NONE',(#9121),#9139,.T.);
#9121=FACE_BOUND('NONE',#9122,.T.);
#9122=EDGE_LOOP('',(#9123,#9124,#9125,#9133));
#9123=ORIENTED_EDGE('',*,*,#8721,.F.);
#9124=ORIENTED_EDGE('',*,*,#9105,.F.);
#9125=ORIENTED_EDGE('',*,*,#9126,.T.);
#9126=EDGE_CURVE('NONE',#9098,#9127,#9129,.T.);
#9127=VERTEX_POINT('NONE',#9128);
#9128=CARTESIAN_POINT('',(1.113693181,0.4,-2.530850468));
#9129=LINE('',#9130,#9131);
#9130=CARTESIAN_POINT('',(1.113693181,-0.25,-2.530850468));
#9131=VECTOR('',#9132,1.0);
#9132=DIRECTION('',(0.0,1.0,0.0));
#9133=ORIENTED_EDGE('',*,*,#9134,.T.);
#9134=EDGE_CURVE('NONE',#9127,#8722,#9135,.T.);
#9135=LINE('',#9136,#9137);
#9136=CARTESIAN_POINT('',(0.901561146,0.4,-2.318718434));
#9137=VECTOR('',#9138,1.0);
#9138=DIRECTION('',(-0.707106781,0.0,0.707106781));
#9139=PLANE('',#9140);
#9140=AXIS2_PLACEMENT_3D('',#9141,#9142,#9143);
#9141=CARTESIAN_POINT('',(0.901561146,0.15,-2.318718434));
#9142=DIRECTION('',(0.707106781,0.0,0.707106781));
#9143=DIRECTION('',(0.707106781,0.0,-0.707106781));
#9144=ADVANCED_FACE('NONE',(#9145),#9165,.F.);
#9145=FACE_BOUND('NONE',#9146,.T.);
#9146=EDGE_LOOP('',(#9147,#9156,#9157,#9158,#9159));
#9147=ORIENTED_EDGE('',*,*,#9148,.T.);
#9148=EDGE_CURVE('NONE',#9149,#343,#9151,.F.);
#9149=VERTEX_POINT('NONE',#9150);
#9150=CARTESIAN_POINT('',(1.219759198,0.4,-2.424784451));
#9151=CIRCLE('',#9152,0.15);
#9152=AXIS2_PLACEMENT_3D('',#9153,#9154,#9155);
#9153=CARTESIAN_POINT('',(1.11369318,0.4,-2.318718434));
#9154=DIRECTION('',(0.0,1.0,0.0));
#9155=DIRECTION('',(-5.782411587E-15,0.0,-1.0));
#9156=ORIENTED_EDGE('',*,*,#448,.F.);
#9157=ORIENTED_EDGE('',*,*,#8729,.F.);
#9158=ORIENTED_EDGE('',*,*,#9134,.F.);
#9159=ORIENTED_EDGE('',*,*,#9160,.T.);
#9160=EDGE_CURVE('NONE',#9127,#9149,#9161,.T.);
#9161=LINE('',#9162,#9163);
#9162=CARTESIAN_POINT('',(0.972271824,0.4,-2.672271825));
#9163=VECTOR('',#9164,1.0);
#9164=DIRECTION('',(0.707106781,0.0,0.707106781));
#9165=PLANE('',#9166);
#9166=AXIS2_PLACEMENT_3D('',#9167,#9168,#9169);
#9167=CARTESIAN_POINT('',(0.899388354,0.4,-2.533396052));
#9168=DIRECTION('',(0.0,1.0,0.0));
#9169=DIRECTION('',(0.0,0.0,1.0));
#9170=ADVANCED_FACE('NONE',(#9171),#9191,.F.);
#9171=FACE_BOUND('NONE',#9172,.T.);
#9172=EDGE_LOOP('',(#9173,#9174,#9175,#9176,#9184));
#9173=ORIENTED_EDGE('',*,*,#691,.F.);
#9174=ORIENTED_EDGE('',*,*,#342,.F.);
#9175=ORIENTED_EDGE('',*,*,#9148,.F.);
#9176=ORIENTED_EDGE('',*,*,#9177,.T.);
#9177=EDGE_CURVE('NONE',#9149,#9178,#9180,.T.);
#9178=VERTEX_POINT('NONE',#9179);
#9179=CARTESIAN_POINT('',(1.219759198,-0.9,-2.424784451));
#9180=LINE('',#9181,#9182);
#9181=CARTESIAN_POINT('',(1.219759198,-0.25,-2.424784451));
#9182=VECTOR('',#9183,1.0);
#9183=DIRECTION('',(0.0,-1.0,0.0));
#9184=ORIENTED_EDGE('',*,*,#9185,.T.);
#9185=EDGE_CURVE('NONE',#9178,#681,#9186,.F.);
#9186=CIRCLE('',#9187,0.15);
#9187=AXIS2_PLACEMENT_3D('',#9188,#9189,#9190);
#9188=CARTESIAN_POINT('',(1.11369318,-0.9,-2.318718434));
#9189=DIRECTION('',(0.0,1.0,0.0));
#9190=DIRECTION('',(-1.011922028E-14,0.0,-1.0));
#9191=CYLINDRICAL_SURFACE('',#9192,0.15);
#9192=AXIS2_PLACEMENT_3D('',#9193,#9194,#9195);
#9193=CARTESIAN_POINT('',(1.11369318,0.4,-2.318718434));
#9194=DIRECTION('',(0.0,-1.0,0.0));
#9195=DIRECTION('',(0.0,0.0,-1.0));
#9196=ADVANCED_FACE('NONE',(#9197),#9238,.T.);
#9197=FACE_BOUND('NONE',#9198,.T.);
#9198=EDGE_LOOP('',(#9199,#9200,#9201,#9202,#9203,#9209,#9210,#9217,#9218,#9219,#9220,#9221,#9222,#9223,#9224,#9225,#9226,#9227,#9228,#9229,#9230,#9231,#9232,#9233,#9234,#9235,#9236,#9237));
#9199=ORIENTED_EDGE('',*,*,#480,.F.);
#9200=ORIENTED_EDGE('',*,*,#529,.F.);
#9201=ORIENTED_EDGE('',*,*,#680,.F.);
#9202=ORIENTED_EDGE('',*,*,#9185,.F.);
#9203=ORIENTED_EDGE('',*,*,#9204,.T.);
#9204=EDGE_CURVE('NONE',#9178,#35,#9205,.T.);
#9205=LINE('',#9206,#9207);
#9206=CARTESIAN_POINT('',(0.972271824,-0.9,-2.672271825));
#9207=VECTOR('',#9208,1.0);
#9208=DIRECTION('',(-0.707106781,0.0,-0.707106781));
#9209=ORIENTED_EDGE('',*,*,#34,.F.);
#9210=ORIENTED_EDGE('',*,*,#9211,.T.);
#9211=EDGE_CURVE('NONE',#27,#9006,#9212,.F.);
#9212=CIRCLE('',#9213,0.15);
#9213=AXIS2_PLACEMENT_3D('',#9214,#9215,#9216);
#9214=CARTESIAN_POINT('',(0.618718434,-0.9,-2.81369318));
#9215=DIRECTION('',(0.0,-1.0,0.0));
#9216=DIRECTION('',(0.0,0.0,-1.0));
#9217=ORIENTED_EDGE('',*,*,#9005,.F.);
#9218=ORIENTED_EDGE('',*,*,#791,.F.);
#9219=ORIENTED_EDGE('',*,*,#8752,.F.);
#9220=ORIENTED_EDGE('',*,*,#8778,.F.);
#9221=ORIENTED_EDGE('',*,*,#8796,.F.);
#9222=ORIENTED_EDGE('',*,*,#755,.F.);
#9223=ORIENTED_EDGE('',*,*,#864,.F.);
#9224=ORIENTED_EDGE('',*,*,#733,.F.);
#9225=ORIENTED_EDGE('',*,*,#7862,.F.);
#9226=ORIENTED_EDGE('',*,*,#8820,.F.);
#9227=ORIENTED_EDGE('',*,*,#8834,.F.);
#9228=ORIENTED_EDGE('',*,*,#8859,.F.);
#9229=ORIENTED_EDGE('',*,*,#7881,.F.);
#9230=ORIENTED_EDGE('',*,*,#8188,.F.);
#9231=ORIENTED_EDGE('',*,*,#8880,.F.);
#9232=ORIENTED_EDGE('',*,*,#8212,.F.);
#9233=ORIENTED_EDGE('',*,*,#7937,.F.);
#9234=ORIENTED_EDGE('',*,*,#8906,.F.);
#9235=ORIENTED_EDGE('',*,*,#8920,.F.);
#9236=ORIENTED_EDGE('',*,*,#8945,.F.);
#9237=ORIENTED_EDGE('',*,*,#7905,.F.);
#9238=PLANE('',#9239);
#9239=AXIS2_PLACEMENT_3D('',#9240,#9241,#9242);
#9240=CARTESIAN_POINT('',(-2.85,-0.9,-2.35));
#9241=DIRECTION('',(0.0,-1.0,0.0));
#9242=DIRECTION('',(0.0,0.0,-1.0));
#9243=ADVANCED_FACE('NONE',(#9244),#9263,.F.);
#9244=FACE_BOUND('NONE',#9245,.T.);
#9245=EDGE_LOOP('',(#9246,#9247,#9254,#9255,#9261,#9262));
#9246=ORIENTED_EDGE('',*,*,#9021,.F.);
#9247=ORIENTED_EDGE('',*,*,#9248,.T.);
#9248=EDGE_CURVE('NONE',#9014,#18,#9249,.F.);
#9249=CIRCLE('',#9250,0.15);
#9250=AXIS2_PLACEMENT_3D('',#9251,#9252,#9253);
#9251=CARTESIAN_POINT('',(0.618718434,0.4,-2.81369318));
#9252=DIRECTION('',(0.0,1.0,0.0));
#9253=DIRECTION('',(0.0,0.0,-1.0));
#9254=ORIENTED_EDGE('',*,*,#15,.F.);
#9255=ORIENTED_EDGE('',*,*,#9256,.T.);
#9256=EDGE_CURVE('NONE',#16,#9054,#9257,.T.);
#9257=LINE('',#9258,#9259);
#9258=CARTESIAN_POINT('',(0.972271824,0.4,-2.672271825));
#9259=VECTOR('',#9260,1.0);
#9260=DIRECTION('',(0.707106781,0.0,0.707106781));
#9261=ORIENTED_EDGE('',*,*,#9070,.F.);
#9262=ORIENTED_EDGE('',*,*,#8987,.F.);
#9263=PLANE('',#9264);
#9264=AXIS2_PLACEMENT_3D('',#9265,#9266,#9267);
#9265=CARTESIAN_POINT('',(0.404040815,0.4,-2.965865973));
#9266=DIRECTION('',(0.0,1.0,0.0));
#9267=DIRECTION('',(0.0,0.0,1.0));
#9268=ADVANCED_FACE('NONE',(#9269),#9279,.F.);
#9269=FACE_BOUND('NONE',#9270,.T.);
#9270=EDGE_LOOP('',(#9271,#9272,#9273,#9274,#9275,#9276,#9277,#9278));
#9271=ORIENTED_EDGE('',*,*,#43,.F.);
#9272=ORIENTED_EDGE('',*,*,#9204,.F.);
#9273=ORIENTED_EDGE('',*,*,#9177,.F.);
#9274=ORIENTED_EDGE('',*,*,#9160,.F.);
#9275=ORIENTED_EDGE('',*,*,#9126,.F.);
#9276=ORIENTED_EDGE('',*,*,#9097,.F.);
#9277=ORIENTED_EDGE('',*,*,#9053,.F.);
#9278=ORIENTED_EDGE('',*,*,#9256,.F.);
#9279=PLANE('',#9280);
#9280=AXIS2_PLACEMENT_3D('',#9281,#9282,#9283);
#9281=CARTESIAN_POINT('',(1.219759198,-0.9,-2.424784451));
#9282=DIRECTION('',(0.707106781,0.0,-0.707106781));
#9283=DIRECTION('',(-0.707106781,0.0,-0.707106781));
#9284=ADVANCED_FACE('NONE',(#9285),#9291,.F.);
#9285=FACE_BOUND('NONE',#9286,.T.);
#9286=EDGE_LOOP('',(#9287,#9288,#9289,#9290));
#9287=ORIENTED_EDGE('',*,*,#26,.F.);
#9288=ORIENTED_EDGE('',*,*,#9248,.F.);
#9289=ORIENTED_EDGE('',*,*,#9013,.F.);
#9290=ORIENTED_EDGE('',*,*,#9211,.F.);
#9291=CYLINDRICAL_SURFACE('',#9292,0.15);
#9292=AXIS2_PLACEMENT_3D('',#9293,#9294,#9295);
#9293=CARTESIAN_POINT('',(0.618718434,0.4,-2.81369318));
#9294=DIRECTION('',(0.0,-1.0,0.0));
#9295=DIRECTION('',(0.0,0.0,-1.0));
#9296=MANIFOLD_SOLID_BREP('2',#9297);
#9297=CLOSED_SHELL('NONE',(#9298,#9340,#9356,#9372));
#9298=ADVANCED_FACE('NONE',(#9299),#9335,.T.);
#9299=FACE_BOUND('NONE',#9300,.T.);
#9300=EDGE_LOOP('',(#9301,#9312,#9320,#9329));
#9301=ORIENTED_EDGE('',*,*,#9302,.T.);
#9302=EDGE_CURVE('NONE',#9303,#9305,#9307,.F.);
#9303=VERTEX_POINT('NONE',#9304);
#9304=CARTESIAN_POINT('',(0.895,1.7,-1.560011292));
#9305=VERTEX_POINT('NONE',#9306);
#9306=CARTESIAN_POINT('',(0.895,1.7,-1.060011292));
#9307=CIRCLE('',#9308,0.25);
#9308=AXIS2_PLACEMENT_3D('',#9309,#9310,#9311);
#9309=CARTESIAN_POINT('',(0.895,1.7,-1.310011292));
#9310=DIRECTION('',(0.0,1.0,0.0));
#9311=DIRECTION('',(0.0,0.0,-1.0));
#9312=ORIENTED_EDGE('',*,*,#9313,.T.);
#9313=EDGE_CURVE('NONE',#9305,#9314,#9316,.T.);
#9314=VERTEX_POINT('NONE',#9315);
#9315=CARTESIAN_POINT('',(0.895,1.5,-1.060011292));
#9316=LINE('',#9317,#9318);
#9317=CARTESIAN_POINT('',(0.895,1.7,-1.060011292));
#9318=VECTOR('',#9319,1.0);
#9319=DIRECTION('',(0.0,-1.0,0.0));
#9320=ORIENTED_EDGE('',*,*,#9321,.T.);
#9321=EDGE_CURVE('NONE',#9314,#9322,#9324,.F.);
#9322=VERTEX_POINT('NONE',#9323);
#9323=CARTESIAN_POINT('',(0.895,1.5,-1.560011292));
#9324=CIRCLE('',#9325,0.25);
#9325=AXIS2_PLACEMENT_3D('',#9326,#9327,#9328);
#9326=CARTESIAN_POINT('',(0.895,1.5,-1.310011292));
#9327=DIRECTION('',(0.0,-1.0,0.0));
#9328=DIRECTION('',(0.0,0.0,-1.0));
#9329=ORIENTED_EDGE('',*,*,#9330,.T.);
#9330=EDGE_CURVE('NONE',#9322,#9303,#9331,.F.);
#9331=LINE('',#9332,#9333);
#9332=CARTESIAN_POINT('',(0.895,1.7,-1.560011292));
#9333=VECTOR('',#9334,1.0);
#9334=DIRECTION('',(0.0,-1.0,0.0));
#9335=CYLINDRICAL_SURFACE('',#9336,0.25);
#9336=AXIS2_PLACEMENT_3D('',#9337,#9338,#9339);
#9337=CARTESIAN_POINT('',(0.895,1.7,-1.310011292));
#9338=DIRECTION('',(0.0,-1.0,0.0));
#9339=DIRECTION('',(0.0,0.0,-1.0));
#9340=ADVANCED_FACE('NONE',(#9341),#9351,.F.);
#9341=FACE_BOUND('NONE',#9342,.T.);
#9342=EDGE_LOOP('',(#9343,#9350));
#9343=ORIENTED_EDGE('',*,*,#9344,.T.);
#9344=EDGE_CURVE('NONE',#9303,#9305,#9345,.T.);
#9345=CIRCLE('',#9346,0.25);
#9346=AXIS2_PLACEMENT_3D('',#9347,#9348,#9349);
#9347=CARTESIAN_POINT('',(0.895,1.7,-1.310011292));
#9348=DIRECTION('',(0.0,1.0,0.0));
#9349=DIRECTION('',(0.0,0.0,-1.0));
#9350=ORIENTED_EDGE('',*,*,#9302,.F.);
#9351=PLANE('',#9352);
#9352=AXIS2_PLACEMENT_3D('',#9353,#9354,#9355);
#9353=CARTESIAN_POINT('',(0.642,1.7,-1.057011292));
#9354=DIRECTION('',(0.0,-1.0,0.0));
#9355=DIRECTION('',(0.0,0.0,-1.0));
#9356=ADVANCED_FACE('NONE',(#9357),#9367,.T.);
#9357=FACE_BOUND('NONE',#9358,.T.);
#9358=EDGE_LOOP('',(#9359,#9360));
#9359=ORIENTED_EDGE('',*,*,#9321,.F.);
#9360=ORIENTED_EDGE('',*,*,#9361,.T.);
#9361=EDGE_CURVE('NONE',#9314,#9322,#9362,.T.);
#9362=CIRCLE('',#9363,0.25);
#9363=AXIS2_PLACEMENT_3D('',#9364,#9365,#9366);
#9364=CARTESIAN_POINT('',(0.895,1.5,-1.310011292));
#9365=DIRECTION('',(0.0,-1.0,0.0));
#9366=DIRECTION('',(0.0,0.0,-1.0));
#9367=PLANE('',#9368);
#9368=AXIS2_PLACEMENT_3D('',#9369,#9370,#9371);
#9369=CARTESIAN_POINT('',(0.642,1.5,-1.057011292));
#9370=DIRECTION('',(0.0,-1.0,0.0));
#9371=DIRECTION('',(0.0,0.0,-1.0));
#9372=ADVANCED_FACE('NONE',(#9373),#9379,.T.);
#9373=FACE_BOUND('NONE',#9374,.T.);
#9374=EDGE_LOOP('',(#9375,#9376,#9377,#9378));
#9375=ORIENTED_EDGE('',*,*,#9313,.F.);
#9376=ORIENTED_EDGE('',*,*,#9344,.F.);
#9377=ORIENTED_EDGE('',*,*,#9330,.F.);
#9378=ORIENTED_EDGE('',*,*,#9361,.F.);
#9379=CYLINDRICAL_SURFACE('',#9380,0.25);
#9380=AXIS2_PLACEMENT_3D('',#9381,#9382,#9383);
#9381=CARTESIAN_POINT('',(0.895,1.7,-1.310011292));
#9382=DIRECTION('',(0.0,-1.0,0.0));
#9383=DIRECTION('',(0.0,0.0,-1.0));
#9384=MANIFOLD_SOLID_BREP('3',#9385);
#9385=CLOSED_SHELL('NONE',(#9386,#9428,#9444,#9460));
#9386=ADVANCED_FACE('NONE',(#9387),#9423,.T.);
#9387=FACE_BOUND('NONE',#9388,.T.);
#9388=EDGE_LOOP('',(#9389,#9400,#9408,#9417));
#9389=ORIENTED_EDGE('',*,*,#9390,.T.);
#9390=EDGE_CURVE('NONE',#9391,#9393,#9395,.F.);
#9391=VERTEX_POINT('NONE',#9392);
#9392=CARTESIAN_POINT('',(-0.895010263,1.7,-2.34));
#9393=VERTEX_POINT('NONE',#9394);
#9394=CARTESIAN_POINT('',(-0.895010263,1.7,-1.84));
#9395=CIRCLE('',#9396,0.25);
#9396=AXIS2_PLACEMENT_3D('',#9397,#9398,#9399);
#9397=CARTESIAN_POINT('',(-0.895010263,1.7,-2.09));
#9398=DIRECTION('',(0.0,1.0,0.0));
#9399=DIRECTION('',(0.0,0.0,-1.0));
#9400=ORIENTED_EDGE('',*,*,#9401,.T.);
#9401=EDGE_CURVE('NONE',#9393,#9402,#9404,.T.);
#9402=VERTEX_POINT('NONE',#9403);
#9403=CARTESIAN_POINT('',(-0.895010263,1.5,-1.84));
#9404=LINE('',#9405,#9406);
#9405=CARTESIAN_POINT('',(-0.895010263,1.7,-1.84));
#9406=VECTOR('',#9407,1.0);
#9407=DIRECTION('',(0.0,-1.0,0.0));
#9408=ORIENTED_EDGE('',*,*,#9409,.T.);
#9409=EDGE_CURVE('NONE',#9402,#9410,#9412,.F.);
#9410=VERTEX_POINT('NONE',#9411);
#9411=CARTESIAN_POINT('',(-0.895010263,1.5,-2.34));
#9412=CIRCLE('',#9413,0.25);
#9413=AXIS2_PLACEMENT_3D('',#9414,#9415,#9416);
#9414=CARTESIAN_POINT('',(-0.895010263,1.5,-2.09));
#9415=DIRECTION('',(0.0,-1.0,0.0));
#9416=DIRECTION('',(0.0,0.0,-1.0));
#9417=ORIENTED_EDGE('',*,*,#9418,.T.);
#9418=EDGE_CURVE('NONE',#9410,#9391,#9419,.F.);
#9419=LINE('',#9420,#9421);
#9420=CARTESIAN_POINT('',(-0.895010263,1.7,-2.34));
#9421=VECTOR('',#9422,1.0);
#9422=DIRECTION('',(0.0,-1.0,0.0));
#9423=CYLINDRICAL_SURFACE('',#9424,0.25);
#9424=AXIS2_PLACEMENT_3D('',#9425,#9426,#9427);
#9425=CARTESIAN_POINT('',(-0.895010263,1.7,-2.09));
#9426=DIRECTION('',(0.0,-1.0,0.0));
#9427=DIRECTION('',(0.0,0.0,-1.0));
#9428=ADVANCED_FACE('NONE',(#9429),#9439,.F.);
#9429=FACE_BOUND('NONE',#9430,.T.);
#9430=EDGE_LOOP('',(#9431,#9438));
#9431=ORIENTED_EDGE('',*,*,#9432,.T.);
#9432=EDGE_CURVE('NONE',#9391,#9393,#9433,.T.);
#9433=CIRCLE('',#9434,0.25);
#9434=AXIS2_PLACEMENT_3D('',#9435,#9436,#9437);
#9435=CARTESIAN_POINT('',(-0.895010263,1.7,-2.09));
#9436=DIRECTION('',(0.0,1.0,0.0));
#9437=DIRECTION('',(0.0,0.0,-1.0));
#9438=ORIENTED_EDGE('',*,*,#9390,.F.);
#9439=PLANE('',#9440);
#9440=AXIS2_PLACEMENT_3D('',#9441,#9442,#9443);
#9441=CARTESIAN_POINT('',(-1.148010263,1.7,-1.837));
#9442=DIRECTION('',(0.0,-1.0,0.0));
#9443=DIRECTION('',(0.0,0.0,-1.0));
#9444=ADVANCED_FACE('NONE',(#9445),#9455,.T.);
#9445=FACE_BOUND('NONE',#9446,.T.);
#9446=EDGE_LOOP('',(#9447,#9448));
#9447=ORIENTED_EDGE('',*,*,#9409,.F.);
#9448=ORIENTED_EDGE('',*,*,#9449,.T.);
#9449=EDGE_CURVE('NONE',#9402,#9410,#9450,.T.);
#9450=CIRCLE('',#9451,0.25);
#9451=AXIS2_PLACEMENT_3D('',#9452,#9453,#9454);
#9452=CARTESIAN_POINT('',(-0.895010263,1.5,-2.09));
#9453=DIRECTION('',(0.0,-1.0,0.0));
#9454=DIRECTION('',(0.0,0.0,-1.0));
#9455=PLANE('',#9456);
#9456=AXIS2_PLACEMENT_3D('',#9457,#9458,#9459);
#9457=CARTESIAN_POINT('',(-1.148010263,1.5,-1.837));
#9458=DIRECTION('',(0.0,-1.0,0.0));
#9459=DIRECTION('',(0.0,0.0,-1.0));
#9460=ADVANCED_FACE('NONE',(#9461),#9467,.T.);
#9461=FACE_BOUND('NONE',#9462,.T.);
#9462=EDGE_LOOP('',(#9463,#9464,#9465,#9466));
#9463=ORIENTED_EDGE('',*,*,#9401,.F.);
#9464=ORIENTED_EDGE('',*,*,#9432,.F.);
#9465=ORIENTED_EDGE('',*,*,#9418,.F.);
#9466=ORIENTED_EDGE('',*,*,#9449,.F.);
#9467=CYLINDRICAL_SURFACE('',#9468,0.25);
#9468=AXIS2_PLACEMENT_3D('',#9469,#9470,#9471);
#9469=CARTESIAN_POINT('',(-0.895010263,1.7,-2.09));
#9470=DIRECTION('',(0.0,-1.0,0.0));
#9471=DIRECTION('',(0.0,0.0,-1.0));
#9472=AXIS2_PLACEMENT_3D('',#9473,#9474,#9475);
#9473=CARTESIAN_POINT('',(0.0,0.0,0.0));
#9474=DIRECTION('',(0.0,0.0,1.0));
#9475=DIRECTION('',(1.0,0.0,0.0));
#9476=(GEOMETRIC_REPRESENTATION_CONTEXT(3)GLOBAL_UNCERTAINTY_ASSIGNED_CONTEXT((#9480))GLOBAL_UNIT_ASSIGNED_CONTEXT((#9477,#9478,#9479))REPRESENTATION_CONTEXT('',''));
#9477=(LENGTH_UNIT()NAMED_UNIT(*)SI_UNIT(.MILLI.,.METRE.));
#9478=(NAMED_UNIT(*)PLANE_ANGLE_UNIT()SI_UNIT($,.RADIAN.));
#9479=(NAMED_UNIT(*)SI_UNIT($,.STERADIAN.)SOLID_ANGLE_UNIT());
#9480=UNCERTAINTY_MEASURE_WITH_UNIT(LENGTH_MEASURE(6.098635181E-04),#9477,'','maximum tolerance');
#9481=ADVANCED_BREP_SHAPE_REPRESENTATION('',(#9,#9296,#9384,#9472),#9476);
#9482=SHAPE_DEFINITION_REPRESENTATION(#8,#9481);
#9483=PRODUCT_RELATED_PRODUCT_CATEGORY('part',$,(#4));
ENDSEC;
END-ISO-10303-21;
